{
  "viewer-trace": {
    "traces": {
      "harness.assertion.17": [
        {
          "detail": {
            "location": {
              "file": "<built-in-additions>",
              "function": null,
              "line": 24
            },
            "name": "__CPROVER_initialize",
            "name-path": "__CPROVER_initialize"
          },
          "hidden": true,
          "kind": "function-call",
          "location": {
            "file": "MISSING",
            "function": "MISSING",
            "line": 0
          }
        },
        {
          "detail": {
            "location": {
              "file": "<built-in-additions>",
              "function": null,
              "line": 24
            },
            "name": "__CPROVER_initialize",
            "name-path": "__CPROVER_initialize"
          },
          "hidden": true,
          "kind": "function-return",
          "location": {
            "file": "MISSING",
            "function": "MISSING",
            "line": 0
          }
        },
        {
          "detail": {
            "location": {
              "file": "cbmc/proofs/drive_create_linear_model/drive_create_linear_model_harness.c",
              "function": null,
              "line": 49
            },
            "name": "harness",
            "name-path": "harness"
          },
          "hidden": false,
          "kind": "function-call",
          "location": {
            "file": "cbmc/proofs/drive_create_linear_model/drive_create_linear_model_harness.c",
            "function": null,
            "line": 49
          }
        },
        {
          "detail": {
            "lhs": "max_displacement_deg",
            "lhs-lexical-scope": "harness::1::max_displacement_deg",
            "rhs-binary": "00000000 00000000 00101100 00011001",
            "rhs-value": "11289u"
          },
          "hidden": false,
          "kind": "variable-assignment",
          "location": {
            "file": "cbmc/proofs/drive_create_linear_model/drive_create_linear_model_harness.c",
            "function": "harness",
            "line": 63
          }
        },
        {
          "detail": {
            "lhs": "steps",
            "lhs-lexical-scope": "harness::1::steps",
            "rhs-binary": "00000000 00000000 00001000 00101010",
            "rhs-value": "2090u"
          },
          "hidden": false,
          "kind": "variable-assignment",
          "location": {
            "file": "cbmc/proofs/drive_create_linear_model/drive_create_linear_model_harness.c",
            "function": "harness",
            "line": 66
          }
        },
        {
          "detail": {
            "lhs": "rotation_speed_max",
            "lhs-lexical-scope": "harness::1::rotation_speed_max",
            "rhs-binary": "01011010",
            "rhs-value": "90"
          },
          "hidden": false,
          "kind": "variable-assignment",
          "location": {
            "file": "cbmc/proofs/drive_create_linear_model/drive_create_linear_model_harness.c",
            "function": "harness",
            "line": 68
          }
        },
        {
          "detail": {
            "location": {
              "file": "src/include/helpers/rotation_drive_model.h",
              "function": null,
              "line": 151
            },
            "name": "drive_speed_to_sps",
            "name-path": "drive_speed_to_sps"
          },
          "hidden": false,
          "kind": "function-call",
          "location": {
            "file": "cbmc/proofs/drive_create_linear_model/drive_create_linear_model_harness.c",
            "function": "harness",
            "line": 71
          }
        },
        {
          "detail": {
            "lhs": "speed",
            "lhs-lexical-scope": "drive_speed_to_sps::speed",
            "rhs-binary": "01011010",
            "rhs-value": "90"
          },
          "hidden": false,
          "kind": "parameter-assignment",
          "location": {
            "file": "cbmc/proofs/drive_create_linear_model/drive_create_linear_model_harness.c",
            "function": "harness",
            "line": 71
          }
        },
        {
          "detail": {
            "lhs": "goto_symex$$return_value$$drive_speed_to_sps",
            "lhs-lexical-scope": "goto_symex::return_value::drive_speed_to_sps",
            "rhs-binary": "01000000 10100001 11000110 00000000 00000000 00000000 00000000 00000000",
            "rhs-value": "2275.0"
          },
          "hidden": false,
          "kind": "variable-assignment",
          "location": {
            "file": "src/include/helpers/rotation_drive_model.h",
            "function": "drive_speed_to_sps",
            "line": 152
          }
        },
        {
          "detail": {
            "location": {
              "file": "src/include/helpers/rotation_drive_model.h",
              "function": null,
              "line": 151
            },
            "name": "drive_speed_to_sps",
            "name-path": "drive_speed_to_sps"
          },
          "hidden": false,
          "kind": "function-return",
          "location": {
            "file": "src/include/helpers/rotation_drive_model.h",
            "function": "drive_speed_to_sps",
            "line": 153
          }
        },
        {
          "detail": {
            "lhs": "return_value_drive_speed_to_sps",
            "lhs-lexical-scope": "harness::$tmp::return_value_drive_speed_to_sps",
            "rhs-binary": "01000000 10100001 11000110 00000000 00000000 00000000 00000000 00000000",
            "rhs-value": "2275.0"
          },
          "hidden": false,
          "kind": "variable-assignment",
          "location": {
            "file": "cbmc/proofs/drive_create_linear_model/drive_create_linear_model_harness.c",
            "function": "harness",
            "line": 71
          }
        },
        {
          "detail": {
            "lhs": "max_velocity",
            "lhs-lexical-scope": "harness::1::max_velocity",
            "rhs-binary": "01000000 10100001 11000110 00000000 00000000 00000000 00000000 00000000",
            "rhs-value": "2275.0"
          },
          "hidden": false,
          "kind": "variable-assignment",
          "location": {
            "file": "cbmc/proofs/drive_create_linear_model/drive_create_linear_model_harness.c",
            "function": "harness",
            "line": 71
          }
        },
        {
          "detail": {
            "lhs": "acceleration",
            "lhs-lexical-scope": "harness::1::acceleration",
            "rhs-binary": "01000000 10100010 10011010 00000000 00000000 00000000 00000000 00000000",
            "rhs-value": "2381.0"
          },
          "hidden": false,
          "kind": "variable-assignment",
          "location": {
            "file": "cbmc/proofs/drive_create_linear_model/drive_create_linear_model_harness.c",
            "function": "harness",
            "line": 72
          }
        },
        {
          "detail": {
            "lhs": "deceleration",
            "lhs-lexical-scope": "harness::1::deceleration",
            "rhs-binary": "11000000 10100010 10011010 00000000 00000000 00000000 00000000 00000000",
            "rhs-value": "-2381.0"
          },
          "hidden": false,
          "kind": "variable-assignment",
          "location": {
            "file": "cbmc/proofs/drive_create_linear_model/drive_create_linear_model_harness.c",
            "function": "harness",
            "line": 73
          }
        },
        {
          "detail": {
            "location": {
              "file": "<builtin-library-malloc>",
              "function": null,
              "line": 11
            },
            "name": "malloc",
            "name-path": "malloc"
          },
          "hidden": false,
          "kind": "function-call",
          "location": {
            "file": "cbmc/proofs/drive_create_linear_model/drive_create_linear_model_harness.c",
            "function": "harness",
            "line": 75
          }
        },
        {
          "detail": {
            "lhs": "malloc_size",
            "lhs-lexical-scope": "malloc::malloc_size",
            "rhs-binary": "00000000 00000000 00000000 00000000 00000000 00000000 00000000 00101000",
            "rhs-value": "sizeof(drive_model_t) /*40ul*/ "
          },
          "hidden": false,
          "kind": "parameter-assignment",
          "location": {
            "file": "cbmc/proofs/drive_create_linear_model/drive_create_linear_model_harness.c",
            "function": "harness",
            "line": 75
          }
        },
        {
          "detail": {
            "lhs": "return_value___VERIFIER_nondet___CPROVER_bool",
            "lhs-lexical-scope": "malloc::$tmp::return_value___VERIFIER_nondet___CPROVER_bool",
            "rhs-binary": null,
            "rhs-value": "FALSE"
          },
          "hidden": false,
          "kind": "variable-assignment",
          "location": {
            "file": "<builtin-library-malloc>",
            "function": "malloc",
            "line": 19
          }
        },
        {
          "detail": {
            "lhs": "should_malloc_fail",
            "lhs-lexical-scope": "malloc::1::1::should_malloc_fail",
            "rhs-binary": null,
            "rhs-value": "FALSE"
          },
          "hidden": false,
          "kind": "variable-assignment",
          "location": {
            "file": "<builtin-library-malloc>",
            "function": "malloc",
            "line": 19
          }
        },
        {
          "detail": {
            "lhs": "malloc_res",
            "lhs-lexical-scope": "malloc::1::malloc_res",
            "rhs-binary": null,
            "rhs-value": "NULL"
          },
          "hidden": false,
          "kind": "variable-assignment",
          "location": {
            "file": "<builtin-library-malloc>",
            "function": "malloc",
            "line": 42
          }
        },
        {
          "detail": {
            "lhs": "dynamic_object",
            "lhs-lexical-scope": "symex_dynamic::dynamic_object",
            "rhs-binary": null,
            "rhs-value": "{ .a=0, .d=0, .t_a=0.0, .t_d=0.0, .s_a=0u, .s_d=0u,\n    .v_top=0.0 }"
          },
          "hidden": false,
          "kind": "variable-assignment",
          "location": {
            "file": "<builtin-library-malloc>",
            "function": "malloc",
            "line": 43
          }
        },
        {
          "detail": {
            "lhs": "dynamic_object.a",
            "lhs-lexical-scope": "symex_dynamic::dynamic_object",
            "rhs-binary": "00000000 00000000 00000000 00000000",
            "rhs-value": "0"
          },
          "hidden": false,
          "kind": "variable-assignment",
          "location": {
            "file": "<builtin-library-malloc>",
            "function": "malloc",
            "line": 43
          }
        },
        {
          "detail": {
            "lhs": "dynamic_object.d",
            "lhs-lexical-scope": "symex_dynamic::dynamic_object",
            "rhs-binary": "00000000 00000000 00000000 00000000",
            "rhs-value": "0"
          },
          "hidden": false,
          "kind": "variable-assignment",
          "location": {
            "file": "<builtin-library-malloc>",
            "function": "malloc",
            "line": 43
          }
        },
        {
          "detail": {
            "lhs": "dynamic_object.t_a",
            "lhs-lexical-scope": "symex_dynamic::dynamic_object",
            "rhs-binary": "00000000 00000000 00000000 00000000 00000000 00000000 00000000 00000000",
            "rhs-value": "0.0"
          },
          "hidden": false,
          "kind": "variable-assignment",
          "location": {
            "file": "<builtin-library-malloc>",
            "function": "malloc",
            "line": 43
          }
        },
        {
          "detail": {
            "lhs": "dynamic_object.t_d",
            "lhs-lexical-scope": "symex_dynamic::dynamic_object",
            "rhs-binary": "00000000 00000000 00000000 00000000 00000000 00000000 00000000 00000000",
            "rhs-value": "0.0"
          },
          "hidden": false,
          "kind": "variable-assignment",
          "location": {
            "file": "<builtin-library-malloc>",
            "function": "malloc",
            "line": 43
          }
        },
        {
          "detail": {
            "lhs": "dynamic_object.s_a",
            "lhs-lexical-scope": "symex_dynamic::dynamic_object",
            "rhs-binary": "00000000 00000000 00000000 00000000",
            "rhs-value": "0u"
          },
          "hidden": false,
          "kind": "variable-assignment",
          "location": {
            "file": "<builtin-library-malloc>",
            "function": "malloc",
            "line": 43
          }
        },
        {
          "detail": {
            "lhs": "dynamic_object.s_d",
            "lhs-lexical-scope": "symex_dynamic::dynamic_object",
            "rhs-binary": "00000000 00000000 00000000 00000000",
            "rhs-value": "0u"
          },
          "hidden": false,
          "kind": "variable-assignment",
          "location": {
            "file": "<builtin-library-malloc>",
            "function": "malloc",
            "line": 43
          }
        },
        {
          "detail": {
            "lhs": "dynamic_object.v_top",
            "lhs-lexical-scope": "symex_dynamic::dynamic_object",
            "rhs-binary": "00000000 00000000 00000000 00000000 00000000 00000000 00000000 00000000",
            "rhs-value": "0.0"
          },
          "hidden": false,
          "kind": "variable-assignment",
          "location": {
            "file": "<builtin-library-malloc>",
            "function": "malloc",
            "line": 43
          }
        },
        {
          "detail": {
            "lhs": "malloc_value",
            "lhs-lexical-scope": "malloc::$tmp::malloc_value",
            "rhs-binary": null,
            "rhs-value": "(const void *)&dynamic_object.a"
          },
          "hidden": false,
          "kind": "variable-assignment",
          "location": {
            "file": "<builtin-library-malloc>",
            "function": "malloc",
            "line": 43
          }
        },
        {
          "detail": {
            "lhs": "malloc_res",
            "lhs-lexical-scope": "malloc::1::malloc_res",
            "rhs-binary": null,
            "rhs-value": "(const void *)&dynamic_object.a"
          },
          "hidden": false,
          "kind": "variable-assignment",
          "location": {
            "file": "<builtin-library-malloc>",
            "function": "malloc",
            "line": 43
          }
        },
        {
          "detail": {
            "lhs": "return_value___VERIFIER_nondet___CPROVER_bool$1",
            "lhs-lexical-scope": "malloc::$tmp::return_value___VERIFIER_nondet___CPROVER_bool$1",
            "rhs-binary": null,
            "rhs-value": "FALSE"
          },
          "hidden": false,
          "kind": "variable-assignment",
          "location": {
            "file": "<builtin-library-malloc>",
            "function": "malloc",
            "line": 46
          }
        },
        {
          "detail": {
            "lhs": "record_malloc",
            "lhs-lexical-scope": "malloc::1::record_malloc",
            "rhs-binary": null,
            "rhs-value": "FALSE"
          },
          "hidden": false,
          "kind": "variable-assignment",
          "location": {
            "file": "<builtin-library-malloc>",
            "function": "malloc",
            "line": 46
          }
        },
        {
          "detail": {
            "lhs": "__CPROVER_malloc_is_new_array",
            "lhs-lexical-scope": "__CPROVER_malloc_is_new_array",
            "rhs-binary": null,
            "rhs-value": "FALSE"
          },
          "hidden": false,
          "kind": "variable-assignment",
          "location": {
            "file": "<builtin-library-malloc>",
            "function": "malloc",
            "line": 47
          }
        },
        {
          "detail": {
            "lhs": "return_value___VERIFIER_nondet___CPROVER_bool$2",
            "lhs-lexical-scope": "malloc::$tmp::return_value___VERIFIER_nondet___CPROVER_bool$2",
            "rhs-binary": null,
            "rhs-value": "FALSE"
          },
          "hidden": false,
          "kind": "variable-assignment",
          "location": {
            "file": "<builtin-library-malloc>",
            "function": "malloc",
            "line": 51
          }
        },
        {
          "detail": {
            "lhs": "record_may_leak",
            "lhs-lexical-scope": "malloc::1::record_may_leak",
            "rhs-binary": null,
            "rhs-value": "FALSE"
          },
          "hidden": false,
          "kind": "variable-assignment",
          "location": {
            "file": "<builtin-library-malloc>",
            "function": "malloc",
            "line": 51
          }
        },
        {
          "detail": {
            "lhs": "__CPROVER_memory_leak",
            "lhs-lexical-scope": "__CPROVER_memory_leak",
            "rhs-binary": null,
            "rhs-value": "NULL"
          },
          "hidden": false,
          "kind": "variable-assignment",
          "location": {
            "file": "<builtin-library-malloc>",
            "function": "malloc",
            "line": 52
          }
        },
        {
          "detail": {
            "lhs": "goto_symex$$return_value$$malloc",
            "lhs-lexical-scope": "goto_symex::return_value::malloc",
            "rhs-binary": null,
            "rhs-value": "(const void *)&dynamic_object.a"
          },
          "hidden": false,
          "kind": "variable-assignment",
          "location": {
            "file": "<builtin-library-malloc>",
            "function": "malloc",
            "line": 58
          }
        },
        {
          "detail": {
            "location": {
              "file": "<builtin-library-malloc>",
              "function": null,
              "line": 11
            },
            "name": "malloc",
            "name-path": "malloc"
          },
          "hidden": false,
          "kind": "function-return",
          "location": {
            "file": "<builtin-library-malloc>",
            "function": "malloc",
            "line": 59
          }
        },
        {
          "detail": {
            "lhs": "return_value_malloc",
            "lhs-lexical-scope": "harness::$tmp::return_value_malloc",
            "rhs-binary": null,
            "rhs-value": "(const void *)&dynamic_object.a"
          },
          "hidden": false,
          "kind": "variable-assignment",
          "location": {
            "file": "cbmc/proofs/drive_create_linear_model/drive_create_linear_model_harness.c",
            "function": "harness",
            "line": 75
          }
        },
        {
          "detail": {
            "lhs": "drive_model",
            "lhs-lexical-scope": "harness::1::drive_model",
            "rhs-binary": null,
            "rhs-value": "&dynamic_object"
          },
          "hidden": false,
          "kind": "variable-assignment",
          "location": {
            "file": "cbmc/proofs/drive_create_linear_model/drive_create_linear_model_harness.c",
            "function": "harness",
            "line": 75
          }
        },
        {
          "detail": {
            "location": {
              "file": "src/helpers/rotation_drive_model.c",
              "function": null,
              "line": 20
            },
            "name": "drive_create_linear_model",
            "name-path": "drive_create_linear_model"
          },
          "hidden": false,
          "kind": "function-call",
          "location": {
            "file": "cbmc/proofs/drive_create_linear_model/drive_create_linear_model_harness.c",
            "function": "harness",
            "line": 78
          }
        },
        {
          "detail": {
            "lhs": "steps",
            "lhs-lexical-scope": "drive_create_linear_model::steps",
            "rhs-binary": "00000000 00000000 00001000 00101010",
            "rhs-value": "2090u"
          },
          "hidden": false,
          "kind": "parameter-assignment",
          "location": {
            "file": "cbmc/proofs/drive_create_linear_model/drive_create_linear_model_harness.c",
            "function": "harness",
            "line": 78
          }
        },
        {
          "detail": {
            "lhs": "a",
            "lhs-lexical-scope": "drive_create_linear_model::a",
            "rhs-binary": "01000000 10100010 10011010 00000000 00000000 00000000 00000000 00000000",
            "rhs-value": "2381.0"
          },
          "hidden": false,
          "kind": "parameter-assignment",
          "location": {
            "file": "cbmc/proofs/drive_create_linear_model/drive_create_linear_model_harness.c",
            "function": "harness",
            "line": 78
          }
        },
        {
          "detail": {
            "lhs": "d",
            "lhs-lexical-scope": "drive_create_linear_model::d",
            "rhs-binary": "11000000 10100010 10011010 00000000 00000000 00000000 00000000 00000000",
            "rhs-value": "-2381.0"
          },
          "hidden": false,
          "kind": "parameter-assignment",
          "location": {
            "file": "cbmc/proofs/drive_create_linear_model/drive_create_linear_model_harness.c",
            "function": "harness",
            "line": 78
          }
        },
        {
          "detail": {
            "lhs": "v_max",
            "lhs-lexical-scope": "drive_create_linear_model::v_max",
            "rhs-binary": "01000000 10100001 11000110 00000000 00000000 00000000 00000000 00000000",
            "rhs-value": "2275.0"
          },
          "hidden": false,
          "kind": "parameter-assignment",
          "location": {
            "file": "cbmc/proofs/drive_create_linear_model/drive_create_linear_model_harness.c",
            "function": "harness",
            "line": 78
          }
        },
        {
          "detail": {
            "lhs": "model",
            "lhs-lexical-scope": "drive_create_linear_model::model",
            "rhs-binary": null,
            "rhs-value": "&dynamic_object"
          },
          "hidden": false,
          "kind": "parameter-assignment",
          "location": {
            "file": "cbmc/proofs/drive_create_linear_model/drive_create_linear_model_harness.c",
            "function": "harness",
            "line": 78
          }
        },
        {
          "detail": {
            "lhs": "dynamic_object.a",
            "lhs-lexical-scope": "symex_dynamic::dynamic_object",
            "rhs-binary": "00000000 00000000 00001001 01001101",
            "rhs-value": "2381"
          },
          "hidden": false,
          "kind": "variable-assignment",
          "location": {
            "file": "src/helpers/rotation_drive_model.c",
            "function": "drive_create_linear_model",
            "line": 21
          }
        },
        {
          "detail": {
            "lhs": "dynamic_object.d",
            "lhs-lexical-scope": "symex_dynamic::dynamic_object",
            "rhs-binary": "11111111 11111111 11110110 10110011",
            "rhs-value": "-2381"
          },
          "hidden": false,
          "kind": "variable-assignment",
          "location": {
            "file": "src/helpers/rotation_drive_model.c",
            "function": "drive_create_linear_model",
            "line": 22
          }
        },
        {
          "detail": {
            "location": {
              "file": "cbmc/proofs/drive_create_linear_model/drive_create_linear_model_harness.c",
              "function": null,
              "line": 28
            },
            "name": "__builtin_sqrt",
            "name-path": "__builtin_sqrt"
          },
          "hidden": false,
          "kind": "function-call",
          "location": {
            "file": "src/helpers/rotation_drive_model.c",
            "function": "drive_create_linear_model",
            "line": 28
          }
        },
        {
          "detail": {
            "lhs": "x",
            "lhs-lexical-scope": "__builtin_sqrt::x",
            "rhs-binary": "00111111 11101100 00010110 11001011 00110101 01101111 10110110 00000111",
            "rhs-value": "0.877782"
          },
          "hidden": false,
          "kind": "parameter-assignment",
          "location": {
            "file": "src/helpers/rotation_drive_model.c",
            "function": "drive_create_linear_model",
            "line": 28
          }
        },
        {
          "detail": {
            "lhs": "root",
            "lhs-lexical-scope": "__builtin_sqrt::1::root",
            "rhs-binary": "00111111 11101101 11111011 00010110 10100100 10000001 10100110 11110101",
            "rhs-value": "0.9369"
          },
          "hidden": false,
          "kind": "variable-assignment",
          "location": {
            "file": "cbmc/proofs/drive_create_linear_model/drive_create_linear_model_harness.c",
            "function": "__builtin_sqrt",
            "line": 38
          }
        },
        {
          "detail": {
            "lhs": "goto_symex$$return_value$$__builtin_sqrt",
            "lhs-lexical-scope": "goto_symex::return_value::__builtin_sqrt",
            "rhs-binary": "00111111 11101101 11111011 00010110 10100100 10000001 10100110 11110101",
            "rhs-value": "0.9369"
          },
          "hidden": false,
          "kind": "variable-assignment",
          "location": {
            "file": "cbmc/proofs/drive_create_linear_model/drive_create_linear_model_harness.c",
            "function": "__builtin_sqrt",
            "line": 41
          }
        },
        {
          "detail": {
            "location": {
              "file": "cbmc/proofs/drive_create_linear_model/drive_create_linear_model_harness.c",
              "function": null,
              "line": 28
            },
            "name": "__builtin_sqrt",
            "name-path": "__builtin_sqrt"
          },
          "hidden": false,
          "kind": "function-return",
          "location": {
            "file": "cbmc/proofs/drive_create_linear_model/drive_create_linear_model_harness.c",
            "function": "__builtin_sqrt",
            "line": 42
          }
        },
        {
          "detail": {
            "lhs": "return_value___builtin_sqrt",
            "lhs-lexical-scope": "drive_create_linear_model::$tmp::return_value___builtin_sqrt",
            "rhs-binary": "00111111 11101101 11111011 00010110 10100100 10000001 10100110 11110101",
            "rhs-value": "0.9369"
          },
          "hidden": false,
          "kind": "variable-assignment",
          "location": {
            "file": "src/helpers/rotation_drive_model.c",
            "function": "drive_create_linear_model",
            "line": 28
          }
        },
        {
          "detail": {
            "lhs": "t_a",
            "lhs-lexical-scope": "drive_create_linear_model::1::t_a",
            "rhs-binary": "00111111 11101101 11111011 00010110 10100100 10000001 10100110 11110101",
            "rhs-value": "0.9369"
          },
          "hidden": false,
          "kind": "variable-assignment",
          "location": {
            "file": "src/helpers/rotation_drive_model.c",
            "function": "drive_create_linear_model",
            "line": 28
          }
        },
        {
          "detail": {
            "lhs": "t_d",
            "lhs-lexical-scope": "drive_create_linear_model::1::t_d",
            "rhs-binary": "00111111 11101101 11111011 00010110 10100100 10000001 10100110 11110100",
            "rhs-value": "0.9369"
          },
          "hidden": false,
          "kind": "variable-assignment",
          "location": {
            "file": "src/helpers/rotation_drive_model.c",
            "function": "drive_create_linear_model",
            "line": 29
          }
        },
        {
          "detail": {
            "lhs": "v_top",
            "lhs-lexical-scope": "drive_create_linear_model::1::v_top",
            "rhs-binary": "01000000 10100001 01101101 10000101 00011001 10000000 10011101 11011101",
            "rhs-value": "2230.75996"
          },
          "hidden": false,
          "kind": "variable-assignment",
          "location": {
            "file": "src/helpers/rotation_drive_model.c",
            "function": "drive_create_linear_model",
            "line": 32
          }
        },
        {
          "detail": {
            "lhs": "dynamic_object.v_top",
            "lhs-lexical-scope": "symex_dynamic::dynamic_object",
            "rhs-binary": "01000000 10100001 01101101 10000101 00011001 10000000 10011101 11011101",
            "rhs-value": "2230.75996"
          },
          "hidden": false,
          "kind": "variable-assignment",
          "location": {
            "file": "src/helpers/rotation_drive_model.c",
            "function": "drive_create_linear_model",
            "line": 41
          }
        },
        {
          "detail": {
            "lhs": "dynamic_object.t_a",
            "lhs-lexical-scope": "symex_dynamic::dynamic_object",
            "rhs-binary": "00111111 11101101 11111011 00010110 10100100 10000001 10100110 11110101",
            "rhs-value": "0.9369"
          },
          "hidden": false,
          "kind": "variable-assignment",
          "location": {
            "file": "src/helpers/rotation_drive_model.c",
            "function": "drive_create_linear_model",
            "line": 43
          }
        },
        {
          "detail": {
            "lhs": "dynamic_object.t_d",
            "lhs-lexical-scope": "symex_dynamic::dynamic_object",
            "rhs-binary": "00111111 11101101 11111011 00010110 10100100 10000001 10100110 11110100",
            "rhs-value": "0.9369"
          },
          "hidden": false,
          "kind": "variable-assignment",
          "location": {
            "file": "src/helpers/rotation_drive_model.c",
            "function": "drive_create_linear_model",
            "line": 44
          }
        },
        {
          "detail": {
            "lhs": "dynamic_object.s_a",
            "lhs-lexical-scope": "symex_dynamic::dynamic_object",
            "rhs-binary": "00000000 00000000 00000100 00010101",
            "rhs-value": "1045u"
          },
          "hidden": false,
          "kind": "variable-assignment",
          "location": {
            "file": "src/helpers/rotation_drive_model.c",
            "function": "drive_create_linear_model",
            "line": 47
          }
        },
        {
          "detail": {
            "lhs": "dynamic_object.s_d",
            "lhs-lexical-scope": "symex_dynamic::dynamic_object",
            "rhs-binary": "00000000 00000000 00000100 00010100",
            "rhs-value": "1044u"
          },
          "hidden": false,
          "kind": "variable-assignment",
          "location": {
            "file": "src/helpers/rotation_drive_model.c",
            "function": "drive_create_linear_model",
            "line": 48
          }
        },
        {
          "detail": {
            "location": {
              "file": "src/helpers/rotation_drive_model.c",
              "function": null,
              "line": 20
            },
            "name": "drive_create_linear_model",
            "name-path": "drive_create_linear_model"
          },
          "hidden": false,
          "kind": "function-return",
          "location": {
            "file": "src/helpers/rotation_drive_model.c",
            "function": "drive_create_linear_model",
            "line": 49
          }
        },
        {
          "detail": {
            "lhs": "max_acceleration",
            "lhs-lexical-scope": "harness::1::2::max_acceleration",
            "rhs-binary": "00111111 11101110 10010011 01001100 10101001 00000100 10011111 10001110",
            "rhs-value": "0.955481"
          },
          "hidden": false,
          "kind": "variable-assignment",
          "location": {
            "file": "cbmc/proofs/drive_create_linear_model/drive_create_linear_model_harness.c",
            "function": "harness",
            "line": 90
          }
        },
        {
          "detail": {
            "lhs": "max_deceleration",
            "lhs-lexical-scope": "harness::1::2::max_deceleration",
            "rhs-binary": "00111111 11101110 10010011 01001100 10101001 00000100 10011111 10001110",
            "rhs-value": "0.955481"
          },
          "hidden": false,
          "kind": "variable-assignment",
          "location": {
            "file": "cbmc/proofs/drive_create_linear_model/drive_create_linear_model_harness.c",
            "function": "harness",
            "line": 91
          }
        },
        {
          "detail": {
            "lhs": "max_steps_accelerating",
            "lhs-lexical-scope": "harness::1::2::max_steps_accelerating",
            "rhs-binary": "01000000 10010000 11111011 01110000 00100100 00100000 01000001 01011111",
            "rhs-value": "1086.859513"
          },
          "hidden": false,
          "kind": "variable-assignment",
          "location": {
            "file": "cbmc/proofs/drive_create_linear_model/drive_create_linear_model_harness.c",
            "function": "harness",
            "line": 92
          }
        },
        {
          "detail": {
            "lhs": "max_steps_decelerating",
            "lhs-lexical-scope": "harness::1::2::max_steps_decelerating",
            "rhs-binary": "01000000 10010000 11111011 01110000 00100100 00100000 01000001 01011111",
            "rhs-value": "1086.859513"
          },
          "hidden": false,
          "kind": "variable-assignment",
          "location": {
            "file": "cbmc/proofs/drive_create_linear_model/drive_create_linear_model_harness.c",
            "function": "harness",
            "line": 93
          }
        },
        {
          "detail": {
            "lhs": "eps",
            "lhs-lexical-scope": "harness::1::2::eps",
            "rhs-binary": "00111110 01111010 11010111 11110010 10011010 10111100 10101111 01001000",
            "rhs-value": "1.000000e-7"
          },
          "hidden": false,
          "kind": "variable-assignment",
          "location": {
            "file": "cbmc/proofs/drive_create_linear_model/drive_create_linear_model_harness.c",
            "function": "harness",
            "line": 94
          }
        },
        {
          "detail": {
            "property": "harness.assertion.17",
            "reason": "assertion __CPROVER_fabs(drive_model->s_a - drive_model->s_d) < eps"
          },
          "hidden": false,
          "kind": "failure",
          "location": {
            "file": "cbmc/proofs/drive_create_linear_model/drive_create_linear_model_harness.c",
            "function": "harness",
            "line": 110
          }
        },
        {
          "detail": {
            "location": {
              "file": "cbmc/proofs/drive_create_linear_model/drive_create_linear_model_harness.c",
              "function": null,
              "line": 49
            },
            "name": "harness",
            "name-path": "harness"
          },
          "hidden": true,
          "kind": "function-return",
          "location": {
            "file": "cbmc/proofs/drive_create_linear_model/drive_create_linear_model_harness.c",
            "function": "harness",
            "line": 110
          }
        }
      ]
    }
  }
}
