{
  "viewer-property": {
    "properties": {
      "__builtin_sqrt.NaN.1": {
        "class": "NaN",
        "description": "NaN on * in root * root",
        "expression": "(!isinf(root) || !IEEE_FLOAT_EQUAL(root, 0.0)) && (!IEEE_FLOAT_EQUAL(root, 0.0) || !isinf(root))",
        "location": {
          "file": "cbmc/proofs/drive_create_linear_model/drive_create_linear_model_harness.c",
          "function": "__builtin_sqrt",
          "line": 40
        }
      },
      "__builtin_sqrt.assertion.1": {
        "class": "assertion",
        "description": "assertion x >= 0",
        "expression": "x >= FLOAT_TYPECAST(0, double, __CPROVER_rounding_mode)",
        "location": {
          "file": "cbmc/proofs/drive_create_linear_model/drive_create_linear_model_harness.c",
          "function": "__builtin_sqrt",
          "line": 31
        }
      },
      "__builtin_sqrt.assertion.2": {
        "class": "assertion",
        "description": "assertion x < 30",
        "expression": "x < FLOAT_TYPECAST(30, double, __CPROVER_rounding_mode)",
        "location": {
          "file": "cbmc/proofs/drive_create_linear_model/drive_create_linear_model_harness.c",
          "function": "__builtin_sqrt",
          "line": 32
        }
      },
      "__builtin_sqrt.overflow.1": {
        "class": "overflow",
        "description": "arithmetic overflow on floating-point multiplication in root * root",
        "expression": "isinf(root) || !isinf(FLOAT*(root, root, __CPROVER_rounding_mode))",
        "location": {
          "file": "cbmc/proofs/drive_create_linear_model/drive_create_linear_model_harness.c",
          "function": "__builtin_sqrt",
          "line": 40
        }
      },
      "drive_create_linear_model.NaN.1": {
        "class": "NaN",
        "description": "NaN on * in -2.0 * d * (double)steps",
        "expression": "(!isinf(FLOAT*(-2.0, d, __CPROVER_rounding_mode)) || !IEEE_FLOAT_EQUAL(FLOAT_TYPECAST(steps, double, __CPROVER_rounding_mode), 0.0)) && (!IEEE_FLOAT_EQUAL(FLOAT_TYPECAST(steps, double, __CPROVER_rounding_mode), 0.0) || !isinf(FLOAT*(-2.0, d, __CPROVER_rounding_mode)))",
        "location": {
          "file": "src/helpers/rotation_drive_model.c",
          "function": "drive_create_linear_model",
          "line": 28
        }
      },
      "drive_create_linear_model.NaN.10": {
        "class": "NaN",
        "description": "NaN on * in a * t_a * t_a",
        "expression": "(!isinf(a) || !IEEE_FLOAT_EQUAL(FLOAT*(t_a, t_a, __CPROVER_rounding_mode), 0.0)) && (!IEEE_FLOAT_EQUAL(FLOAT*(t_a, t_a, __CPROVER_rounding_mode), 0.0) || !isinf(a))",
        "location": {
          "file": "src/helpers/rotation_drive_model.c",
          "function": "drive_create_linear_model",
          "line": 47
        }
      },
      "drive_create_linear_model.NaN.11": {
        "class": "NaN",
        "description": "NaN on * in t_d * t_d",
        "expression": "(!isinf(t_d) || !IEEE_FLOAT_EQUAL(t_d, 0.0)) && (!IEEE_FLOAT_EQUAL(t_d, 0.0) || !isinf(t_d))",
        "location": {
          "file": "src/helpers/rotation_drive_model.c",
          "function": "drive_create_linear_model",
          "line": 48
        }
      },
      "drive_create_linear_model.NaN.12": {
        "class": "NaN",
        "description": "NaN on * in -d * t_d * t_d",
        "expression": "(!isinf(-d) || !IEEE_FLOAT_EQUAL(FLOAT*(t_d, t_d, __CPROVER_rounding_mode), 0.0)) && (!IEEE_FLOAT_EQUAL(FLOAT*(t_d, t_d, __CPROVER_rounding_mode), 0.0) || !isinf(-d))",
        "location": {
          "file": "src/helpers/rotation_drive_model.c",
          "function": "drive_create_linear_model",
          "line": 48
        }
      },
      "drive_create_linear_model.NaN.2": {
        "class": "NaN",
        "description": "NaN on - in a - d",
        "expression": "(!(a == +INFINITY) || !(d == +INFINITY)) && (!(a == -INFINITY) || !(d == -INFINITY))",
        "location": {
          "file": "src/helpers/rotation_drive_model.c",
          "function": "drive_create_linear_model",
          "line": 28
        }
      },
      "drive_create_linear_model.NaN.3": {
        "class": "NaN",
        "description": "NaN on * in a * (a - d)",
        "expression": "(!isinf(a) || !IEEE_FLOAT_EQUAL(FLOAT+(a, -d, __CPROVER_rounding_mode), 0.0)) && (!IEEE_FLOAT_EQUAL(FLOAT+(a, -d, __CPROVER_rounding_mode), 0.0) || !isinf(a))",
        "location": {
          "file": "src/helpers/rotation_drive_model.c",
          "function": "drive_create_linear_model",
          "line": 28
        }
      },
      "drive_create_linear_model.NaN.4": {
        "class": "NaN",
        "description": "NaN on / in (-2.0 * d * (double)steps) / (a * (a - d))",
        "expression": "(!IEEE_FLOAT_EQUAL(FLOAT*(FLOAT*(-2.0, d, __CPROVER_rounding_mode), FLOAT_TYPECAST(steps, double, __CPROVER_rounding_mode), __CPROVER_rounding_mode), 0.0) || !IEEE_FLOAT_EQUAL(FLOAT*(a, FLOAT+(a, -d, __CPROVER_rounding_mode), __CPROVER_rounding_mode), 0.0)) && !isinf(FLOAT*(a, FLOAT+(a, -d, __CPROVER_rounding_mode), __CPROVER_rounding_mode))",
        "location": {
          "file": "src/helpers/rotation_drive_model.c",
          "function": "drive_create_linear_model",
          "line": 28
        }
      },
      "drive_create_linear_model.NaN.5": {
        "class": "NaN",
        "description": "NaN on * in t_a * a",
        "expression": "(!isinf(t_a) || !IEEE_FLOAT_EQUAL(a, 0.0)) && (!IEEE_FLOAT_EQUAL(a, 0.0) || !isinf(t_a))",
        "location": {
          "file": "src/helpers/rotation_drive_model.c",
          "function": "drive_create_linear_model",
          "line": 29
        }
      },
      "drive_create_linear_model.NaN.6": {
        "class": "NaN",
        "description": "NaN on / in (t_a * a) / (-1.0 * d)",
        "expression": "(!IEEE_FLOAT_EQUAL(FLOAT*(t_a, a, __CPROVER_rounding_mode), 0.0) || !IEEE_FLOAT_EQUAL(FLOAT*(-1.0, d, __CPROVER_rounding_mode), 0.0)) && !isinf(FLOAT*(-1.0, d, __CPROVER_rounding_mode))",
        "location": {
          "file": "src/helpers/rotation_drive_model.c",
          "function": "drive_create_linear_model",
          "line": 29
        }
      },
      "drive_create_linear_model.NaN.7": {
        "class": "NaN",
        "description": "NaN on / in (double)v_max / a",
        "expression": "(!IEEE_FLOAT_EQUAL(v_max, 0.0) || !IEEE_FLOAT_EQUAL(a, 0.0)) && !isinf(a)",
        "location": {
          "file": "src/helpers/rotation_drive_model.c",
          "function": "drive_create_linear_model",
          "line": 37
        }
      },
      "drive_create_linear_model.NaN.8": {
        "class": "NaN",
        "description": "NaN on / in (double)v_max / -d",
        "expression": "(!IEEE_FLOAT_EQUAL(v_max, 0.0) || !IEEE_FLOAT_EQUAL(-d, 0.0)) && !isinf(-d)",
        "location": {
          "file": "src/helpers/rotation_drive_model.c",
          "function": "drive_create_linear_model",
          "line": 38
        }
      },
      "drive_create_linear_model.NaN.9": {
        "class": "NaN",
        "description": "NaN on * in t_a * t_a",
        "expression": "(!isinf(t_a) || !IEEE_FLOAT_EQUAL(t_a, 0.0)) && (!IEEE_FLOAT_EQUAL(t_a, 0.0) || !isinf(t_a))",
        "location": {
          "file": "src/helpers/rotation_drive_model.c",
          "function": "drive_create_linear_model",
          "line": 47
        }
      },
      "drive_create_linear_model.division-by-zero.1": {
        "class": "division-by-zero",
        "description": "division by zero in (-2.0 * d * (double)steps) / (a * (a - d))",
        "expression": "FLOAT*(a, FLOAT+(a, -d, __CPROVER_rounding_mode), __CPROVER_rounding_mode) != 0.0",
        "location": {
          "file": "src/helpers/rotation_drive_model.c",
          "function": "drive_create_linear_model",
          "line": 28
        }
      },
      "drive_create_linear_model.division-by-zero.2": {
        "class": "division-by-zero",
        "description": "division by zero in (t_a * a) / (-1.0 * d)",
        "expression": "FLOAT*(-1.0, d, __CPROVER_rounding_mode) != 0.0",
        "location": {
          "file": "src/helpers/rotation_drive_model.c",
          "function": "drive_create_linear_model",
          "line": 29
        }
      },
      "drive_create_linear_model.division-by-zero.3": {
        "class": "division-by-zero",
        "description": "division by zero in (double)v_max / a",
        "expression": "a != 0.0",
        "location": {
          "file": "src/helpers/rotation_drive_model.c",
          "function": "drive_create_linear_model",
          "line": 37
        }
      },
      "drive_create_linear_model.division-by-zero.4": {
        "class": "division-by-zero",
        "description": "division by zero in (double)v_max / -d",
        "expression": "-d != 0.0",
        "location": {
          "file": "src/helpers/rotation_drive_model.c",
          "function": "drive_create_linear_model",
          "line": 38
        }
      },
      "drive_create_linear_model.overflow.1": {
        "class": "overflow",
        "description": "arithmetic overflow on float to signed integer type conversion in (int32_t)a",
        "expression": "a > -2.147484e+9 && a < 2.147484e+9",
        "location": {
          "file": "src/helpers/rotation_drive_model.c",
          "function": "drive_create_linear_model",
          "line": 21
        }
      },
      "drive_create_linear_model.overflow.10": {
        "class": "overflow",
        "description": "arithmetic overflow on floating-point division in (t_a * a) / (-1.0 * d)",
        "expression": "isinf(FLOAT*(t_a, a, __CPROVER_rounding_mode)) || !isinf(FLOAT/(FLOAT*(t_a, a, __CPROVER_rounding_mode), FLOAT*(-1.0, d, __CPROVER_rounding_mode), __CPROVER_rounding_mode))",
        "location": {
          "file": "src/helpers/rotation_drive_model.c",
          "function": "drive_create_linear_model",
          "line": 29
        }
      },
      "drive_create_linear_model.overflow.11": {
        "class": "overflow",
        "description": "arithmetic overflow on floating-point division in (double)v_max / a",
        "expression": "isinf(v_max) || !isinf(FLOAT/(v_max, a, __CPROVER_rounding_mode))",
        "location": {
          "file": "src/helpers/rotation_drive_model.c",
          "function": "drive_create_linear_model",
          "line": 37
        }
      },
      "drive_create_linear_model.overflow.12": {
        "class": "overflow",
        "description": "arithmetic overflow on floating-point division in (double)v_max / -d",
        "expression": "isinf(v_max) || !isinf(FLOAT/(v_max, -d, __CPROVER_rounding_mode))",
        "location": {
          "file": "src/helpers/rotation_drive_model.c",
          "function": "drive_create_linear_model",
          "line": 38
        }
      },
      "drive_create_linear_model.overflow.13": {
        "class": "overflow",
        "description": "arithmetic overflow on floating-point multiplication in t_a * t_a",
        "expression": "isinf(t_a) || !isinf(FLOAT*(t_a, t_a, __CPROVER_rounding_mode))",
        "location": {
          "file": "src/helpers/rotation_drive_model.c",
          "function": "drive_create_linear_model",
          "line": 47
        }
      },
      "drive_create_linear_model.overflow.14": {
        "class": "overflow",
        "description": "arithmetic overflow on floating-point multiplication in a * t_a * t_a",
        "expression": "isinf(a) || isinf(FLOAT*(t_a, t_a, __CPROVER_rounding_mode)) || !isinf(FLOAT*(a, FLOAT*(t_a, t_a, __CPROVER_rounding_mode), __CPROVER_rounding_mode))",
        "location": {
          "file": "src/helpers/rotation_drive_model.c",
          "function": "drive_create_linear_model",
          "line": 47
        }
      },
      "drive_create_linear_model.overflow.15": {
        "class": "overflow",
        "description": "arithmetic overflow on floating-point division in (a * t_a * t_a) / (double)2",
        "expression": "isinf(FLOAT*(a, FLOAT*(t_a, t_a, __CPROVER_rounding_mode), __CPROVER_rounding_mode)) || !isinf(FLOAT/(FLOAT*(a, FLOAT*(t_a, t_a, __CPROVER_rounding_mode), __CPROVER_rounding_mode), 2.0, __CPROVER_rounding_mode))",
        "location": {
          "file": "src/helpers/rotation_drive_model.c",
          "function": "drive_create_linear_model",
          "line": 47
        }
      },
      "drive_create_linear_model.overflow.16": {
        "class": "overflow",
        "description": "arithmetic overflow on float to unsigned integer type conversion in (uint32_t)((a * t_a * t_a) / (double)2)",
        "expression": "FLOAT/(FLOAT*(a, FLOAT*(t_a, t_a, __CPROVER_rounding_mode), __CPROVER_rounding_mode), 2.0, __CPROVER_rounding_mode) > -1.0 && FLOAT/(FLOAT*(a, FLOAT*(t_a, t_a, __CPROVER_rounding_mode), __CPROVER_rounding_mode), 2.0, __CPROVER_rounding_mode) < 4.294967e+9",
        "location": {
          "file": "src/helpers/rotation_drive_model.c",
          "function": "drive_create_linear_model",
          "line": 47
        }
      },
      "drive_create_linear_model.overflow.17": {
        "class": "overflow",
        "description": "arithmetic overflow on floating-point multiplication in t_d * t_d",
        "expression": "isinf(t_d) || !isinf(FLOAT*(t_d, t_d, __CPROVER_rounding_mode))",
        "location": {
          "file": "src/helpers/rotation_drive_model.c",
          "function": "drive_create_linear_model",
          "line": 48
        }
      },
      "drive_create_linear_model.overflow.18": {
        "class": "overflow",
        "description": "arithmetic overflow on floating-point multiplication in -d * t_d * t_d",
        "expression": "isinf(-d) || isinf(FLOAT*(t_d, t_d, __CPROVER_rounding_mode)) || !isinf(FLOAT*(-d, FLOAT*(t_d, t_d, __CPROVER_rounding_mode), __CPROVER_rounding_mode))",
        "location": {
          "file": "src/helpers/rotation_drive_model.c",
          "function": "drive_create_linear_model",
          "line": 48
        }
      },
      "drive_create_linear_model.overflow.19": {
        "class": "overflow",
        "description": "arithmetic overflow on floating-point division in (-d * t_d * t_d) / (double)2",
        "expression": "isinf(FLOAT*(-d, FLOAT*(t_d, t_d, __CPROVER_rounding_mode), __CPROVER_rounding_mode)) || !isinf(FLOAT/(FLOAT*(-d, FLOAT*(t_d, t_d, __CPROVER_rounding_mode), __CPROVER_rounding_mode), 2.0, __CPROVER_rounding_mode))",
        "location": {
          "file": "src/helpers/rotation_drive_model.c",
          "function": "drive_create_linear_model",
          "line": 48
        }
      },
      "drive_create_linear_model.overflow.2": {
        "class": "overflow",
        "description": "arithmetic overflow on float to signed integer type conversion in (int32_t)d",
        "expression": "d > -2.147484e+9 && d < 2.147484e+9",
        "location": {
          "file": "src/helpers/rotation_drive_model.c",
          "function": "drive_create_linear_model",
          "line": 22
        }
      },
      "drive_create_linear_model.overflow.20": {
        "class": "overflow",
        "description": "arithmetic overflow on float to unsigned integer type conversion in (uint32_t)((-d * t_d * t_d) / (double)2)",
        "expression": "FLOAT/(FLOAT*(-d, FLOAT*(t_d, t_d, __CPROVER_rounding_mode), __CPROVER_rounding_mode), 2.0, __CPROVER_rounding_mode) > -1.0 && FLOAT/(FLOAT*(-d, FLOAT*(t_d, t_d, __CPROVER_rounding_mode), __CPROVER_rounding_mode), 2.0, __CPROVER_rounding_mode) < 4.294967e+9",
        "location": {
          "file": "src/helpers/rotation_drive_model.c",
          "function": "drive_create_linear_model",
          "line": 48
        }
      },
      "drive_create_linear_model.overflow.3": {
        "class": "overflow",
        "description": "arithmetic overflow on floating-point multiplication in -2.0 * d",
        "expression": "isinf(d) || !isinf(FLOAT*(-2.0, d, __CPROVER_rounding_mode))",
        "location": {
          "file": "src/helpers/rotation_drive_model.c",
          "function": "drive_create_linear_model",
          "line": 28
        }
      },
      "drive_create_linear_model.overflow.4": {
        "class": "overflow",
        "description": "arithmetic overflow on floating-point multiplication in -2.0 * d * (double)steps",
        "expression": "isinf(FLOAT*(-2.0, d, __CPROVER_rounding_mode)) || isinf(FLOAT_TYPECAST(steps, double, __CPROVER_rounding_mode)) || !isinf(FLOAT*(FLOAT*(-2.0, d, __CPROVER_rounding_mode), FLOAT_TYPECAST(steps, double, __CPROVER_rounding_mode), __CPROVER_rounding_mode))",
        "location": {
          "file": "src/helpers/rotation_drive_model.c",
          "function": "drive_create_linear_model",
          "line": 28
        }
      },
      "drive_create_linear_model.overflow.5": {
        "class": "overflow",
        "description": "arithmetic overflow on floating-point subtraction in a - d",
        "expression": "isinf(a) || isinf(d) || !isinf(FLOAT+(a, -d, __CPROVER_rounding_mode))",
        "location": {
          "file": "src/helpers/rotation_drive_model.c",
          "function": "drive_create_linear_model",
          "line": 28
        }
      },
      "drive_create_linear_model.overflow.6": {
        "class": "overflow",
        "description": "arithmetic overflow on floating-point multiplication in a * (a - d)",
        "expression": "isinf(a) || isinf(FLOAT+(a, -d, __CPROVER_rounding_mode)) || !isinf(FLOAT*(a, FLOAT+(a, -d, __CPROVER_rounding_mode), __CPROVER_rounding_mode))",
        "location": {
          "file": "src/helpers/rotation_drive_model.c",
          "function": "drive_create_linear_model",
          "line": 28
        }
      },
      "drive_create_linear_model.overflow.7": {
        "class": "overflow",
        "description": "arithmetic overflow on floating-point division in (-2.0 * d * (double)steps) / (a * (a - d))",
        "expression": "isinf(FLOAT*(FLOAT*(-2.0, d, __CPROVER_rounding_mode), FLOAT_TYPECAST(steps, double, __CPROVER_rounding_mode), __CPROVER_rounding_mode)) || !isinf(FLOAT/(FLOAT*(FLOAT*(-2.0, d, __CPROVER_rounding_mode), FLOAT_TYPECAST(steps, double, __CPROVER_rounding_mode), __CPROVER_rounding_mode), FLOAT*(a, FLOAT+(a, -d, __CPROVER_rounding_mode), __CPROVER_rounding_mode), __CPROVER_rounding_mode))",
        "location": {
          "file": "src/helpers/rotation_drive_model.c",
          "function": "drive_create_linear_model",
          "line": 28
        }
      },
      "drive_create_linear_model.overflow.8": {
        "class": "overflow",
        "description": "arithmetic overflow on floating-point multiplication in t_a * a",
        "expression": "isinf(t_a) || isinf(a) || !isinf(FLOAT*(t_a, a, __CPROVER_rounding_mode))",
        "location": {
          "file": "src/helpers/rotation_drive_model.c",
          "function": "drive_create_linear_model",
          "line": 29
        }
      },
      "drive_create_linear_model.overflow.9": {
        "class": "overflow",
        "description": "arithmetic overflow on floating-point multiplication in -1.0 * d",
        "expression": "isinf(d) || !isinf(FLOAT*(-1.0, d, __CPROVER_rounding_mode))",
        "location": {
          "file": "src/helpers/rotation_drive_model.c",
          "function": "drive_create_linear_model",
          "line": 29
        }
      },
      "drive_create_linear_model.pointer_dereference.1": {
        "class": "pointer dereference",
        "description": "dereference failure: pointer NULL in model->a",
        "expression": "!(__CPROVER_POINTER_OBJECT(((int32_t *)NULL)) == __CPROVER_POINTER_OBJECT(model))",
        "location": {
          "file": "src/helpers/rotation_drive_model.c",
          "function": "drive_create_linear_model",
          "line": 21
        }
      },
      "drive_create_linear_model.pointer_dereference.10": {
        "class": "pointer dereference",
        "description": "dereference failure: dead object in model->d",
        "expression": "!(__CPROVER_POINTER_OBJECT(model) == __CPROVER_POINTER_OBJECT(__CPROVER_dead_object))",
        "location": {
          "file": "src/helpers/rotation_drive_model.c",
          "function": "drive_create_linear_model",
          "line": 22
        }
      },
      "drive_create_linear_model.pointer_dereference.11": {
        "class": "pointer dereference",
        "description": "dereference failure: pointer outside object bounds in model->d",
        "expression": "(unsigned __CPROVER_bitvector[65])__CPROVER_OBJECT_SIZE(model) >= (unsigned __CPROVER_bitvector[65])(__CPROVER_POINTER_OFFSET(model) + 4ul) + 4",
        "location": {
          "file": "src/helpers/rotation_drive_model.c",
          "function": "drive_create_linear_model",
          "line": 22
        }
      },
      "drive_create_linear_model.pointer_dereference.12": {
        "class": "pointer dereference",
        "description": "dereference failure: invalid integer address in model->d",
        "expression": "!(__CPROVER_POINTER_OBJECT(((int32_t *)NULL)) == __CPROVER_POINTER_OBJECT(model)) || (char *)model + 4l == ((char *)NULL)",
        "location": {
          "file": "src/helpers/rotation_drive_model.c",
          "function": "drive_create_linear_model",
          "line": 22
        }
      },
      "drive_create_linear_model.pointer_dereference.13": {
        "class": "pointer dereference",
        "description": "dereference failure: pointer NULL in model->v_top",
        "expression": "!(__CPROVER_POINTER_OBJECT(((double *)NULL)) == __CPROVER_POINTER_OBJECT(model))",
        "location": {
          "file": "src/helpers/rotation_drive_model.c",
          "function": "drive_create_linear_model",
          "line": 41
        }
      },
      "drive_create_linear_model.pointer_dereference.14": {
        "class": "pointer dereference",
        "description": "dereference failure: pointer invalid in model->v_top",
        "expression": "!IS_INVALID_POINTER(model)",
        "location": {
          "file": "src/helpers/rotation_drive_model.c",
          "function": "drive_create_linear_model",
          "line": 41
        }
      },
      "drive_create_linear_model.pointer_dereference.15": {
        "class": "pointer dereference",
        "description": "dereference failure: deallocated dynamic object in model->v_top",
        "expression": "!(__CPROVER_POINTER_OBJECT(model) == __CPROVER_POINTER_OBJECT(__CPROVER_deallocated))",
        "location": {
          "file": "src/helpers/rotation_drive_model.c",
          "function": "drive_create_linear_model",
          "line": 41
        }
      },
      "drive_create_linear_model.pointer_dereference.16": {
        "class": "pointer dereference",
        "description": "dereference failure: dead object in model->v_top",
        "expression": "!(__CPROVER_POINTER_OBJECT(model) == __CPROVER_POINTER_OBJECT(__CPROVER_dead_object))",
        "location": {
          "file": "src/helpers/rotation_drive_model.c",
          "function": "drive_create_linear_model",
          "line": 41
        }
      },
      "drive_create_linear_model.pointer_dereference.17": {
        "class": "pointer dereference",
        "description": "dereference failure: pointer outside object bounds in model->v_top",
        "expression": "(unsigned __CPROVER_bitvector[65])__CPROVER_OBJECT_SIZE(model) >= (unsigned __CPROVER_bitvector[65])(__CPROVER_POINTER_OFFSET(model) + 32ul) + 8",
        "location": {
          "file": "src/helpers/rotation_drive_model.c",
          "function": "drive_create_linear_model",
          "line": 41
        }
      },
      "drive_create_linear_model.pointer_dereference.18": {
        "class": "pointer dereference",
        "description": "dereference failure: invalid integer address in model->v_top",
        "expression": "!(__CPROVER_POINTER_OBJECT(((double *)NULL)) == __CPROVER_POINTER_OBJECT(model)) || (char *)model + 32l == ((char *)NULL)",
        "location": {
          "file": "src/helpers/rotation_drive_model.c",
          "function": "drive_create_linear_model",
          "line": 41
        }
      },
      "drive_create_linear_model.pointer_dereference.19": {
        "class": "pointer dereference",
        "description": "dereference failure: pointer NULL in model->t_a",
        "expression": "!(__CPROVER_POINTER_OBJECT(((double *)NULL)) == __CPROVER_POINTER_OBJECT(model))",
        "location": {
          "file": "src/helpers/rotation_drive_model.c",
          "function": "drive_create_linear_model",
          "line": 43
        }
      },
      "drive_create_linear_model.pointer_dereference.2": {
        "class": "pointer dereference",
        "description": "dereference failure: pointer invalid in model->a",
        "expression": "!IS_INVALID_POINTER(model)",
        "location": {
          "file": "src/helpers/rotation_drive_model.c",
          "function": "drive_create_linear_model",
          "line": 21
        }
      },
      "drive_create_linear_model.pointer_dereference.20": {
        "class": "pointer dereference",
        "description": "dereference failure: pointer invalid in model->t_a",
        "expression": "!IS_INVALID_POINTER(model)",
        "location": {
          "file": "src/helpers/rotation_drive_model.c",
          "function": "drive_create_linear_model",
          "line": 43
        }
      },
      "drive_create_linear_model.pointer_dereference.21": {
        "class": "pointer dereference",
        "description": "dereference failure: deallocated dynamic object in model->t_a",
        "expression": "!(__CPROVER_POINTER_OBJECT(model) == __CPROVER_POINTER_OBJECT(__CPROVER_deallocated))",
        "location": {
          "file": "src/helpers/rotation_drive_model.c",
          "function": "drive_create_linear_model",
          "line": 43
        }
      },
      "drive_create_linear_model.pointer_dereference.22": {
        "class": "pointer dereference",
        "description": "dereference failure: dead object in model->t_a",
        "expression": "!(__CPROVER_POINTER_OBJECT(model) == __CPROVER_POINTER_OBJECT(__CPROVER_dead_object))",
        "location": {
          "file": "src/helpers/rotation_drive_model.c",
          "function": "drive_create_linear_model",
          "line": 43
        }
      },
      "drive_create_linear_model.pointer_dereference.23": {
        "class": "pointer dereference",
        "description": "dereference failure: pointer outside object bounds in model->t_a",
        "expression": "(unsigned __CPROVER_bitvector[65])__CPROVER_OBJECT_SIZE(model) >= (unsigned __CPROVER_bitvector[65])(__CPROVER_POINTER_OFFSET(model) + 8ul) + 8",
        "location": {
          "file": "src/helpers/rotation_drive_model.c",
          "function": "drive_create_linear_model",
          "line": 43
        }
      },
      "drive_create_linear_model.pointer_dereference.24": {
        "class": "pointer dereference",
        "description": "dereference failure: invalid integer address in model->t_a",
        "expression": "!(__CPROVER_POINTER_OBJECT(((double *)NULL)) == __CPROVER_POINTER_OBJECT(model)) || (char *)model + 8l == ((char *)NULL)",
        "location": {
          "file": "src/helpers/rotation_drive_model.c",
          "function": "drive_create_linear_model",
          "line": 43
        }
      },
      "drive_create_linear_model.pointer_dereference.25": {
        "class": "pointer dereference",
        "description": "dereference failure: pointer NULL in model->t_d",
        "expression": "!(__CPROVER_POINTER_OBJECT(((double *)NULL)) == __CPROVER_POINTER_OBJECT(model))",
        "location": {
          "file": "src/helpers/rotation_drive_model.c",
          "function": "drive_create_linear_model",
          "line": 44
        }
      },
      "drive_create_linear_model.pointer_dereference.26": {
        "class": "pointer dereference",
        "description": "dereference failure: pointer invalid in model->t_d",
        "expression": "!IS_INVALID_POINTER(model)",
        "location": {
          "file": "src/helpers/rotation_drive_model.c",
          "function": "drive_create_linear_model",
          "line": 44
        }
      },
      "drive_create_linear_model.pointer_dereference.27": {
        "class": "pointer dereference",
        "description": "dereference failure: deallocated dynamic object in model->t_d",
        "expression": "!(__CPROVER_POINTER_OBJECT(model) == __CPROVER_POINTER_OBJECT(__CPROVER_deallocated))",
        "location": {
          "file": "src/helpers/rotation_drive_model.c",
          "function": "drive_create_linear_model",
          "line": 44
        }
      },
      "drive_create_linear_model.pointer_dereference.28": {
        "class": "pointer dereference",
        "description": "dereference failure: dead object in model->t_d",
        "expression": "!(__CPROVER_POINTER_OBJECT(model) == __CPROVER_POINTER_OBJECT(__CPROVER_dead_object))",
        "location": {
          "file": "src/helpers/rotation_drive_model.c",
          "function": "drive_create_linear_model",
          "line": 44
        }
      },
      "drive_create_linear_model.pointer_dereference.29": {
        "class": "pointer dereference",
        "description": "dereference failure: pointer outside object bounds in model->t_d",
        "expression": "(unsigned __CPROVER_bitvector[65])__CPROVER_OBJECT_SIZE(model) >= (unsigned __CPROVER_bitvector[65])(__CPROVER_POINTER_OFFSET(model) + 16ul) + 8",
        "location": {
          "file": "src/helpers/rotation_drive_model.c",
          "function": "drive_create_linear_model",
          "line": 44
        }
      },
      "drive_create_linear_model.pointer_dereference.3": {
        "class": "pointer dereference",
        "description": "dereference failure: deallocated dynamic object in model->a",
        "expression": "!(__CPROVER_POINTER_OBJECT(model) == __CPROVER_POINTER_OBJECT(__CPROVER_deallocated))",
        "location": {
          "file": "src/helpers/rotation_drive_model.c",
          "function": "drive_create_linear_model",
          "line": 21
        }
      },
      "drive_create_linear_model.pointer_dereference.30": {
        "class": "pointer dereference",
        "description": "dereference failure: invalid integer address in model->t_d",
        "expression": "!(__CPROVER_POINTER_OBJECT(((double *)NULL)) == __CPROVER_POINTER_OBJECT(model)) || (char *)model + 16l == ((char *)NULL)",
        "location": {
          "file": "src/helpers/rotation_drive_model.c",
          "function": "drive_create_linear_model",
          "line": 44
        }
      },
      "drive_create_linear_model.pointer_dereference.31": {
        "class": "pointer dereference",
        "description": "dereference failure: pointer NULL in model->s_a",
        "expression": "!(__CPROVER_POINTER_OBJECT(((uint32_t *)NULL)) == __CPROVER_POINTER_OBJECT(model))",
        "location": {
          "file": "src/helpers/rotation_drive_model.c",
          "function": "drive_create_linear_model",
          "line": 47
        }
      },
      "drive_create_linear_model.pointer_dereference.32": {
        "class": "pointer dereference",
        "description": "dereference failure: pointer invalid in model->s_a",
        "expression": "!IS_INVALID_POINTER(model)",
        "location": {
          "file": "src/helpers/rotation_drive_model.c",
          "function": "drive_create_linear_model",
          "line": 47
        }
      },
      "drive_create_linear_model.pointer_dereference.33": {
        "class": "pointer dereference",
        "description": "dereference failure: deallocated dynamic object in model->s_a",
        "expression": "!(__CPROVER_POINTER_OBJECT(model) == __CPROVER_POINTER_OBJECT(__CPROVER_deallocated))",
        "location": {
          "file": "src/helpers/rotation_drive_model.c",
          "function": "drive_create_linear_model",
          "line": 47
        }
      },
      "drive_create_linear_model.pointer_dereference.34": {
        "class": "pointer dereference",
        "description": "dereference failure: dead object in model->s_a",
        "expression": "!(__CPROVER_POINTER_OBJECT(model) == __CPROVER_POINTER_OBJECT(__CPROVER_dead_object))",
        "location": {
          "file": "src/helpers/rotation_drive_model.c",
          "function": "drive_create_linear_model",
          "line": 47
        }
      },
      "drive_create_linear_model.pointer_dereference.35": {
        "class": "pointer dereference",
        "description": "dereference failure: pointer outside object bounds in model->s_a",
        "expression": "(unsigned __CPROVER_bitvector[65])__CPROVER_OBJECT_SIZE(model) >= (unsigned __CPROVER_bitvector[65])(__CPROVER_POINTER_OFFSET(model) + 24ul) + 4",
        "location": {
          "file": "src/helpers/rotation_drive_model.c",
          "function": "drive_create_linear_model",
          "line": 47
        }
      },
      "drive_create_linear_model.pointer_dereference.36": {
        "class": "pointer dereference",
        "description": "dereference failure: invalid integer address in model->s_a",
        "expression": "!(__CPROVER_POINTER_OBJECT(((uint32_t *)NULL)) == __CPROVER_POINTER_OBJECT(model)) || (char *)model + 24l == ((char *)NULL)",
        "location": {
          "file": "src/helpers/rotation_drive_model.c",
          "function": "drive_create_linear_model",
          "line": 47
        }
      },
      "drive_create_linear_model.pointer_dereference.37": {
        "class": "pointer dereference",
        "description": "dereference failure: pointer NULL in model->s_d",
        "expression": "!(__CPROVER_POINTER_OBJECT(((uint32_t *)NULL)) == __CPROVER_POINTER_OBJECT(model))",
        "location": {
          "file": "src/helpers/rotation_drive_model.c",
          "function": "drive_create_linear_model",
          "line": 48
        }
      },
      "drive_create_linear_model.pointer_dereference.38": {
        "class": "pointer dereference",
        "description": "dereference failure: pointer invalid in model->s_d",
        "expression": "!IS_INVALID_POINTER(model)",
        "location": {
          "file": "src/helpers/rotation_drive_model.c",
          "function": "drive_create_linear_model",
          "line": 48
        }
      },
      "drive_create_linear_model.pointer_dereference.39": {
        "class": "pointer dereference",
        "description": "dereference failure: deallocated dynamic object in model->s_d",
        "expression": "!(__CPROVER_POINTER_OBJECT(model) == __CPROVER_POINTER_OBJECT(__CPROVER_deallocated))",
        "location": {
          "file": "src/helpers/rotation_drive_model.c",
          "function": "drive_create_linear_model",
          "line": 48
        }
      },
      "drive_create_linear_model.pointer_dereference.4": {
        "class": "pointer dereference",
        "description": "dereference failure: dead object in model->a",
        "expression": "!(__CPROVER_POINTER_OBJECT(model) == __CPROVER_POINTER_OBJECT(__CPROVER_dead_object))",
        "location": {
          "file": "src/helpers/rotation_drive_model.c",
          "function": "drive_create_linear_model",
          "line": 21
        }
      },
      "drive_create_linear_model.pointer_dereference.40": {
        "class": "pointer dereference",
        "description": "dereference failure: dead object in model->s_d",
        "expression": "!(__CPROVER_POINTER_OBJECT(model) == __CPROVER_POINTER_OBJECT(__CPROVER_dead_object))",
        "location": {
          "file": "src/helpers/rotation_drive_model.c",
          "function": "drive_create_linear_model",
          "line": 48
        }
      },
      "drive_create_linear_model.pointer_dereference.41": {
        "class": "pointer dereference",
        "description": "dereference failure: pointer outside object bounds in model->s_d",
        "expression": "(unsigned __CPROVER_bitvector[65])__CPROVER_OBJECT_SIZE(model) >= (unsigned __CPROVER_bitvector[65])(__CPROVER_POINTER_OFFSET(model) + 28ul) + 4",
        "location": {
          "file": "src/helpers/rotation_drive_model.c",
          "function": "drive_create_linear_model",
          "line": 48
        }
      },
      "drive_create_linear_model.pointer_dereference.42": {
        "class": "pointer dereference",
        "description": "dereference failure: invalid integer address in model->s_d",
        "expression": "!(__CPROVER_POINTER_OBJECT(((uint32_t *)NULL)) == __CPROVER_POINTER_OBJECT(model)) || (char *)model + 28l == ((char *)NULL)",
        "location": {
          "file": "src/helpers/rotation_drive_model.c",
          "function": "drive_create_linear_model",
          "line": 48
        }
      },
      "drive_create_linear_model.pointer_dereference.5": {
        "class": "pointer dereference",
        "description": "dereference failure: pointer outside object bounds in model->a",
        "expression": "(unsigned __CPROVER_bitvector[65])__CPROVER_OBJECT_SIZE(model) >= (unsigned __CPROVER_bitvector[65])__CPROVER_POINTER_OFFSET(model) + 4",
        "location": {
          "file": "src/helpers/rotation_drive_model.c",
          "function": "drive_create_linear_model",
          "line": 21
        }
      },
      "drive_create_linear_model.pointer_dereference.6": {
        "class": "pointer dereference",
        "description": "dereference failure: invalid integer address in model->a",
        "expression": "!(__CPROVER_POINTER_OBJECT(((int32_t *)NULL)) == __CPROVER_POINTER_OBJECT(model)) || model == ((drive_model_t *)NULL)",
        "location": {
          "file": "src/helpers/rotation_drive_model.c",
          "function": "drive_create_linear_model",
          "line": 21
        }
      },
      "drive_create_linear_model.pointer_dereference.7": {
        "class": "pointer dereference",
        "description": "dereference failure: pointer NULL in model->d",
        "expression": "!(__CPROVER_POINTER_OBJECT(((int32_t *)NULL)) == __CPROVER_POINTER_OBJECT(model))",
        "location": {
          "file": "src/helpers/rotation_drive_model.c",
          "function": "drive_create_linear_model",
          "line": 22
        }
      },
      "drive_create_linear_model.pointer_dereference.8": {
        "class": "pointer dereference",
        "description": "dereference failure: pointer invalid in model->d",
        "expression": "!IS_INVALID_POINTER(model)",
        "location": {
          "file": "src/helpers/rotation_drive_model.c",
          "function": "drive_create_linear_model",
          "line": 22
        }
      },
      "drive_create_linear_model.pointer_dereference.9": {
        "class": "pointer dereference",
        "description": "dereference failure: deallocated dynamic object in model->d",
        "expression": "!(__CPROVER_POINTER_OBJECT(model) == __CPROVER_POINTER_OBJECT(__CPROVER_deallocated))",
        "location": {
          "file": "src/helpers/rotation_drive_model.c",
          "function": "drive_create_linear_model",
          "line": 22
        }
      },
      "drive_speed_to_sps.overflow.1": {
        "class": "overflow",
        "description": "arithmetic overflow on unsigned + in (unsigned int)speed + 1u",
        "expression": "!overflow(\"+\", unsigned int, (unsigned int)speed, 1u)",
        "location": {
          "file": "src/include/helpers/rotation_drive_model.h",
          "function": "drive_speed_to_sps",
          "line": 152
        }
      },
      "drive_speed_to_sps.overflow.2": {
        "class": "overflow",
        "description": "arithmetic overflow on floating-point multiplication in (double)((unsigned int)speed + 1u) * 0.25",
        "expression": "isinf(FLOAT_TYPECAST((unsigned int)speed + 1u, double, __CPROVER_rounding_mode)) || !isinf(FLOAT*(FLOAT_TYPECAST((unsigned int)speed + 1u, double, __CPROVER_rounding_mode), 0.25, __CPROVER_rounding_mode))",
        "location": {
          "file": "src/include/helpers/rotation_drive_model.h",
          "function": "drive_speed_to_sps",
          "line": 152
        }
      },
      "drive_speed_to_sps.overflow.3": {
        "class": "overflow",
        "description": "arithmetic overflow on floating-point multiplication in (double)((unsigned int)speed + 1u) * 0.25 * (double)100",
        "expression": "isinf(FLOAT*(FLOAT_TYPECAST((unsigned int)speed + 1u, double, __CPROVER_rounding_mode), 0.25, __CPROVER_rounding_mode)) || !isinf(FLOAT*(FLOAT*(FLOAT_TYPECAST((unsigned int)speed + 1u, double, __CPROVER_rounding_mode), 0.25, __CPROVER_rounding_mode), 100.0, __CPROVER_rounding_mode))",
        "location": {
          "file": "src/include/helpers/rotation_drive_model.h",
          "function": "drive_speed_to_sps",
          "line": 152
        }
      },
      "harness.NaN.1": {
        "class": "NaN",
        "description": "NaN on / in max_velocity / acceleration",
        "expression": "(!IEEE_FLOAT_EQUAL(max_velocity, 0.0) || !IEEE_FLOAT_EQUAL(acceleration, 0.0)) && !isinf(acceleration)",
        "location": {
          "file": "cbmc/proofs/drive_create_linear_model/drive_create_linear_model_harness.c",
          "function": "harness",
          "line": 90
        }
      },
      "harness.NaN.2": {
        "class": "NaN",
        "description": "NaN on / in max_velocity / -deceleration",
        "expression": "(!IEEE_FLOAT_EQUAL(max_velocity, 0.0) || !IEEE_FLOAT_EQUAL(-deceleration, 0.0)) && !isinf(-deceleration)",
        "location": {
          "file": "cbmc/proofs/drive_create_linear_model/drive_create_linear_model_harness.c",
          "function": "harness",
          "line": 91
        }
      },
      "harness.NaN.3": {
        "class": "NaN",
        "description": "NaN on * in max_acceleration * max_acceleration",
        "expression": "(!isinf(max_acceleration) || !IEEE_FLOAT_EQUAL(max_acceleration, 0.0)) && (!IEEE_FLOAT_EQUAL(max_acceleration, 0.0) || !isinf(max_acceleration))",
        "location": {
          "file": "cbmc/proofs/drive_create_linear_model/drive_create_linear_model_harness.c",
          "function": "harness",
          "line": 92
        }
      },
      "harness.NaN.4": {
        "class": "NaN",
        "description": "NaN on * in acceleration * max_acceleration * max_acceleration",
        "expression": "(!isinf(acceleration) || !IEEE_FLOAT_EQUAL(FLOAT*(max_acceleration, max_acceleration, __CPROVER_rounding_mode), 0.0)) && (!IEEE_FLOAT_EQUAL(FLOAT*(max_acceleration, max_acceleration, __CPROVER_rounding_mode), 0.0) || !isinf(acceleration))",
        "location": {
          "file": "cbmc/proofs/drive_create_linear_model/drive_create_linear_model_harness.c",
          "function": "harness",
          "line": 92
        }
      },
      "harness.NaN.5": {
        "class": "NaN",
        "description": "NaN on * in max_deceleration * max_deceleration",
        "expression": "(!isinf(max_deceleration) || !IEEE_FLOAT_EQUAL(max_deceleration, 0.0)) && (!IEEE_FLOAT_EQUAL(max_deceleration, 0.0) || !isinf(max_deceleration))",
        "location": {
          "file": "cbmc/proofs/drive_create_linear_model/drive_create_linear_model_harness.c",
          "function": "harness",
          "line": 93
        }
      },
      "harness.NaN.6": {
        "class": "NaN",
        "description": "NaN on * in -deceleration * max_deceleration * max_deceleration",
        "expression": "(!isinf(-deceleration) || !IEEE_FLOAT_EQUAL(FLOAT*(max_deceleration, max_deceleration, __CPROVER_rounding_mode), 0.0)) && (!IEEE_FLOAT_EQUAL(FLOAT*(max_deceleration, max_deceleration, __CPROVER_rounding_mode), 0.0) || !isinf(-deceleration))",
        "location": {
          "file": "cbmc/proofs/drive_create_linear_model/drive_create_linear_model_harness.c",
          "function": "harness",
          "line": 93
        }
      },
      "harness.NaN.7": {
        "class": "NaN",
        "description": "NaN on - in drive_model->t_a - drive_model->t_d",
        "expression": "(!(drive_model->t_a == +INFINITY) || !(drive_model->t_d == +INFINITY)) && (!(drive_model->t_a == -INFINITY) || !(drive_model->t_d == -INFINITY))",
        "location": {
          "file": "cbmc/proofs/drive_create_linear_model/drive_create_linear_model_harness.c",
          "function": "harness",
          "line": 102
        }
      },
      "harness.assertion.1": {
        "class": "assertion",
        "description": "assertion drive_model->a == (int32_t) acceleration",
        "expression": "drive_model->a == FLOAT_TYPECAST(acceleration, int32_t, 3)",
        "location": {
          "file": "cbmc/proofs/drive_create_linear_model/drive_create_linear_model_harness.c",
          "function": "harness",
          "line": 80
        }
      },
      "harness.assertion.10": {
        "class": "assertion",
        "description": "assertion drive_model->t_d > 0",
        "expression": "drive_model->t_d > FLOAT_TYPECAST(0, double, __CPROVER_rounding_mode)",
        "location": {
          "file": "cbmc/proofs/drive_create_linear_model/drive_create_linear_model_harness.c",
          "function": "harness",
          "line": 99
        }
      },
      "harness.assertion.11": {
        "class": "assertion",
        "description": "assertion drive_model->t_d <= max_deceleration",
        "expression": "drive_model->t_d <= max_deceleration",
        "location": {
          "file": "cbmc/proofs/drive_create_linear_model/drive_create_linear_model_harness.c",
          "function": "harness",
          "line": 100
        }
      },
      "harness.assertion.12": {
        "class": "assertion",
        "description": "assertion __CPROVER_fabs(drive_model->t_a - drive_model->t_d) < eps",
        "expression": "abs(FLOAT-(drive_model->t_a, drive_model->t_d, __CPROVER_rounding_mode)) < eps",
        "location": {
          "file": "cbmc/proofs/drive_create_linear_model/drive_create_linear_model_harness.c",
          "function": "harness",
          "line": 102
        }
      },
      "harness.assertion.13": {
        "class": "assertion",
        "description": "assertion drive_model->s_a >= 0",
        "expression": "drive_model->s_a >= (unsigned int)0",
        "location": {
          "file": "cbmc/proofs/drive_create_linear_model/drive_create_linear_model_harness.c",
          "function": "harness",
          "line": 104
        }
      },
      "harness.assertion.14": {
        "class": "assertion",
        "description": "assertion drive_model->s_a <= max_steps_accelerating",
        "expression": "FLOAT_TYPECAST(drive_model->s_a, double, __CPROVER_rounding_mode) <= max_steps_accelerating",
        "location": {
          "file": "cbmc/proofs/drive_create_linear_model/drive_create_linear_model_harness.c",
          "function": "harness",
          "line": 105
        }
      },
      "harness.assertion.15": {
        "class": "assertion",
        "description": "assertion drive_model->s_d >= 0",
        "expression": "drive_model->s_d >= (unsigned int)0",
        "location": {
          "file": "cbmc/proofs/drive_create_linear_model/drive_create_linear_model_harness.c",
          "function": "harness",
          "line": 107
        }
      },
      "harness.assertion.16": {
        "class": "assertion",
        "description": "assertion drive_model->s_d <= max_steps_decelerating",
        "expression": "FLOAT_TYPECAST(drive_model->s_d, double, __CPROVER_rounding_mode) <= max_steps_decelerating",
        "location": {
          "file": "cbmc/proofs/drive_create_linear_model/drive_create_linear_model_harness.c",
          "function": "harness",
          "line": 108
        }
      },
      "harness.assertion.17": {
        "class": "assertion",
        "description": "assertion __CPROVER_fabs(drive_model->s_a - drive_model->s_d) < eps",
        "expression": "abs(FLOAT_TYPECAST(drive_model->s_a - drive_model->s_d, double, __CPROVER_rounding_mode)) < eps",
        "location": {
          "file": "cbmc/proofs/drive_create_linear_model/drive_create_linear_model_harness.c",
          "function": "harness",
          "line": 110
        }
      },
      "harness.assertion.18": {
        "class": "assertion",
        "description": "assertion drive_model->v_top > 0",
        "expression": "drive_model->v_top > FLOAT_TYPECAST(0, double, __CPROVER_rounding_mode)",
        "location": {
          "file": "cbmc/proofs/drive_create_linear_model/drive_create_linear_model_harness.c",
          "function": "harness",
          "line": 112
        }
      },
      "harness.assertion.2": {
        "class": "assertion",
        "description": "assertion drive_model->d == (int32_t) deceleration",
        "expression": "drive_model->d == FLOAT_TYPECAST(deceleration, int32_t, 3)",
        "location": {
          "file": "cbmc/proofs/drive_create_linear_model/drive_create_linear_model_harness.c",
          "function": "harness",
          "line": 81
        }
      },
      "harness.assertion.3": {
        "class": "assertion",
        "description": "assertion drive_model->t_a == 0",
        "expression": "IEEE_FLOAT_EQUAL(drive_model->t_a, FLOAT_TYPECAST(0, double, __CPROVER_rounding_mode))",
        "location": {
          "file": "cbmc/proofs/drive_create_linear_model/drive_create_linear_model_harness.c",
          "function": "harness",
          "line": 84
        }
      },
      "harness.assertion.4": {
        "class": "assertion",
        "description": "assertion drive_model->t_d == 0",
        "expression": "IEEE_FLOAT_EQUAL(drive_model->t_d, FLOAT_TYPECAST(0, double, __CPROVER_rounding_mode))",
        "location": {
          "file": "cbmc/proofs/drive_create_linear_model/drive_create_linear_model_harness.c",
          "function": "harness",
          "line": 85
        }
      },
      "harness.assertion.5": {
        "class": "assertion",
        "description": "assertion drive_model->s_a == 0",
        "expression": "drive_model->s_a == (unsigned int)0",
        "location": {
          "file": "cbmc/proofs/drive_create_linear_model/drive_create_linear_model_harness.c",
          "function": "harness",
          "line": 86
        }
      },
      "harness.assertion.6": {
        "class": "assertion",
        "description": "assertion drive_model->s_d == 0",
        "expression": "drive_model->s_d == (unsigned int)0",
        "location": {
          "file": "cbmc/proofs/drive_create_linear_model/drive_create_linear_model_harness.c",
          "function": "harness",
          "line": 87
        }
      },
      "harness.assertion.7": {
        "class": "assertion",
        "description": "assertion drive_model->v_top == 0",
        "expression": "IEEE_FLOAT_EQUAL(drive_model->v_top, FLOAT_TYPECAST(0, double, __CPROVER_rounding_mode))",
        "location": {
          "file": "cbmc/proofs/drive_create_linear_model/drive_create_linear_model_harness.c",
          "function": "harness",
          "line": 88
        }
      },
      "harness.assertion.8": {
        "class": "assertion",
        "description": "assertion drive_model->t_a > 0",
        "expression": "drive_model->t_a > FLOAT_TYPECAST(0, double, __CPROVER_rounding_mode)",
        "location": {
          "file": "cbmc/proofs/drive_create_linear_model/drive_create_linear_model_harness.c",
          "function": "harness",
          "line": 96
        }
      },
      "harness.assertion.9": {
        "class": "assertion",
        "description": "assertion drive_model->t_a <= max_acceleration",
        "expression": "drive_model->t_a <= max_acceleration",
        "location": {
          "file": "cbmc/proofs/drive_create_linear_model/drive_create_linear_model_harness.c",
          "function": "harness",
          "line": 97
        }
      },
      "harness.division-by-zero.1": {
        "class": "division-by-zero",
        "description": "division by zero in max_velocity / acceleration",
        "expression": "acceleration != 0.0",
        "location": {
          "file": "cbmc/proofs/drive_create_linear_model/drive_create_linear_model_harness.c",
          "function": "harness",
          "line": 90
        }
      },
      "harness.division-by-zero.2": {
        "class": "division-by-zero",
        "description": "division by zero in max_velocity / -deceleration",
        "expression": "-deceleration != 0.0",
        "location": {
          "file": "cbmc/proofs/drive_create_linear_model/drive_create_linear_model_harness.c",
          "function": "harness",
          "line": 91
        }
      },
      "harness.overflow.1": {
        "class": "overflow",
        "description": "arithmetic overflow on floating-point multiplication in (double)max_displacement_deg * 185.185",
        "expression": "isinf(FLOAT_TYPECAST(max_displacement_deg, double, __CPROVER_rounding_mode)) || !isinf(FLOAT*(FLOAT_TYPECAST(max_displacement_deg, double, __CPROVER_rounding_mode), 185.185, __CPROVER_rounding_mode))",
        "location": {
          "file": "cbmc/proofs/drive_create_linear_model/drive_create_linear_model_harness.c",
          "function": "harness",
          "line": 66
        }
      },
      "harness.overflow.10": {
        "class": "overflow",
        "description": "arithmetic overflow on floating-point division in (acceleration * max_acceleration * max_acceleration) / (double)2",
        "expression": "isinf(FLOAT*(acceleration, FLOAT*(max_acceleration, max_acceleration, __CPROVER_rounding_mode), __CPROVER_rounding_mode)) || !isinf(FLOAT/(FLOAT*(acceleration, FLOAT*(max_acceleration, max_acceleration, __CPROVER_rounding_mode), __CPROVER_rounding_mode), 2.0, __CPROVER_rounding_mode))",
        "location": {
          "file": "cbmc/proofs/drive_create_linear_model/drive_create_linear_model_harness.c",
          "function": "harness",
          "line": 92
        }
      },
      "harness.overflow.11": {
        "class": "overflow",
        "description": "arithmetic overflow on floating-point multiplication in max_deceleration * max_deceleration",
        "expression": "isinf(max_deceleration) || !isinf(FLOAT*(max_deceleration, max_deceleration, __CPROVER_rounding_mode))",
        "location": {
          "file": "cbmc/proofs/drive_create_linear_model/drive_create_linear_model_harness.c",
          "function": "harness",
          "line": 93
        }
      },
      "harness.overflow.12": {
        "class": "overflow",
        "description": "arithmetic overflow on floating-point multiplication in -deceleration * max_deceleration * max_deceleration",
        "expression": "isinf(-deceleration) || isinf(FLOAT*(max_deceleration, max_deceleration, __CPROVER_rounding_mode)) || !isinf(FLOAT*(-deceleration, FLOAT*(max_deceleration, max_deceleration, __CPROVER_rounding_mode), __CPROVER_rounding_mode))",
        "location": {
          "file": "cbmc/proofs/drive_create_linear_model/drive_create_linear_model_harness.c",
          "function": "harness",
          "line": 93
        }
      },
      "harness.overflow.13": {
        "class": "overflow",
        "description": "arithmetic overflow on floating-point division in (-deceleration * max_deceleration * max_deceleration) / (double)2",
        "expression": "isinf(FLOAT*(-deceleration, FLOAT*(max_deceleration, max_deceleration, __CPROVER_rounding_mode), __CPROVER_rounding_mode)) || !isinf(FLOAT/(FLOAT*(-deceleration, FLOAT*(max_deceleration, max_deceleration, __CPROVER_rounding_mode), __CPROVER_rounding_mode), 2.0, __CPROVER_rounding_mode))",
        "location": {
          "file": "cbmc/proofs/drive_create_linear_model/drive_create_linear_model_harness.c",
          "function": "harness",
          "line": 93
        }
      },
      "harness.overflow.14": {
        "class": "overflow",
        "description": "arithmetic overflow on floating-point subtraction in drive_model->t_a - drive_model->t_d",
        "expression": "isinf(drive_model->t_a) || isinf(drive_model->t_d) || !isinf(FLOAT+(drive_model->t_a, -drive_model->t_d, __CPROVER_rounding_mode))",
        "location": {
          "file": "cbmc/proofs/drive_create_linear_model/drive_create_linear_model_harness.c",
          "function": "harness",
          "line": 102
        }
      },
      "harness.overflow.15": {
        "class": "overflow",
        "description": "arithmetic overflow on unsigned - in drive_model->s_a - drive_model->s_d",
        "expression": "!overflow(\"-\", uint32_t, drive_model->s_a, drive_model->s_d)",
        "location": {
          "file": "cbmc/proofs/drive_create_linear_model/drive_create_linear_model_harness.c",
          "function": "harness",
          "line": 110
        }
      },
      "harness.overflow.2": {
        "class": "overflow",
        "description": "arithmetic overflow on floating-point division in ((double)max_displacement_deg * 185.185) / (double)1000",
        "expression": "isinf(FLOAT*(FLOAT_TYPECAST(max_displacement_deg, double, __CPROVER_rounding_mode), 185.185, __CPROVER_rounding_mode)) || !isinf(FLOAT/(FLOAT*(FLOAT_TYPECAST(max_displacement_deg, double, __CPROVER_rounding_mode), 185.185, __CPROVER_rounding_mode), 1000.0, __CPROVER_rounding_mode))",
        "location": {
          "file": "cbmc/proofs/drive_create_linear_model/drive_create_linear_model_harness.c",
          "function": "harness",
          "line": 66
        }
      },
      "harness.overflow.3": {
        "class": "overflow",
        "description": "arithmetic overflow on float to unsigned integer type conversion in (uint32_t)(((double)max_displacement_deg * 185.185) / (double)1000)",
        "expression": "FLOAT/(FLOAT*(FLOAT_TYPECAST(max_displacement_deg, double, __CPROVER_rounding_mode), 185.185, __CPROVER_rounding_mode), 1000.0, __CPROVER_rounding_mode) > -1.0 && FLOAT/(FLOAT*(FLOAT_TYPECAST(max_displacement_deg, double, __CPROVER_rounding_mode), 185.185, __CPROVER_rounding_mode), 1000.0, __CPROVER_rounding_mode) < 4.294967e+9",
        "location": {
          "file": "cbmc/proofs/drive_create_linear_model/drive_create_linear_model_harness.c",
          "function": "harness",
          "line": 66
        }
      },
      "harness.overflow.4": {
        "class": "overflow",
        "description": "arithmetic overflow on float to signed integer type conversion in (int32_t)acceleration",
        "expression": "acceleration > -2.147484e+9 && acceleration < 2.147484e+9",
        "location": {
          "file": "cbmc/proofs/drive_create_linear_model/drive_create_linear_model_harness.c",
          "function": "harness",
          "line": 80
        }
      },
      "harness.overflow.5": {
        "class": "overflow",
        "description": "arithmetic overflow on float to signed integer type conversion in (int32_t)deceleration",
        "expression": "deceleration > -2.147484e+9 && deceleration < 2.147484e+9",
        "location": {
          "file": "cbmc/proofs/drive_create_linear_model/drive_create_linear_model_harness.c",
          "function": "harness",
          "line": 81
        }
      },
      "harness.overflow.6": {
        "class": "overflow",
        "description": "arithmetic overflow on floating-point division in max_velocity / acceleration",
        "expression": "isinf(max_velocity) || !isinf(FLOAT/(max_velocity, acceleration, __CPROVER_rounding_mode))",
        "location": {
          "file": "cbmc/proofs/drive_create_linear_model/drive_create_linear_model_harness.c",
          "function": "harness",
          "line": 90
        }
      },
      "harness.overflow.7": {
        "class": "overflow",
        "description": "arithmetic overflow on floating-point division in max_velocity / -deceleration",
        "expression": "isinf(max_velocity) || !isinf(FLOAT/(max_velocity, -deceleration, __CPROVER_rounding_mode))",
        "location": {
          "file": "cbmc/proofs/drive_create_linear_model/drive_create_linear_model_harness.c",
          "function": "harness",
          "line": 91
        }
      },
      "harness.overflow.8": {
        "class": "overflow",
        "description": "arithmetic overflow on floating-point multiplication in max_acceleration * max_acceleration",
        "expression": "isinf(max_acceleration) || !isinf(FLOAT*(max_acceleration, max_acceleration, __CPROVER_rounding_mode))",
        "location": {
          "file": "cbmc/proofs/drive_create_linear_model/drive_create_linear_model_harness.c",
          "function": "harness",
          "line": 92
        }
      },
      "harness.overflow.9": {
        "class": "overflow",
        "description": "arithmetic overflow on floating-point multiplication in acceleration * max_acceleration * max_acceleration",
        "expression": "isinf(acceleration) || isinf(FLOAT*(max_acceleration, max_acceleration, __CPROVER_rounding_mode)) || !isinf(FLOAT*(acceleration, FLOAT*(max_acceleration, max_acceleration, __CPROVER_rounding_mode), __CPROVER_rounding_mode))",
        "location": {
          "file": "cbmc/proofs/drive_create_linear_model/drive_create_linear_model_harness.c",
          "function": "harness",
          "line": 92
        }
      },
      "harness.pointer_dereference.1": {
        "class": "pointer dereference",
        "description": "dereference failure: pointer NULL in drive_model->a",
        "expression": "!(__CPROVER_POINTER_OBJECT(((int32_t *)NULL)) == __CPROVER_POINTER_OBJECT(drive_model))",
        "location": {
          "file": "cbmc/proofs/drive_create_linear_model/drive_create_linear_model_harness.c",
          "function": "harness",
          "line": 80
        }
      },
      "harness.pointer_dereference.10": {
        "class": "pointer dereference",
        "description": "dereference failure: dead object in drive_model->d",
        "expression": "!(__CPROVER_POINTER_OBJECT(drive_model) == __CPROVER_POINTER_OBJECT(__CPROVER_dead_object))",
        "location": {
          "file": "cbmc/proofs/drive_create_linear_model/drive_create_linear_model_harness.c",
          "function": "harness",
          "line": 81
        }
      },
      "harness.pointer_dereference.11": {
        "class": "pointer dereference",
        "description": "dereference failure: pointer outside object bounds in drive_model->d",
        "expression": "(unsigned __CPROVER_bitvector[65])__CPROVER_OBJECT_SIZE(drive_model) >= (unsigned __CPROVER_bitvector[65])(__CPROVER_POINTER_OFFSET(drive_model) + 4ul) + 4",
        "location": {
          "file": "cbmc/proofs/drive_create_linear_model/drive_create_linear_model_harness.c",
          "function": "harness",
          "line": 81
        }
      },
      "harness.pointer_dereference.12": {
        "class": "pointer dereference",
        "description": "dereference failure: invalid integer address in drive_model->d",
        "expression": "!(__CPROVER_POINTER_OBJECT(((int32_t *)NULL)) == __CPROVER_POINTER_OBJECT(drive_model)) || (char *)drive_model + 4l == ((char *)NULL)",
        "location": {
          "file": "cbmc/proofs/drive_create_linear_model/drive_create_linear_model_harness.c",
          "function": "harness",
          "line": 81
        }
      },
      "harness.pointer_dereference.13": {
        "class": "pointer dereference",
        "description": "dereference failure: pointer NULL in drive_model->t_a",
        "expression": "!(__CPROVER_POINTER_OBJECT(((double *)NULL)) == __CPROVER_POINTER_OBJECT(drive_model))",
        "location": {
          "file": "cbmc/proofs/drive_create_linear_model/drive_create_linear_model_harness.c",
          "function": "harness",
          "line": 84
        }
      },
      "harness.pointer_dereference.14": {
        "class": "pointer dereference",
        "description": "dereference failure: pointer invalid in drive_model->t_a",
        "expression": "!IS_INVALID_POINTER(drive_model)",
        "location": {
          "file": "cbmc/proofs/drive_create_linear_model/drive_create_linear_model_harness.c",
          "function": "harness",
          "line": 84
        }
      },
      "harness.pointer_dereference.15": {
        "class": "pointer dereference",
        "description": "dereference failure: deallocated dynamic object in drive_model->t_a",
        "expression": "!(__CPROVER_POINTER_OBJECT(drive_model) == __CPROVER_POINTER_OBJECT(__CPROVER_deallocated))",
        "location": {
          "file": "cbmc/proofs/drive_create_linear_model/drive_create_linear_model_harness.c",
          "function": "harness",
          "line": 84
        }
      },
      "harness.pointer_dereference.16": {
        "class": "pointer dereference",
        "description": "dereference failure: dead object in drive_model->t_a",
        "expression": "!(__CPROVER_POINTER_OBJECT(drive_model) == __CPROVER_POINTER_OBJECT(__CPROVER_dead_object))",
        "location": {
          "file": "cbmc/proofs/drive_create_linear_model/drive_create_linear_model_harness.c",
          "function": "harness",
          "line": 84
        }
      },
      "harness.pointer_dereference.17": {
        "class": "pointer dereference",
        "description": "dereference failure: pointer outside object bounds in drive_model->t_a",
        "expression": "(unsigned __CPROVER_bitvector[65])__CPROVER_OBJECT_SIZE(drive_model) >= (unsigned __CPROVER_bitvector[65])(__CPROVER_POINTER_OFFSET(drive_model) + 8ul) + 8",
        "location": {
          "file": "cbmc/proofs/drive_create_linear_model/drive_create_linear_model_harness.c",
          "function": "harness",
          "line": 84
        }
      },
      "harness.pointer_dereference.18": {
        "class": "pointer dereference",
        "description": "dereference failure: invalid integer address in drive_model->t_a",
        "expression": "!(__CPROVER_POINTER_OBJECT(((double *)NULL)) == __CPROVER_POINTER_OBJECT(drive_model)) || (char *)drive_model + 8l == ((char *)NULL)",
        "location": {
          "file": "cbmc/proofs/drive_create_linear_model/drive_create_linear_model_harness.c",
          "function": "harness",
          "line": 84
        }
      },
      "harness.pointer_dereference.19": {
        "class": "pointer dereference",
        "description": "dereference failure: pointer NULL in drive_model->t_d",
        "expression": "!(__CPROVER_POINTER_OBJECT(((double *)NULL)) == __CPROVER_POINTER_OBJECT(drive_model))",
        "location": {
          "file": "cbmc/proofs/drive_create_linear_model/drive_create_linear_model_harness.c",
          "function": "harness",
          "line": 85
        }
      },
      "harness.pointer_dereference.2": {
        "class": "pointer dereference",
        "description": "dereference failure: pointer invalid in drive_model->a",
        "expression": "!IS_INVALID_POINTER(drive_model)",
        "location": {
          "file": "cbmc/proofs/drive_create_linear_model/drive_create_linear_model_harness.c",
          "function": "harness",
          "line": 80
        }
      },
      "harness.pointer_dereference.20": {
        "class": "pointer dereference",
        "description": "dereference failure: pointer invalid in drive_model->t_d",
        "expression": "!IS_INVALID_POINTER(drive_model)",
        "location": {
          "file": "cbmc/proofs/drive_create_linear_model/drive_create_linear_model_harness.c",
          "function": "harness",
          "line": 85
        }
      },
      "harness.pointer_dereference.21": {
        "class": "pointer dereference",
        "description": "dereference failure: deallocated dynamic object in drive_model->t_d",
        "expression": "!(__CPROVER_POINTER_OBJECT(drive_model) == __CPROVER_POINTER_OBJECT(__CPROVER_deallocated))",
        "location": {
          "file": "cbmc/proofs/drive_create_linear_model/drive_create_linear_model_harness.c",
          "function": "harness",
          "line": 85
        }
      },
      "harness.pointer_dereference.22": {
        "class": "pointer dereference",
        "description": "dereference failure: dead object in drive_model->t_d",
        "expression": "!(__CPROVER_POINTER_OBJECT(drive_model) == __CPROVER_POINTER_OBJECT(__CPROVER_dead_object))",
        "location": {
          "file": "cbmc/proofs/drive_create_linear_model/drive_create_linear_model_harness.c",
          "function": "harness",
          "line": 85
        }
      },
      "harness.pointer_dereference.23": {
        "class": "pointer dereference",
        "description": "dereference failure: pointer outside object bounds in drive_model->t_d",
        "expression": "(unsigned __CPROVER_bitvector[65])__CPROVER_OBJECT_SIZE(drive_model) >= (unsigned __CPROVER_bitvector[65])(__CPROVER_POINTER_OFFSET(drive_model) + 16ul) + 8",
        "location": {
          "file": "cbmc/proofs/drive_create_linear_model/drive_create_linear_model_harness.c",
          "function": "harness",
          "line": 85
        }
      },
      "harness.pointer_dereference.24": {
        "class": "pointer dereference",
        "description": "dereference failure: invalid integer address in drive_model->t_d",
        "expression": "!(__CPROVER_POINTER_OBJECT(((double *)NULL)) == __CPROVER_POINTER_OBJECT(drive_model)) || (char *)drive_model + 16l == ((char *)NULL)",
        "location": {
          "file": "cbmc/proofs/drive_create_linear_model/drive_create_linear_model_harness.c",
          "function": "harness",
          "line": 85
        }
      },
      "harness.pointer_dereference.25": {
        "class": "pointer dereference",
        "description": "dereference failure: pointer NULL in drive_model->s_a",
        "expression": "!(__CPROVER_POINTER_OBJECT(((uint32_t *)NULL)) == __CPROVER_POINTER_OBJECT(drive_model))",
        "location": {
          "file": "cbmc/proofs/drive_create_linear_model/drive_create_linear_model_harness.c",
          "function": "harness",
          "line": 86
        }
      },
      "harness.pointer_dereference.26": {
        "class": "pointer dereference",
        "description": "dereference failure: pointer invalid in drive_model->s_a",
        "expression": "!IS_INVALID_POINTER(drive_model)",
        "location": {
          "file": "cbmc/proofs/drive_create_linear_model/drive_create_linear_model_harness.c",
          "function": "harness",
          "line": 86
        }
      },
      "harness.pointer_dereference.27": {
        "class": "pointer dereference",
        "description": "dereference failure: deallocated dynamic object in drive_model->s_a",
        "expression": "!(__CPROVER_POINTER_OBJECT(drive_model) == __CPROVER_POINTER_OBJECT(__CPROVER_deallocated))",
        "location": {
          "file": "cbmc/proofs/drive_create_linear_model/drive_create_linear_model_harness.c",
          "function": "harness",
          "line": 86
        }
      },
      "harness.pointer_dereference.28": {
        "class": "pointer dereference",
        "description": "dereference failure: dead object in drive_model->s_a",
        "expression": "!(__CPROVER_POINTER_OBJECT(drive_model) == __CPROVER_POINTER_OBJECT(__CPROVER_dead_object))",
        "location": {
          "file": "cbmc/proofs/drive_create_linear_model/drive_create_linear_model_harness.c",
          "function": "harness",
          "line": 86
        }
      },
      "harness.pointer_dereference.29": {
        "class": "pointer dereference",
        "description": "dereference failure: pointer outside object bounds in drive_model->s_a",
        "expression": "(unsigned __CPROVER_bitvector[65])__CPROVER_OBJECT_SIZE(drive_model) >= (unsigned __CPROVER_bitvector[65])(__CPROVER_POINTER_OFFSET(drive_model) + 24ul) + 4",
        "location": {
          "file": "cbmc/proofs/drive_create_linear_model/drive_create_linear_model_harness.c",
          "function": "harness",
          "line": 86
        }
      },
      "harness.pointer_dereference.3": {
        "class": "pointer dereference",
        "description": "dereference failure: deallocated dynamic object in drive_model->a",
        "expression": "!(__CPROVER_POINTER_OBJECT(drive_model) == __CPROVER_POINTER_OBJECT(__CPROVER_deallocated))",
        "location": {
          "file": "cbmc/proofs/drive_create_linear_model/drive_create_linear_model_harness.c",
          "function": "harness",
          "line": 80
        }
      },
      "harness.pointer_dereference.30": {
        "class": "pointer dereference",
        "description": "dereference failure: invalid integer address in drive_model->s_a",
        "expression": "!(__CPROVER_POINTER_OBJECT(((uint32_t *)NULL)) == __CPROVER_POINTER_OBJECT(drive_model)) || (char *)drive_model + 24l == ((char *)NULL)",
        "location": {
          "file": "cbmc/proofs/drive_create_linear_model/drive_create_linear_model_harness.c",
          "function": "harness",
          "line": 86
        }
      },
      "harness.pointer_dereference.31": {
        "class": "pointer dereference",
        "description": "dereference failure: pointer NULL in drive_model->s_d",
        "expression": "!(__CPROVER_POINTER_OBJECT(((uint32_t *)NULL)) == __CPROVER_POINTER_OBJECT(drive_model))",
        "location": {
          "file": "cbmc/proofs/drive_create_linear_model/drive_create_linear_model_harness.c",
          "function": "harness",
          "line": 87
        }
      },
      "harness.pointer_dereference.32": {
        "class": "pointer dereference",
        "description": "dereference failure: pointer invalid in drive_model->s_d",
        "expression": "!IS_INVALID_POINTER(drive_model)",
        "location": {
          "file": "cbmc/proofs/drive_create_linear_model/drive_create_linear_model_harness.c",
          "function": "harness",
          "line": 87
        }
      },
      "harness.pointer_dereference.33": {
        "class": "pointer dereference",
        "description": "dereference failure: deallocated dynamic object in drive_model->s_d",
        "expression": "!(__CPROVER_POINTER_OBJECT(drive_model) == __CPROVER_POINTER_OBJECT(__CPROVER_deallocated))",
        "location": {
          "file": "cbmc/proofs/drive_create_linear_model/drive_create_linear_model_harness.c",
          "function": "harness",
          "line": 87
        }
      },
      "harness.pointer_dereference.34": {
        "class": "pointer dereference",
        "description": "dereference failure: dead object in drive_model->s_d",
        "expression": "!(__CPROVER_POINTER_OBJECT(drive_model) == __CPROVER_POINTER_OBJECT(__CPROVER_dead_object))",
        "location": {
          "file": "cbmc/proofs/drive_create_linear_model/drive_create_linear_model_harness.c",
          "function": "harness",
          "line": 87
        }
      },
      "harness.pointer_dereference.35": {
        "class": "pointer dereference",
        "description": "dereference failure: pointer outside object bounds in drive_model->s_d",
        "expression": "(unsigned __CPROVER_bitvector[65])__CPROVER_OBJECT_SIZE(drive_model) >= (unsigned __CPROVER_bitvector[65])(__CPROVER_POINTER_OFFSET(drive_model) + 28ul) + 4",
        "location": {
          "file": "cbmc/proofs/drive_create_linear_model/drive_create_linear_model_harness.c",
          "function": "harness",
          "line": 87
        }
      },
      "harness.pointer_dereference.36": {
        "class": "pointer dereference",
        "description": "dereference failure: invalid integer address in drive_model->s_d",
        "expression": "!(__CPROVER_POINTER_OBJECT(((uint32_t *)NULL)) == __CPROVER_POINTER_OBJECT(drive_model)) || (char *)drive_model + 28l == ((char *)NULL)",
        "location": {
          "file": "cbmc/proofs/drive_create_linear_model/drive_create_linear_model_harness.c",
          "function": "harness",
          "line": 87
        }
      },
      "harness.pointer_dereference.37": {
        "class": "pointer dereference",
        "description": "dereference failure: pointer NULL in drive_model->v_top",
        "expression": "!(__CPROVER_POINTER_OBJECT(((double *)NULL)) == __CPROVER_POINTER_OBJECT(drive_model))",
        "location": {
          "file": "cbmc/proofs/drive_create_linear_model/drive_create_linear_model_harness.c",
          "function": "harness",
          "line": 88
        }
      },
      "harness.pointer_dereference.38": {
        "class": "pointer dereference",
        "description": "dereference failure: pointer invalid in drive_model->v_top",
        "expression": "!IS_INVALID_POINTER(drive_model)",
        "location": {
          "file": "cbmc/proofs/drive_create_linear_model/drive_create_linear_model_harness.c",
          "function": "harness",
          "line": 88
        }
      },
      "harness.pointer_dereference.39": {
        "class": "pointer dereference",
        "description": "dereference failure: deallocated dynamic object in drive_model->v_top",
        "expression": "!(__CPROVER_POINTER_OBJECT(drive_model) == __CPROVER_POINTER_OBJECT(__CPROVER_deallocated))",
        "location": {
          "file": "cbmc/proofs/drive_create_linear_model/drive_create_linear_model_harness.c",
          "function": "harness",
          "line": 88
        }
      },
      "harness.pointer_dereference.4": {
        "class": "pointer dereference",
        "description": "dereference failure: dead object in drive_model->a",
        "expression": "!(__CPROVER_POINTER_OBJECT(drive_model) == __CPROVER_POINTER_OBJECT(__CPROVER_dead_object))",
        "location": {
          "file": "cbmc/proofs/drive_create_linear_model/drive_create_linear_model_harness.c",
          "function": "harness",
          "line": 80
        }
      },
      "harness.pointer_dereference.40": {
        "class": "pointer dereference",
        "description": "dereference failure: dead object in drive_model->v_top",
        "expression": "!(__CPROVER_POINTER_OBJECT(drive_model) == __CPROVER_POINTER_OBJECT(__CPROVER_dead_object))",
        "location": {
          "file": "cbmc/proofs/drive_create_linear_model/drive_create_linear_model_harness.c",
          "function": "harness",
          "line": 88
        }
      },
      "harness.pointer_dereference.41": {
        "class": "pointer dereference",
        "description": "dereference failure: pointer outside object bounds in drive_model->v_top",
        "expression": "(unsigned __CPROVER_bitvector[65])__CPROVER_OBJECT_SIZE(drive_model) >= (unsigned __CPROVER_bitvector[65])(__CPROVER_POINTER_OFFSET(drive_model) + 32ul) + 8",
        "location": {
          "file": "cbmc/proofs/drive_create_linear_model/drive_create_linear_model_harness.c",
          "function": "harness",
          "line": 88
        }
      },
      "harness.pointer_dereference.42": {
        "class": "pointer dereference",
        "description": "dereference failure: invalid integer address in drive_model->v_top",
        "expression": "!(__CPROVER_POINTER_OBJECT(((double *)NULL)) == __CPROVER_POINTER_OBJECT(drive_model)) || (char *)drive_model + 32l == ((char *)NULL)",
        "location": {
          "file": "cbmc/proofs/drive_create_linear_model/drive_create_linear_model_harness.c",
          "function": "harness",
          "line": 88
        }
      },
      "harness.pointer_dereference.43": {
        "class": "pointer dereference",
        "description": "dereference failure: pointer NULL in drive_model->t_a",
        "expression": "!(__CPROVER_POINTER_OBJECT(((double *)NULL)) == __CPROVER_POINTER_OBJECT(drive_model))",
        "location": {
          "file": "cbmc/proofs/drive_create_linear_model/drive_create_linear_model_harness.c",
          "function": "harness",
          "line": 96
        }
      },
      "harness.pointer_dereference.44": {
        "class": "pointer dereference",
        "description": "dereference failure: pointer invalid in drive_model->t_a",
        "expression": "!IS_INVALID_POINTER(drive_model)",
        "location": {
          "file": "cbmc/proofs/drive_create_linear_model/drive_create_linear_model_harness.c",
          "function": "harness",
          "line": 96
        }
      },
      "harness.pointer_dereference.45": {
        "class": "pointer dereference",
        "description": "dereference failure: deallocated dynamic object in drive_model->t_a",
        "expression": "!(__CPROVER_POINTER_OBJECT(drive_model) == __CPROVER_POINTER_OBJECT(__CPROVER_deallocated))",
        "location": {
          "file": "cbmc/proofs/drive_create_linear_model/drive_create_linear_model_harness.c",
          "function": "harness",
          "line": 96
        }
      },
      "harness.pointer_dereference.46": {
        "class": "pointer dereference",
        "description": "dereference failure: dead object in drive_model->t_a",
        "expression": "!(__CPROVER_POINTER_OBJECT(drive_model) == __CPROVER_POINTER_OBJECT(__CPROVER_dead_object))",
        "location": {
          "file": "cbmc/proofs/drive_create_linear_model/drive_create_linear_model_harness.c",
          "function": "harness",
          "line": 96
        }
      },
      "harness.pointer_dereference.47": {
        "class": "pointer dereference",
        "description": "dereference failure: pointer outside object bounds in drive_model->t_a",
        "expression": "(unsigned __CPROVER_bitvector[65])__CPROVER_OBJECT_SIZE(drive_model) >= (unsigned __CPROVER_bitvector[65])(__CPROVER_POINTER_OFFSET(drive_model) + 8ul) + 8",
        "location": {
          "file": "cbmc/proofs/drive_create_linear_model/drive_create_linear_model_harness.c",
          "function": "harness",
          "line": 96
        }
      },
      "harness.pointer_dereference.48": {
        "class": "pointer dereference",
        "description": "dereference failure: invalid integer address in drive_model->t_a",
        "expression": "!(__CPROVER_POINTER_OBJECT(((double *)NULL)) == __CPROVER_POINTER_OBJECT(drive_model)) || (char *)drive_model + 8l == ((char *)NULL)",
        "location": {
          "file": "cbmc/proofs/drive_create_linear_model/drive_create_linear_model_harness.c",
          "function": "harness",
          "line": 96
        }
      },
      "harness.pointer_dereference.49": {
        "class": "pointer dereference",
        "description": "dereference failure: pointer NULL in drive_model->t_d",
        "expression": "!(__CPROVER_POINTER_OBJECT(((double *)NULL)) == __CPROVER_POINTER_OBJECT(drive_model))",
        "location": {
          "file": "cbmc/proofs/drive_create_linear_model/drive_create_linear_model_harness.c",
          "function": "harness",
          "line": 99
        }
      },
      "harness.pointer_dereference.5": {
        "class": "pointer dereference",
        "description": "dereference failure: pointer outside object bounds in drive_model->a",
        "expression": "(unsigned __CPROVER_bitvector[65])__CPROVER_OBJECT_SIZE(drive_model) >= (unsigned __CPROVER_bitvector[65])__CPROVER_POINTER_OFFSET(drive_model) + 4",
        "location": {
          "file": "cbmc/proofs/drive_create_linear_model/drive_create_linear_model_harness.c",
          "function": "harness",
          "line": 80
        }
      },
      "harness.pointer_dereference.50": {
        "class": "pointer dereference",
        "description": "dereference failure: pointer invalid in drive_model->t_d",
        "expression": "!IS_INVALID_POINTER(drive_model)",
        "location": {
          "file": "cbmc/proofs/drive_create_linear_model/drive_create_linear_model_harness.c",
          "function": "harness",
          "line": 99
        }
      },
      "harness.pointer_dereference.51": {
        "class": "pointer dereference",
        "description": "dereference failure: deallocated dynamic object in drive_model->t_d",
        "expression": "!(__CPROVER_POINTER_OBJECT(drive_model) == __CPROVER_POINTER_OBJECT(__CPROVER_deallocated))",
        "location": {
          "file": "cbmc/proofs/drive_create_linear_model/drive_create_linear_model_harness.c",
          "function": "harness",
          "line": 99
        }
      },
      "harness.pointer_dereference.52": {
        "class": "pointer dereference",
        "description": "dereference failure: dead object in drive_model->t_d",
        "expression": "!(__CPROVER_POINTER_OBJECT(drive_model) == __CPROVER_POINTER_OBJECT(__CPROVER_dead_object))",
        "location": {
          "file": "cbmc/proofs/drive_create_linear_model/drive_create_linear_model_harness.c",
          "function": "harness",
          "line": 99
        }
      },
      "harness.pointer_dereference.53": {
        "class": "pointer dereference",
        "description": "dereference failure: pointer outside object bounds in drive_model->t_d",
        "expression": "(unsigned __CPROVER_bitvector[65])__CPROVER_OBJECT_SIZE(drive_model) >= (unsigned __CPROVER_bitvector[65])(__CPROVER_POINTER_OFFSET(drive_model) + 16ul) + 8",
        "location": {
          "file": "cbmc/proofs/drive_create_linear_model/drive_create_linear_model_harness.c",
          "function": "harness",
          "line": 99
        }
      },
      "harness.pointer_dereference.54": {
        "class": "pointer dereference",
        "description": "dereference failure: invalid integer address in drive_model->t_d",
        "expression": "!(__CPROVER_POINTER_OBJECT(((double *)NULL)) == __CPROVER_POINTER_OBJECT(drive_model)) || (char *)drive_model + 16l == ((char *)NULL)",
        "location": {
          "file": "cbmc/proofs/drive_create_linear_model/drive_create_linear_model_harness.c",
          "function": "harness",
          "line": 99
        }
      },
      "harness.pointer_dereference.55": {
        "class": "pointer dereference",
        "description": "dereference failure: pointer NULL in drive_model->s_a",
        "expression": "!(__CPROVER_POINTER_OBJECT(((uint32_t *)NULL)) == __CPROVER_POINTER_OBJECT(drive_model))",
        "location": {
          "file": "cbmc/proofs/drive_create_linear_model/drive_create_linear_model_harness.c",
          "function": "harness",
          "line": 104
        }
      },
      "harness.pointer_dereference.56": {
        "class": "pointer dereference",
        "description": "dereference failure: pointer invalid in drive_model->s_a",
        "expression": "!IS_INVALID_POINTER(drive_model)",
        "location": {
          "file": "cbmc/proofs/drive_create_linear_model/drive_create_linear_model_harness.c",
          "function": "harness",
          "line": 104
        }
      },
      "harness.pointer_dereference.57": {
        "class": "pointer dereference",
        "description": "dereference failure: deallocated dynamic object in drive_model->s_a",
        "expression": "!(__CPROVER_POINTER_OBJECT(drive_model) == __CPROVER_POINTER_OBJECT(__CPROVER_deallocated))",
        "location": {
          "file": "cbmc/proofs/drive_create_linear_model/drive_create_linear_model_harness.c",
          "function": "harness",
          "line": 104
        }
      },
      "harness.pointer_dereference.58": {
        "class": "pointer dereference",
        "description": "dereference failure: dead object in drive_model->s_a",
        "expression": "!(__CPROVER_POINTER_OBJECT(drive_model) == __CPROVER_POINTER_OBJECT(__CPROVER_dead_object))",
        "location": {
          "file": "cbmc/proofs/drive_create_linear_model/drive_create_linear_model_harness.c",
          "function": "harness",
          "line": 104
        }
      },
      "harness.pointer_dereference.59": {
        "class": "pointer dereference",
        "description": "dereference failure: pointer outside object bounds in drive_model->s_a",
        "expression": "(unsigned __CPROVER_bitvector[65])__CPROVER_OBJECT_SIZE(drive_model) >= (unsigned __CPROVER_bitvector[65])(__CPROVER_POINTER_OFFSET(drive_model) + 24ul) + 4",
        "location": {
          "file": "cbmc/proofs/drive_create_linear_model/drive_create_linear_model_harness.c",
          "function": "harness",
          "line": 104
        }
      },
      "harness.pointer_dereference.6": {
        "class": "pointer dereference",
        "description": "dereference failure: invalid integer address in drive_model->a",
        "expression": "!(__CPROVER_POINTER_OBJECT(((int32_t *)NULL)) == __CPROVER_POINTER_OBJECT(drive_model)) || drive_model == ((drive_model_t *)NULL)",
        "location": {
          "file": "cbmc/proofs/drive_create_linear_model/drive_create_linear_model_harness.c",
          "function": "harness",
          "line": 80
        }
      },
      "harness.pointer_dereference.60": {
        "class": "pointer dereference",
        "description": "dereference failure: invalid integer address in drive_model->s_a",
        "expression": "!(__CPROVER_POINTER_OBJECT(((uint32_t *)NULL)) == __CPROVER_POINTER_OBJECT(drive_model)) || (char *)drive_model + 24l == ((char *)NULL)",
        "location": {
          "file": "cbmc/proofs/drive_create_linear_model/drive_create_linear_model_harness.c",
          "function": "harness",
          "line": 104
        }
      },
      "harness.pointer_dereference.61": {
        "class": "pointer dereference",
        "description": "dereference failure: pointer NULL in drive_model->s_d",
        "expression": "!(__CPROVER_POINTER_OBJECT(((uint32_t *)NULL)) == __CPROVER_POINTER_OBJECT(drive_model))",
        "location": {
          "file": "cbmc/proofs/drive_create_linear_model/drive_create_linear_model_harness.c",
          "function": "harness",
          "line": 107
        }
      },
      "harness.pointer_dereference.62": {
        "class": "pointer dereference",
        "description": "dereference failure: pointer invalid in drive_model->s_d",
        "expression": "!IS_INVALID_POINTER(drive_model)",
        "location": {
          "file": "cbmc/proofs/drive_create_linear_model/drive_create_linear_model_harness.c",
          "function": "harness",
          "line": 107
        }
      },
      "harness.pointer_dereference.63": {
        "class": "pointer dereference",
        "description": "dereference failure: deallocated dynamic object in drive_model->s_d",
        "expression": "!(__CPROVER_POINTER_OBJECT(drive_model) == __CPROVER_POINTER_OBJECT(__CPROVER_deallocated))",
        "location": {
          "file": "cbmc/proofs/drive_create_linear_model/drive_create_linear_model_harness.c",
          "function": "harness",
          "line": 107
        }
      },
      "harness.pointer_dereference.64": {
        "class": "pointer dereference",
        "description": "dereference failure: dead object in drive_model->s_d",
        "expression": "!(__CPROVER_POINTER_OBJECT(drive_model) == __CPROVER_POINTER_OBJECT(__CPROVER_dead_object))",
        "location": {
          "file": "cbmc/proofs/drive_create_linear_model/drive_create_linear_model_harness.c",
          "function": "harness",
          "line": 107
        }
      },
      "harness.pointer_dereference.65": {
        "class": "pointer dereference",
        "description": "dereference failure: pointer outside object bounds in drive_model->s_d",
        "expression": "(unsigned __CPROVER_bitvector[65])__CPROVER_OBJECT_SIZE(drive_model) >= (unsigned __CPROVER_bitvector[65])(__CPROVER_POINTER_OFFSET(drive_model) + 28ul) + 4",
        "location": {
          "file": "cbmc/proofs/drive_create_linear_model/drive_create_linear_model_harness.c",
          "function": "harness",
          "line": 107
        }
      },
      "harness.pointer_dereference.66": {
        "class": "pointer dereference",
        "description": "dereference failure: invalid integer address in drive_model->s_d",
        "expression": "!(__CPROVER_POINTER_OBJECT(((uint32_t *)NULL)) == __CPROVER_POINTER_OBJECT(drive_model)) || (char *)drive_model + 28l == ((char *)NULL)",
        "location": {
          "file": "cbmc/proofs/drive_create_linear_model/drive_create_linear_model_harness.c",
          "function": "harness",
          "line": 107
        }
      },
      "harness.pointer_dereference.67": {
        "class": "pointer dereference",
        "description": "dereference failure: pointer NULL in drive_model->v_top",
        "expression": "!(__CPROVER_POINTER_OBJECT(((double *)NULL)) == __CPROVER_POINTER_OBJECT(drive_model))",
        "location": {
          "file": "cbmc/proofs/drive_create_linear_model/drive_create_linear_model_harness.c",
          "function": "harness",
          "line": 112
        }
      },
      "harness.pointer_dereference.68": {
        "class": "pointer dereference",
        "description": "dereference failure: pointer invalid in drive_model->v_top",
        "expression": "!IS_INVALID_POINTER(drive_model)",
        "location": {
          "file": "cbmc/proofs/drive_create_linear_model/drive_create_linear_model_harness.c",
          "function": "harness",
          "line": 112
        }
      },
      "harness.pointer_dereference.69": {
        "class": "pointer dereference",
        "description": "dereference failure: deallocated dynamic object in drive_model->v_top",
        "expression": "!(__CPROVER_POINTER_OBJECT(drive_model) == __CPROVER_POINTER_OBJECT(__CPROVER_deallocated))",
        "location": {
          "file": "cbmc/proofs/drive_create_linear_model/drive_create_linear_model_harness.c",
          "function": "harness",
          "line": 112
        }
      },
      "harness.pointer_dereference.7": {
        "class": "pointer dereference",
        "description": "dereference failure: pointer NULL in drive_model->d",
        "expression": "!(__CPROVER_POINTER_OBJECT(((int32_t *)NULL)) == __CPROVER_POINTER_OBJECT(drive_model))",
        "location": {
          "file": "cbmc/proofs/drive_create_linear_model/drive_create_linear_model_harness.c",
          "function": "harness",
          "line": 81
        }
      },
      "harness.pointer_dereference.70": {
        "class": "pointer dereference",
        "description": "dereference failure: dead object in drive_model->v_top",
        "expression": "!(__CPROVER_POINTER_OBJECT(drive_model) == __CPROVER_POINTER_OBJECT(__CPROVER_dead_object))",
        "location": {
          "file": "cbmc/proofs/drive_create_linear_model/drive_create_linear_model_harness.c",
          "function": "harness",
          "line": 112
        }
      },
      "harness.pointer_dereference.71": {
        "class": "pointer dereference",
        "description": "dereference failure: pointer outside object bounds in drive_model->v_top",
        "expression": "(unsigned __CPROVER_bitvector[65])__CPROVER_OBJECT_SIZE(drive_model) >= (unsigned __CPROVER_bitvector[65])(__CPROVER_POINTER_OFFSET(drive_model) + 32ul) + 8",
        "location": {
          "file": "cbmc/proofs/drive_create_linear_model/drive_create_linear_model_harness.c",
          "function": "harness",
          "line": 112
        }
      },
      "harness.pointer_dereference.72": {
        "class": "pointer dereference",
        "description": "dereference failure: invalid integer address in drive_model->v_top",
        "expression": "!(__CPROVER_POINTER_OBJECT(((double *)NULL)) == __CPROVER_POINTER_OBJECT(drive_model)) || (char *)drive_model + 32l == ((char *)NULL)",
        "location": {
          "file": "cbmc/proofs/drive_create_linear_model/drive_create_linear_model_harness.c",
          "function": "harness",
          "line": 112
        }
      },
      "harness.pointer_dereference.8": {
        "class": "pointer dereference",
        "description": "dereference failure: pointer invalid in drive_model->d",
        "expression": "!IS_INVALID_POINTER(drive_model)",
        "location": {
          "file": "cbmc/proofs/drive_create_linear_model/drive_create_linear_model_harness.c",
          "function": "harness",
          "line": 81
        }
      },
      "harness.pointer_dereference.9": {
        "class": "pointer dereference",
        "description": "dereference failure: deallocated dynamic object in drive_model->d",
        "expression": "!(__CPROVER_POINTER_OBJECT(drive_model) == __CPROVER_POINTER_OBJECT(__CPROVER_deallocated))",
        "location": {
          "file": "cbmc/proofs/drive_create_linear_model/drive_create_linear_model_harness.c",
          "function": "harness",
          "line": 81
        }
      },
      "malloc.assertion.1": {
        "class": "assertion",
        "description": "max allocation size exceeded",
        "expression": "malloc_size <= __CPROVER_max_malloc_size",
        "location": {
          "file": "<builtin-library-malloc>",
          "function": "malloc",
          "line": 31
        }
      },
      "malloc.assertion.2": {
        "class": "assertion",
        "description": "max allocation may fail",
        "expression": "!(1 != 0) || !should_malloc_fail",
        "location": {
          "file": "<builtin-library-malloc>",
          "function": "malloc",
          "line": 36
        }
      }
    }
  }
}
