{
  "viewer-coverage": {
    "coverage": {
      "cbmc/proofs/drive_create_linear_model/drive_create_linear_model_harness.c": {
        "__builtin_sqrt": {
          "31": "hit",
          "32": "hit",
          "34": "hit",
          "35": "hit",
          "38": "hit",
          "39": "hit",
          "40": "hit",
          "41": "hit",
          "42": "hit"
        },
        "harness": {
          "63": "hit",
          "64": "hit",
          "66": "hit",
          "68": "hit",
          "69": "hit",
          "71": "hit",
          "72": "hit",
          "73": "hit",
          "75": "hit",
          "76": "hit",
          "78": "hit",
          "80": "hit",
          "81": "hit",
          "83": "hit",
          "84": "hit",
          "85": "hit",
          "86": "hit",
          "87": "hit",
          "88": "hit",
          "90": "hit",
          "91": "hit",
          "92": "hit",
          "93": "hit",
          "94": "hit",
          "96": "hit",
          "97": "hit",
          "99": "hit",
          "100": "hit",
          "102": "hit",
          "104": "hit",
          "105": "hit",
          "107": "hit",
          "108": "hit",
          "110": "hit",
          "112": "hit",
          "115": "hit",
          "117": "hit"
        }
      },
      "src/helpers/rotation_drive_model.c": {
        "drive_create_linear_model": {
          "21": "hit",
          "22": "hit",
          "28": "hit",
          "29": "hit",
          "32": "hit",
          "34": "hit",
          "37": "hit",
          "38": "hit",
          "41": "hit",
          "43": "hit",
          "44": "hit",
          "47": "hit",
          "48": "hit",
          "49": "hit"
        }
      },
      "src/include/helpers/rotation_drive_model.h": {
        "drive_speed_to_sps": {
          "152": "hit",
          "153": "hit"
        }
      }
    },
    "function_coverage": {
      "cbmc/proofs/drive_create_linear_model/drive_create_linear_model_harness.c": {
        "__builtin_sqrt": {
          "hit": 9,
          "percentage": 1.0,
          "total": 9
        },
        "harness": {
          "hit": 37,
          "percentage": 1.0,
          "total": 37
        }
      },
      "src/helpers/rotation_drive_model.c": {
        "drive_create_linear_model": {
          "hit": 14,
          "percentage": 1.0,
          "total": 14
        }
      },
      "src/include/helpers/rotation_drive_model.h": {
        "drive_speed_to_sps": {
          "hit": 2,
          "percentage": 1.0,
          "total": 2
        }
      }
    },
    "line_coverage": {
      "cbmc/proofs/drive_create_linear_model/drive_create_linear_model_harness.c": {
        "31": "hit",
        "32": "hit",
        "34": "hit",
        "35": "hit",
        "38": "hit",
        "39": "hit",
        "40": "hit",
        "41": "hit",
        "42": "hit",
        "63": "hit",
        "64": "hit",
        "66": "hit",
        "68": "hit",
        "69": "hit",
        "71": "hit",
        "72": "hit",
        "73": "hit",
        "75": "hit",
        "76": "hit",
        "78": "hit",
        "80": "hit",
        "81": "hit",
        "83": "hit",
        "84": "hit",
        "85": "hit",
        "86": "hit",
        "87": "hit",
        "88": "hit",
        "90": "hit",
        "91": "hit",
        "92": "hit",
        "93": "hit",
        "94": "hit",
        "96": "hit",
        "97": "hit",
        "99": "hit",
        "100": "hit",
        "102": "hit",
        "104": "hit",
        "105": "hit",
        "107": "hit",
        "108": "hit",
        "110": "hit",
        "112": "hit",
        "115": "hit",
        "117": "hit"
      },
      "src/helpers/rotation_drive_model.c": {
        "21": "hit",
        "22": "hit",
        "28": "hit",
        "29": "hit",
        "32": "hit",
        "34": "hit",
        "37": "hit",
        "38": "hit",
        "41": "hit",
        "43": "hit",
        "44": "hit",
        "47": "hit",
        "48": "hit",
        "49": "hit"
      },
      "src/include/helpers/rotation_drive_model.h": {
        "152": "hit",
        "153": "hit"
      }
    },
    "overall_coverage": {
      "hit": 62,
      "percentage": 1.0,
      "total": 62
    }
  }
}
