{
  "viewer-symbol": {
    "symbols": {
      "#anon#ST[S32'a'|S32'd'|F64't_a'|F64't_d'|U32's_a'|U32's_d'|F64'v_top']": {
        "file": "src/include/helpers/rotation_drive_model.h",
        "function": null,
        "line": 46
      },
      "DRIVE_ACCELERATION_STEPS_S2": {
        "file": "src/include/helpers/rotation_drive_model.h",
        "function": null,
        "line": 35
      },
      "DRIVE_DECELERATION_STEPS_S2": {
        "file": "src/include/helpers/rotation_drive_model.h",
        "function": null,
        "line": 36
      },
      "DRIVE_DELAY_MAX": {
        "file": "src/include/helpers/rotation_drive_model.h",
        "function": null,
        "line": 106
      },
      "DRIVE_DIRECTION_FORWARD": {
        "file": "src/include/helpers/rotation_drive_model.h",
        "function": null,
        "line": 40
      },
      "DRIVE_FULLSTEPS_PER_MOTORTURN": {
        "file": "src/include/helpers/rotation_drive_model.h",
        "function": null,
        "line": 37
      },
      "DRIVE_MICROSTEPS": {
        "file": "src/include/helpers/rotation_drive_model.h",
        "function": null,
        "line": 107
      },
      "DRIVE_ROTATE_SLOW_SPEED": {
        "file": "src/include/helpers/rotation_drive_model.h",
        "function": null,
        "line": 33
      },
      "DRIVE_RUN_TIMEOUT_MARGIN_100US": {
        "file": "src/include/helpers/rotation_drive_model.h",
        "function": null,
        "line": 39
      },
      "DRIVE_SLOW_ROTATION_TABLE": {
        "file": "src/include/helpers/rotation_drive_model.h",
        "function": null,
        "line": 32
      },
      "DRIVE_SPPED_MAX_PREDEFINDED": {
        "file": "src/include/helpers/rotation_drive_model.h",
        "function": null,
        "line": 34
      },
      "DriveDelay64": {
        "file": "src/include/helpers/rotation_drive_model.h",
        "function": null,
        "line": 58
      },
      "DriveDelay8128": {
        "file": "src/include/helpers/rotation_drive_model.h",
        "function": null,
        "line": 59
      },
      "INCLUDE_HELPERS_ROTATION_DRIVE_MODEL_H_": {
        "file": "src/include/helpers/rotation_drive_model.h",
        "function": null,
        "line": 9
      },
      "TSCP_MAX_DISPLACEMENT_DEG": {
        "file": "cbmc/proofs/drive_create_linear_model/drive_create_linear_model_harness.c",
        "function": null,
        "line": 25
      },
      "TSCP_MDEG_TO_STEP": {
        "file": "cbmc/proofs/drive_create_linear_model/drive_create_linear_model_harness.c",
        "function": null,
        "line": 26
      },
      "__anon458a6bf60108": {
        "file": "src/include/helpers/rotation_drive_model.h",
        "function": null,
        "line": 46
      },
      "__anon458a6bf60203": {
        "file": "src/include/helpers/rotation_drive_model.h",
        "function": null,
        "line": 57
      },
      "__anon458a6bf60303": {
        "file": "src/include/helpers/rotation_drive_model.h",
        "function": null,
        "line": 78
      },
      "__builtin_sqrt": {
        "file": "cbmc/proofs/drive_create_linear_model/drive_create_linear_model_harness.c",
        "function": null,
        "line": 28
      },
      "__builtin_sqrt::1::root": {
        "file": "cbmc/proofs/drive_create_linear_model/drive_create_linear_model_harness.c",
        "function": null,
        "line": 38
      },
      "__builtin_sqrt::x": {
        "file": "cbmc/proofs/drive_create_linear_model/drive_create_linear_model_harness.c",
        "function": null,
        "line": 28
      },
      "a": {
        "file": "src/include/helpers/rotation_drive_model.h",
        "function": null,
        "line": 47
      },
      "d": {
        "file": "src/include/helpers/rotation_drive_model.h",
        "function": null,
        "line": 48
      },
      "data": {
        "file": "src/include/helpers/rotation_drive_model.h",
        "function": null,
        "line": 68
      },
      "delay": {
        "file": "src/include/helpers/rotation_drive_model.h",
        "function": null,
        "line": 63
      },
      "drive_create_acc_profile": {
        "file": "src/helpers/rotation_drive_model.c",
        "function": null,
        "line": 59
      },
      "drive_create_acc_profile::1::1::base64": {
        "file": "src/helpers/rotation_drive_model.c",
        "function": null,
        "line": 76
      },
      "drive_create_acc_profile::1::1::delay_us": {
        "file": "src/helpers/rotation_drive_model.c",
        "function": null,
        "line": 75
      },
      "drive_create_acc_profile::1::1::steps": {
        "file": "src/helpers/rotation_drive_model.c",
        "function": null,
        "line": 73
      },
      "drive_create_acc_profile::1::1::t_a": {
        "file": "src/helpers/rotation_drive_model.c",
        "function": null,
        "line": 72
      },
      "drive_create_acc_profile::1::delta_v": {
        "file": "src/helpers/rotation_drive_model.c",
        "function": null,
        "line": 64
      },
      "drive_create_acc_profile::1::l": {
        "file": "src/helpers/rotation_drive_model.c",
        "function": null,
        "line": 67
      },
      "drive_create_acc_profile::1::total_steps": {
        "file": "src/helpers/rotation_drive_model.c",
        "function": null,
        "line": 68
      },
      "drive_create_acc_profile::1::velocity": {
        "file": "src/helpers/rotation_drive_model.c",
        "function": null,
        "line": 65
      },
      "drive_create_acc_profile::a": {
        "file": "src/helpers/rotation_drive_model.c",
        "function": null,
        "line": 59
      },
      "drive_create_acc_profile::profile": {
        "file": "src/helpers/rotation_drive_model.c",
        "function": null,
        "line": 59
      },
      "drive_create_acc_profile::v": {
        "file": "src/helpers/rotation_drive_model.c",
        "function": null,
        "line": 59
      },
      "drive_create_linear_model": {
        "file": "src/helpers/rotation_drive_model.c",
        "function": null,
        "line": 20
      },
      "drive_create_linear_model::$tmp::return_value___builtin_sqrt": {
        "file": "src/helpers/rotation_drive_model.c",
        "function": null,
        "line": 28
      },
      "drive_create_linear_model::1::t_a": {
        "file": "src/helpers/rotation_drive_model.c",
        "function": null,
        "line": 28
      },
      "drive_create_linear_model::1::t_d": {
        "file": "src/helpers/rotation_drive_model.c",
        "function": null,
        "line": 29
      },
      "drive_create_linear_model::1::v_top": {
        "file": "src/helpers/rotation_drive_model.c",
        "function": null,
        "line": 32
      },
      "drive_create_linear_model::a": {
        "file": "src/helpers/rotation_drive_model.c",
        "function": null,
        "line": 20
      },
      "drive_create_linear_model::d": {
        "file": "src/helpers/rotation_drive_model.c",
        "function": null,
        "line": 20
      },
      "drive_create_linear_model::model": {
        "file": "src/helpers/rotation_drive_model.c",
        "function": null,
        "line": 20
      },
      "drive_create_linear_model::steps": {
        "file": "src/helpers/rotation_drive_model.c",
        "function": null,
        "line": 20
      },
      "drive_create_linear_model::v_max": {
        "file": "src/helpers/rotation_drive_model.c",
        "function": null,
        "line": 20
      },
      "drive_delay": {
        "file": "src/include/helpers/rotation_drive_model.h",
        "function": null,
        "line": 119
      },
      "drive_model_t": {
        "file": "src/include/helpers/rotation_drive_model.h",
        "function": null,
        "line": 54
      },
      "drive_profile_t": {
        "file": "src/include/helpers/rotation_drive_model.h",
        "function": null,
        "line": 67
      },
      "drive_ramp_table_sum": {
        "file": "src/include/helpers/rotation_drive_model.h",
        "function": null,
        "line": 136
      },
      "drive_runtime_100us": {
        "file": "src/include/helpers/rotation_drive_model.h",
        "function": null,
        "line": 169
      },
      "drive_speed_to_sps": {
        "file": "src/include/helpers/rotation_drive_model.h",
        "function": null,
        "line": 151
      },
      "drive_speed_to_sps::speed": {
        "file": "src/include/helpers/rotation_drive_model.h",
        "function": null,
        "line": 151
      },
      "drive_sps_to_speed": {
        "file": "src/include/helpers/rotation_drive_model.h",
        "function": null,
        "line": 159
      },
      "drive_t": {
        "file": "src/include/helpers/rotation_drive_model.h",
        "function": null,
        "line": 62
      },
      "drive_velocity": {
        "file": "src/include/helpers/rotation_drive_model.h",
        "function": null,
        "line": 114
      },
      "harness": {
        "file": "cbmc/proofs/drive_create_linear_model/drive_create_linear_model_harness.c",
        "function": null,
        "line": 49
      },
      "harness::$tmp::return_value_drive_speed_to_sps": {
        "file": "cbmc/proofs/drive_create_linear_model/drive_create_linear_model_harness.c",
        "function": null,
        "line": 71
      },
      "harness::$tmp::return_value_malloc": {
        "file": "cbmc/proofs/drive_create_linear_model/drive_create_linear_model_harness.c",
        "function": null,
        "line": 75
      },
      "harness::1::2::eps": {
        "file": "cbmc/proofs/drive_create_linear_model/drive_create_linear_model_harness.c",
        "function": null,
        "line": 94
      },
      "harness::1::2::max_acceleration": {
        "file": "cbmc/proofs/drive_create_linear_model/drive_create_linear_model_harness.c",
        "function": null,
        "line": 90
      },
      "harness::1::2::max_deceleration": {
        "file": "cbmc/proofs/drive_create_linear_model/drive_create_linear_model_harness.c",
        "function": null,
        "line": 91
      },
      "harness::1::2::max_steps_accelerating": {
        "file": "cbmc/proofs/drive_create_linear_model/drive_create_linear_model_harness.c",
        "function": null,
        "line": 92
      },
      "harness::1::2::max_steps_decelerating": {
        "file": "cbmc/proofs/drive_create_linear_model/drive_create_linear_model_harness.c",
        "function": null,
        "line": 93
      },
      "harness::1::acceleration": {
        "file": "cbmc/proofs/drive_create_linear_model/drive_create_linear_model_harness.c",
        "function": null,
        "line": 72
      },
      "harness::1::deceleration": {
        "file": "cbmc/proofs/drive_create_linear_model/drive_create_linear_model_harness.c",
        "function": null,
        "line": 73
      },
      "harness::1::drive_model": {
        "file": "cbmc/proofs/drive_create_linear_model/drive_create_linear_model_harness.c",
        "function": null,
        "line": 75
      },
      "harness::1::max_displacement_deg": {
        "file": "cbmc/proofs/drive_create_linear_model/drive_create_linear_model_harness.c",
        "function": null,
        "line": 63
      },
      "harness::1::max_velocity": {
        "file": "cbmc/proofs/drive_create_linear_model/drive_create_linear_model_harness.c",
        "function": null,
        "line": 71
      },
      "harness::1::rotation_speed_max": {
        "file": "cbmc/proofs/drive_create_linear_model/drive_create_linear_model_harness.c",
        "function": null,
        "line": 68
      },
      "harness::1::steps": {
        "file": "cbmc/proofs/drive_create_linear_model/drive_create_linear_model_harness.c",
        "function": null,
        "line": 66
      },
      "length": {
        "file": "src/include/helpers/rotation_drive_model.h",
        "function": null,
        "line": 70
      },
      "micro_delay_t": {
        "file": "src/include/helpers/rotation_drive_model.h",
        "function": null,
        "line": 60
      },
      "motorDelay1667us": {
        "file": "src/include/helpers/rotation_drive_model.h",
        "function": null,
        "line": 81
      },
      "motorDelay2500us": {
        "file": "src/include/helpers/rotation_drive_model.h",
        "function": null,
        "line": 80
      },
      "motorDelay5000us": {
        "file": "src/include/helpers/rotation_drive_model.h",
        "function": null,
        "line": 79
      },
      "motor_speed_t": {
        "file": "src/include/helpers/rotation_drive_model.h",
        "function": null,
        "line": 83
      },
      "ramp_table_acc": {
        "file": "src/include/helpers/rotation_drive_model.h",
        "function": null,
        "line": 86
      },
      "ramp_table_dec": {
        "file": "src/include/helpers/rotation_drive_model.h",
        "function": null,
        "line": 94
      },
      "s_a": {
        "file": "src/include/helpers/rotation_drive_model.h",
        "function": null,
        "line": 51
      },
      "s_d": {
        "file": "src/include/helpers/rotation_drive_model.h",
        "function": null,
        "line": 52
      },
      "size": {
        "file": "src/include/helpers/rotation_drive_model.h",
        "function": null,
        "line": 69
      },
      "steps": {
        "file": "src/include/helpers/rotation_drive_model.h",
        "function": null,
        "line": 64
      },
      "t_a": {
        "file": "src/include/helpers/rotation_drive_model.h",
        "function": null,
        "line": 49
      },
      "t_d": {
        "file": "src/include/helpers/rotation_drive_model.h",
        "function": null,
        "line": 50
      },
      "v_top": {
        "file": "src/include/helpers/rotation_drive_model.h",
        "function": null,
        "line": 53
      }
    }
  }
}
