<?xml version="1.0" encoding="UTF-8"?>
<cprover>
<program>CBMC 5.95.1 (cbmc-5.95.1)</program>
<message type="WARNING">
  <text>**** WARNING: Use --unwinding-assertions to obtain sound verification results</text>
</message>

<message type="WARNING">
  <text>**** WARNING: Use --unwinding-assertions to obtain sound verification results</text>
</message>

<message type="STATUS-MESSAGE">
  <text>CBMC version 5.95.1 (cbmc-5.95.1) 64-bit x86_64 linux</text>
</message>

<message type="STATUS-MESSAGE">
  <text>Reading GOTO program from file /cassis-verif/data/cbmc/proofs/generate_md5_digest/gotos/generate_md5_digest_harness.goto</text>
</message>

<message type="STATUS-MESSAGE">
  <text>Generating GOTO Program</text>
</message>

<message type="STATUS-MESSAGE">
  <text>Adding CPROVER library (x86_64)</text>
</message>

<message type="STATUS-MESSAGE">
  <text>Removal of function pointers and virtual functions</text>
</message>

<message type="STATUS-MESSAGE">
  <text>Generic Property Instrumentation</text>
</message>

<message type="STATUS-MESSAGE">
  <text>Rewriting existing assertions as assumptions</text>
</message>

<message type="STATUS-MESSAGE">
  <text>Running with 8 object bits, 56 offset bits (user-specified)</text>
</message>

<message type="STATUS-MESSAGE">
  <text>Starting Bounded Model Checking</text>
</message>

<message type="STATUS-MESSAGE">
  <text>Unwinding loop generate_md5_digest.0 iteration 1 file /cassis-verif/data/src/helpers/cassis_utilities.c line 139 function generate_md5_digest thread 0</text>
</message>

<message type="STATUS-MESSAGE">
  <text>Unwinding loop generate_md5_digest.0 iteration 2 file /cassis-verif/data/src/helpers/cassis_utilities.c line 139 function generate_md5_digest thread 0</text>
</message>

<message type="STATUS-MESSAGE">
  <text>Unwinding loop generate_md5_digest.0 iteration 3 file /cassis-verif/data/src/helpers/cassis_utilities.c line 139 function generate_md5_digest thread 0</text>
</message>

<message type="STATUS-MESSAGE">
  <text>Unwinding loop generate_md5_digest.0 iteration 4 file /cassis-verif/data/src/helpers/cassis_utilities.c line 139 function generate_md5_digest thread 0</text>
</message>

<message type="STATUS-MESSAGE">
  <text>Unwinding loop generate_md5_digest.0 iteration 5 file /cassis-verif/data/src/helpers/cassis_utilities.c line 139 function generate_md5_digest thread 0</text>
</message>

<message type="STATUS-MESSAGE">
  <text>Unwinding loop generate_md5_digest.0 iteration 6 file /cassis-verif/data/src/helpers/cassis_utilities.c line 139 function generate_md5_digest thread 0</text>
</message>

<message type="STATUS-MESSAGE">
  <text>Unwinding loop generate_md5_digest.0 iteration 7 file /cassis-verif/data/src/helpers/cassis_utilities.c line 139 function generate_md5_digest thread 0</text>
</message>

<message type="STATUS-MESSAGE">
  <text>Unwinding loop generate_md5_digest.0 iteration 8 file /cassis-verif/data/src/helpers/cassis_utilities.c line 139 function generate_md5_digest thread 0</text>
</message>

<message type="STATUS-MESSAGE">
  <text>Unwinding loop generate_md5_digest.0 iteration 9 file /cassis-verif/data/src/helpers/cassis_utilities.c line 139 function generate_md5_digest thread 0</text>
</message>

<message type="STATUS-MESSAGE">
  <text>Unwinding loop generate_md5_digest.0 iteration 10 file /cassis-verif/data/src/helpers/cassis_utilities.c line 139 function generate_md5_digest thread 0</text>
</message>

<message type="STATUS-MESSAGE">
  <text>Unwinding loop generate_md5_digest.0 iteration 11 file /cassis-verif/data/src/helpers/cassis_utilities.c line 139 function generate_md5_digest thread 0</text>
</message>

<message type="STATUS-MESSAGE">
  <text>Unwinding loop generate_md5_digest.0 iteration 12 file /cassis-verif/data/src/helpers/cassis_utilities.c line 139 function generate_md5_digest thread 0</text>
</message>

<message type="STATUS-MESSAGE">
  <text>Unwinding loop generate_md5_digest.0 iteration 13 file /cassis-verif/data/src/helpers/cassis_utilities.c line 139 function generate_md5_digest thread 0</text>
</message>

<message type="STATUS-MESSAGE">
  <text>Unwinding loop generate_md5_digest.0 iteration 14 file /cassis-verif/data/src/helpers/cassis_utilities.c line 139 function generate_md5_digest thread 0</text>
</message>

<message type="STATUS-MESSAGE">
  <text>Unwinding loop generate_md5_digest.0 iteration 15 file /cassis-verif/data/src/helpers/cassis_utilities.c line 139 function generate_md5_digest thread 0</text>
</message>

<message type="STATUS-MESSAGE">
  <text>Unwinding loop generate_md5_digest.0 iteration 16 file /cassis-verif/data/src/helpers/cassis_utilities.c line 139 function generate_md5_digest thread 0</text>
</message>

<message type="STATUS-MESSAGE">
  <text>Unwinding loop generate_md5_digest.0 iteration 17 file /cassis-verif/data/src/helpers/cassis_utilities.c line 139 function generate_md5_digest thread 0</text>
</message>

<message type="STATUS-MESSAGE">
  <text>Unwinding loop generate_md5_digest.0 iteration 18 file /cassis-verif/data/src/helpers/cassis_utilities.c line 139 function generate_md5_digest thread 0</text>
</message>

<message type="STATUS-MESSAGE">
  <text>Unwinding loop generate_md5_digest.0 iteration 19 file /cassis-verif/data/src/helpers/cassis_utilities.c line 139 function generate_md5_digest thread 0</text>
</message>

<message type="STATUS-MESSAGE">
  <text>Unwinding loop generate_md5_digest.0 iteration 20 file /cassis-verif/data/src/helpers/cassis_utilities.c line 139 function generate_md5_digest thread 0</text>
</message>

<message type="STATUS-MESSAGE">
  <text>Unwinding loop generate_md5_digest.0 iteration 21 file /cassis-verif/data/src/helpers/cassis_utilities.c line 139 function generate_md5_digest thread 0</text>
</message>

<message type="STATUS-MESSAGE">
  <text>Unwinding loop generate_md5_digest.0 iteration 22 file /cassis-verif/data/src/helpers/cassis_utilities.c line 139 function generate_md5_digest thread 0</text>
</message>

<message type="STATUS-MESSAGE">
  <text>Unwinding loop generate_md5_digest.0 iteration 23 file /cassis-verif/data/src/helpers/cassis_utilities.c line 139 function generate_md5_digest thread 0</text>
</message>

<message type="STATUS-MESSAGE">
  <text>Unwinding loop generate_md5_digest.0 iteration 24 file /cassis-verif/data/src/helpers/cassis_utilities.c line 139 function generate_md5_digest thread 0</text>
</message>

<message type="STATUS-MESSAGE">
  <text>Unwinding loop generate_md5_digest.0 iteration 25 file /cassis-verif/data/src/helpers/cassis_utilities.c line 139 function generate_md5_digest thread 0</text>
</message>

<message type="STATUS-MESSAGE">
  <text>Unwinding loop generate_md5_digest.0 iteration 26 file /cassis-verif/data/src/helpers/cassis_utilities.c line 139 function generate_md5_digest thread 0</text>
</message>

<message type="STATUS-MESSAGE">
  <text>Unwinding loop generate_md5_digest.0 iteration 27 file /cassis-verif/data/src/helpers/cassis_utilities.c line 139 function generate_md5_digest thread 0</text>
</message>

<message type="STATUS-MESSAGE">
  <text>Unwinding loop generate_md5_digest.0 iteration 28 file /cassis-verif/data/src/helpers/cassis_utilities.c line 139 function generate_md5_digest thread 0</text>
</message>

<message type="STATUS-MESSAGE">
  <text>Unwinding loop generate_md5_digest.0 iteration 29 file /cassis-verif/data/src/helpers/cassis_utilities.c line 139 function generate_md5_digest thread 0</text>
</message>

<message type="STATUS-MESSAGE">
  <text>Unwinding loop generate_md5_digest.0 iteration 30 file /cassis-verif/data/src/helpers/cassis_utilities.c line 139 function generate_md5_digest thread 0</text>
</message>

<message type="STATUS-MESSAGE">
  <text>Unwinding loop generate_md5_digest.0 iteration 31 file /cassis-verif/data/src/helpers/cassis_utilities.c line 139 function generate_md5_digest thread 0</text>
</message>

<message type="STATUS-MESSAGE">
  <text>Unwinding loop generate_md5_digest.0 iteration 32 file /cassis-verif/data/src/helpers/cassis_utilities.c line 139 function generate_md5_digest thread 0</text>
</message>

<message type="STATUS-MESSAGE">
  <text>Unwinding loop generate_md5_digest.0 iteration 33 file /cassis-verif/data/src/helpers/cassis_utilities.c line 139 function generate_md5_digest thread 0</text>
</message>

<message type="STATUS-MESSAGE">
  <text>Unwinding loop generate_md5_digest.0 iteration 34 file /cassis-verif/data/src/helpers/cassis_utilities.c line 139 function generate_md5_digest thread 0</text>
</message>

<message type="STATUS-MESSAGE">
  <text>Unwinding loop generate_md5_digest.0 iteration 35 file /cassis-verif/data/src/helpers/cassis_utilities.c line 139 function generate_md5_digest thread 0</text>
</message>

<message type="STATUS-MESSAGE">
  <text>Unwinding loop generate_md5_digest.0 iteration 36 file /cassis-verif/data/src/helpers/cassis_utilities.c line 139 function generate_md5_digest thread 0</text>
</message>

<message type="STATUS-MESSAGE">
  <text>Unwinding loop generate_md5_digest.0 iteration 37 file /cassis-verif/data/src/helpers/cassis_utilities.c line 139 function generate_md5_digest thread 0</text>
</message>

<message type="STATUS-MESSAGE">
  <text>Unwinding loop generate_md5_digest.0 iteration 38 file /cassis-verif/data/src/helpers/cassis_utilities.c line 139 function generate_md5_digest thread 0</text>
</message>

<message type="STATUS-MESSAGE">
  <text>Unwinding loop generate_md5_digest.0 iteration 39 file /cassis-verif/data/src/helpers/cassis_utilities.c line 139 function generate_md5_digest thread 0</text>
</message>

<message type="STATUS-MESSAGE">
  <text>Unwinding loop generate_md5_digest.0 iteration 40 file /cassis-verif/data/src/helpers/cassis_utilities.c line 139 function generate_md5_digest thread 0</text>
</message>

<message type="STATUS-MESSAGE">
  <text>Unwinding loop generate_md5_digest.0 iteration 41 file /cassis-verif/data/src/helpers/cassis_utilities.c line 139 function generate_md5_digest thread 0</text>
</message>

<message type="STATUS-MESSAGE">
  <text>Unwinding loop generate_md5_digest.0 iteration 42 file /cassis-verif/data/src/helpers/cassis_utilities.c line 139 function generate_md5_digest thread 0</text>
</message>

<message type="STATUS-MESSAGE">
  <text>Unwinding loop generate_md5_digest.0 iteration 43 file /cassis-verif/data/src/helpers/cassis_utilities.c line 139 function generate_md5_digest thread 0</text>
</message>

<message type="STATUS-MESSAGE">
  <text>Unwinding loop generate_md5_digest.0 iteration 44 file /cassis-verif/data/src/helpers/cassis_utilities.c line 139 function generate_md5_digest thread 0</text>
</message>

<message type="STATUS-MESSAGE">
  <text>Unwinding loop generate_md5_digest.0 iteration 45 file /cassis-verif/data/src/helpers/cassis_utilities.c line 139 function generate_md5_digest thread 0</text>
</message>

<message type="STATUS-MESSAGE">
  <text>Unwinding loop generate_md5_digest.0 iteration 46 file /cassis-verif/data/src/helpers/cassis_utilities.c line 139 function generate_md5_digest thread 0</text>
</message>

<message type="STATUS-MESSAGE">
  <text>Unwinding loop generate_md5_digest.0 iteration 47 file /cassis-verif/data/src/helpers/cassis_utilities.c line 139 function generate_md5_digest thread 0</text>
</message>

<message type="STATUS-MESSAGE">
  <text>Unwinding loop generate_md5_digest.0 iteration 48 file /cassis-verif/data/src/helpers/cassis_utilities.c line 139 function generate_md5_digest thread 0</text>
</message>

<message type="STATUS-MESSAGE">
  <text>Unwinding loop generate_md5_digest.0 iteration 49 file /cassis-verif/data/src/helpers/cassis_utilities.c line 139 function generate_md5_digest thread 0</text>
</message>

<message type="STATUS-MESSAGE">
  <text>Unwinding loop generate_md5_digest.0 iteration 50 file /cassis-verif/data/src/helpers/cassis_utilities.c line 139 function generate_md5_digest thread 0</text>
</message>

<message type="STATUS-MESSAGE">
  <text>Unwinding loop generate_md5_digest.0 iteration 51 file /cassis-verif/data/src/helpers/cassis_utilities.c line 139 function generate_md5_digest thread 0</text>
</message>

<message type="STATUS-MESSAGE">
  <text>Unwinding loop generate_md5_digest.0 iteration 52 file /cassis-verif/data/src/helpers/cassis_utilities.c line 139 function generate_md5_digest thread 0</text>
</message>

<message type="STATUS-MESSAGE">
  <text>Unwinding loop generate_md5_digest.0 iteration 53 file /cassis-verif/data/src/helpers/cassis_utilities.c line 139 function generate_md5_digest thread 0</text>
</message>

<message type="STATUS-MESSAGE">
  <text>Unwinding loop generate_md5_digest.0 iteration 54 file /cassis-verif/data/src/helpers/cassis_utilities.c line 139 function generate_md5_digest thread 0</text>
</message>

<message type="STATUS-MESSAGE">
  <text>Unwinding loop generate_md5_digest.0 iteration 55 file /cassis-verif/data/src/helpers/cassis_utilities.c line 139 function generate_md5_digest thread 0</text>
</message>

<message type="STATUS-MESSAGE">
  <text>Unwinding loop generate_md5_digest.0 iteration 56 file /cassis-verif/data/src/helpers/cassis_utilities.c line 139 function generate_md5_digest thread 0</text>
</message>

<message type="STATUS-MESSAGE">
  <text>Unwinding loop generate_md5_digest.0 iteration 57 file /cassis-verif/data/src/helpers/cassis_utilities.c line 139 function generate_md5_digest thread 0</text>
</message>

<message type="STATUS-MESSAGE">
  <text>Unwinding loop generate_md5_digest.0 iteration 58 file /cassis-verif/data/src/helpers/cassis_utilities.c line 139 function generate_md5_digest thread 0</text>
</message>

<message type="STATUS-MESSAGE">
  <text>Unwinding loop generate_md5_digest.0 iteration 59 file /cassis-verif/data/src/helpers/cassis_utilities.c line 139 function generate_md5_digest thread 0</text>
</message>

<message type="STATUS-MESSAGE">
  <text>Unwinding loop generate_md5_digest.0 iteration 60 file /cassis-verif/data/src/helpers/cassis_utilities.c line 139 function generate_md5_digest thread 0</text>
</message>

<message type="STATUS-MESSAGE">
  <text>Unwinding loop generate_md5_digest.0 iteration 61 file /cassis-verif/data/src/helpers/cassis_utilities.c line 139 function generate_md5_digest thread 0</text>
</message>

<message type="STATUS-MESSAGE">
  <text>Unwinding loop generate_md5_digest.0 iteration 62 file /cassis-verif/data/src/helpers/cassis_utilities.c line 139 function generate_md5_digest thread 0</text>
</message>

<message type="STATUS-MESSAGE">
  <text>Unwinding loop generate_md5_digest.0 iteration 63 file /cassis-verif/data/src/helpers/cassis_utilities.c line 139 function generate_md5_digest thread 0</text>
</message>

<message type="STATUS-MESSAGE">
  <text>Unwinding loop generate_md5_digest.0 iteration 64 file /cassis-verif/data/src/helpers/cassis_utilities.c line 139 function generate_md5_digest thread 0</text>
</message>

<message type="STATUS-MESSAGE">
  <text>Unwinding loop generate_md5_digest.0 iteration 65 file /cassis-verif/data/src/helpers/cassis_utilities.c line 139 function generate_md5_digest thread 0</text>
</message>

<message type="STATUS-MESSAGE">
  <text>Unwinding loop generate_md5_digest.0 iteration 66 file /cassis-verif/data/src/helpers/cassis_utilities.c line 139 function generate_md5_digest thread 0</text>
</message>

<message type="STATUS-MESSAGE">
  <text>Unwinding loop generate_md5_digest.0 iteration 67 file /cassis-verif/data/src/helpers/cassis_utilities.c line 139 function generate_md5_digest thread 0</text>
</message>

<message type="STATUS-MESSAGE">
  <text>Unwinding loop generate_md5_digest.0 iteration 68 file /cassis-verif/data/src/helpers/cassis_utilities.c line 139 function generate_md5_digest thread 0</text>
</message>

<message type="STATUS-MESSAGE">
  <text>Unwinding loop generate_md5_digest.0 iteration 69 file /cassis-verif/data/src/helpers/cassis_utilities.c line 139 function generate_md5_digest thread 0</text>
</message>

<message type="STATUS-MESSAGE">
  <text>Unwinding loop generate_md5_digest.0 iteration 70 file /cassis-verif/data/src/helpers/cassis_utilities.c line 139 function generate_md5_digest thread 0</text>
</message>

<message type="STATUS-MESSAGE">
  <text>Unwinding loop generate_md5_digest.0 iteration 71 file /cassis-verif/data/src/helpers/cassis_utilities.c line 139 function generate_md5_digest thread 0</text>
</message>

<message type="STATUS-MESSAGE">
  <text>Unwinding loop generate_md5_digest.0 iteration 72 file /cassis-verif/data/src/helpers/cassis_utilities.c line 139 function generate_md5_digest thread 0</text>
</message>

<message type="STATUS-MESSAGE">
  <text>Unwinding loop generate_md5_digest.0 iteration 73 file /cassis-verif/data/src/helpers/cassis_utilities.c line 139 function generate_md5_digest thread 0</text>
</message>

<message type="STATUS-MESSAGE">
  <text>Unwinding loop generate_md5_digest.0 iteration 74 file /cassis-verif/data/src/helpers/cassis_utilities.c line 139 function generate_md5_digest thread 0</text>
</message>

<message type="STATUS-MESSAGE">
  <text>Unwinding loop generate_md5_digest.0 iteration 75 file /cassis-verif/data/src/helpers/cassis_utilities.c line 139 function generate_md5_digest thread 0</text>
</message>

<message type="STATUS-MESSAGE">
  <text>Unwinding loop generate_md5_digest.0 iteration 76 file /cassis-verif/data/src/helpers/cassis_utilities.c line 139 function generate_md5_digest thread 0</text>
</message>

<message type="STATUS-MESSAGE">
  <text>Unwinding loop generate_md5_digest.0 iteration 77 file /cassis-verif/data/src/helpers/cassis_utilities.c line 139 function generate_md5_digest thread 0</text>
</message>

<message type="STATUS-MESSAGE">
  <text>Unwinding loop generate_md5_digest.0 iteration 78 file /cassis-verif/data/src/helpers/cassis_utilities.c line 139 function generate_md5_digest thread 0</text>
</message>

<message type="STATUS-MESSAGE">
  <text>Unwinding loop generate_md5_digest.0 iteration 79 file /cassis-verif/data/src/helpers/cassis_utilities.c line 139 function generate_md5_digest thread 0</text>
</message>

<message type="STATUS-MESSAGE">
  <text>Unwinding loop generate_md5_digest.0 iteration 80 file /cassis-verif/data/src/helpers/cassis_utilities.c line 139 function generate_md5_digest thread 0</text>
</message>

<message type="STATUS-MESSAGE">
  <text>Unwinding loop generate_md5_digest.0 iteration 81 file /cassis-verif/data/src/helpers/cassis_utilities.c line 139 function generate_md5_digest thread 0</text>
</message>

<message type="STATUS-MESSAGE">
  <text>Unwinding loop generate_md5_digest.0 iteration 82 file /cassis-verif/data/src/helpers/cassis_utilities.c line 139 function generate_md5_digest thread 0</text>
</message>

<message type="STATUS-MESSAGE">
  <text>Unwinding loop generate_md5_digest.0 iteration 83 file /cassis-verif/data/src/helpers/cassis_utilities.c line 139 function generate_md5_digest thread 0</text>
</message>

<message type="STATUS-MESSAGE">
  <text>Unwinding loop generate_md5_digest.0 iteration 84 file /cassis-verif/data/src/helpers/cassis_utilities.c line 139 function generate_md5_digest thread 0</text>
</message>

<message type="STATUS-MESSAGE">
  <text>Unwinding loop generate_md5_digest.0 iteration 85 file /cassis-verif/data/src/helpers/cassis_utilities.c line 139 function generate_md5_digest thread 0</text>
</message>

<message type="STATUS-MESSAGE">
  <text>Unwinding loop generate_md5_digest.0 iteration 86 file /cassis-verif/data/src/helpers/cassis_utilities.c line 139 function generate_md5_digest thread 0</text>
</message>

<message type="STATUS-MESSAGE">
  <text>Unwinding loop generate_md5_digest.0 iteration 87 file /cassis-verif/data/src/helpers/cassis_utilities.c line 139 function generate_md5_digest thread 0</text>
</message>

<message type="STATUS-MESSAGE">
  <text>Unwinding loop generate_md5_digest.0 iteration 88 file /cassis-verif/data/src/helpers/cassis_utilities.c line 139 function generate_md5_digest thread 0</text>
</message>

<message type="STATUS-MESSAGE">
  <text>Unwinding loop generate_md5_digest.0 iteration 89 file /cassis-verif/data/src/helpers/cassis_utilities.c line 139 function generate_md5_digest thread 0</text>
</message>

<message type="STATUS-MESSAGE">
  <text>Unwinding loop generate_md5_digest.0 iteration 90 file /cassis-verif/data/src/helpers/cassis_utilities.c line 139 function generate_md5_digest thread 0</text>
</message>

<message type="STATUS-MESSAGE">
  <text>Unwinding loop generate_md5_digest.0 iteration 91 file /cassis-verif/data/src/helpers/cassis_utilities.c line 139 function generate_md5_digest thread 0</text>
</message>

<message type="STATUS-MESSAGE">
  <text>Unwinding loop generate_md5_digest.0 iteration 92 file /cassis-verif/data/src/helpers/cassis_utilities.c line 139 function generate_md5_digest thread 0</text>
</message>

<message type="STATUS-MESSAGE">
  <text>Unwinding loop generate_md5_digest.0 iteration 93 file /cassis-verif/data/src/helpers/cassis_utilities.c line 139 function generate_md5_digest thread 0</text>
</message>

<message type="STATUS-MESSAGE">
  <text>Unwinding loop generate_md5_digest.0 iteration 94 file /cassis-verif/data/src/helpers/cassis_utilities.c line 139 function generate_md5_digest thread 0</text>
</message>

<message type="STATUS-MESSAGE">
  <text>Unwinding loop generate_md5_digest.0 iteration 95 file /cassis-verif/data/src/helpers/cassis_utilities.c line 139 function generate_md5_digest thread 0</text>
</message>

<message type="STATUS-MESSAGE">
  <text>Unwinding loop generate_md5_digest.0 iteration 96 file /cassis-verif/data/src/helpers/cassis_utilities.c line 139 function generate_md5_digest thread 0</text>
</message>

<message type="STATUS-MESSAGE">
  <text>Unwinding loop generate_md5_digest.0 iteration 97 file /cassis-verif/data/src/helpers/cassis_utilities.c line 139 function generate_md5_digest thread 0</text>
</message>

<message type="STATUS-MESSAGE">
  <text>Unwinding loop generate_md5_digest.0 iteration 98 file /cassis-verif/data/src/helpers/cassis_utilities.c line 139 function generate_md5_digest thread 0</text>
</message>

<message type="STATUS-MESSAGE">
  <text>Unwinding loop generate_md5_digest.0 iteration 99 file /cassis-verif/data/src/helpers/cassis_utilities.c line 139 function generate_md5_digest thread 0</text>
</message>

<message type="STATUS-MESSAGE">
  <text>Unwinding loop generate_md5_digest.0 iteration 100 file /cassis-verif/data/src/helpers/cassis_utilities.c line 139 function generate_md5_digest thread 0</text>
</message>

<message type="STATUS-MESSAGE">
  <text>Not unwinding loop generate_md5_digest.0 iteration 101 file /cassis-verif/data/src/helpers/cassis_utilities.c line 139 function generate_md5_digest thread 0</text>
</message>

<message type="STATUS-MESSAGE">
  <text>Runtime Symex: 0.145401s</text>
</message>

<message type="STATUS-MESSAGE">
  <text>size of program expression: 3288 steps</text>
</message>

<message type="STATUS-MESSAGE">
  <text>Generated 815 VCC(s), 815 remaining after simplification</text>
</message>

<message type="STATUS-MESSAGE">
  <text>Runtime Postprocess Equation: 9.3651e-05s</text>
</message>

<message type="STATUS-MESSAGE">
  <text>Passing problem to propositional reduction</text>
</message>

<message type="STATUS-MESSAGE">
  <text>converting SSA</text>
</message>

<message type="STATUS-MESSAGE">
  <text>Runtime Convert SSA: 0.0866311s</text>
</message>

<message type="STATUS-MESSAGE">
  <text>Running propositional reduction</text>
</message>

<message type="STATUS-MESSAGE">
  <text>Post-processing</text>
</message>

<message type="STATUS-MESSAGE">
  <text>Runtime Post-process: 1.283e-05s</text>
</message>

<message type="STATUS-MESSAGE">
  <text>Solving with MiniSAT 2.2.1 with simplifier</text>
</message>

<message type="STATUS-MESSAGE">
  <text>69742 variables, 174467 clauses</text>
</message>

<message type="STATUS-MESSAGE">
  <text>SAT checker: instance is SATISFIABLE</text>
</message>

<message type="STATUS-MESSAGE">
  <text>Runtime Solver: 0.234186s</text>
</message>

<message type="STATUS-MESSAGE">
  <text>Runtime decision procedure: 0.321358s</text>
</message>

<message type="STATUS-MESSAGE">
  <text>Running propositional reduction</text>
</message>

<message type="STATUS-MESSAGE">
  <text>Solving with MiniSAT 2.2.1 with simplifier</text>
</message>

<message type="STATUS-MESSAGE">
  <text>69742 variables, 93643 clauses</text>
</message>

<message type="STATUS-MESSAGE">
  <text>SAT checker: instance is SATISFIABLE</text>
</message>

<message type="STATUS-MESSAGE">
  <text>Runtime Solver: 0.00444623s</text>
</message>

<message type="STATUS-MESSAGE">
  <text>Runtime decision procedure: 0.00448589s</text>
</message>

<message type="STATUS-MESSAGE">
  <text>Running propositional reduction</text>
</message>

<message type="STATUS-MESSAGE">
  <text>Solving with MiniSAT 2.2.1 with simplifier</text>
</message>

<message type="STATUS-MESSAGE">
  <text>69742 variables, 93641 clauses</text>
</message>

<message type="STATUS-MESSAGE">
  <text>SAT checker: instance is SATISFIABLE</text>
</message>

<message type="STATUS-MESSAGE">
  <text>Runtime Solver: 0.056841s</text>
</message>

<message type="STATUS-MESSAGE">
  <text>Runtime decision procedure: 0.056882s</text>
</message>

<goal description="block 1 (lines /cassis-verif/data/cbmc/proofs/generate_md5_digest/generate_md5_digest_harness.c:MD5Update:30,31)" id="MD5Update.coverage.1" status="SATISFIED">
  <location file="/cassis-verif/data/cbmc/proofs/generate_md5_digest/generate_md5_digest_harness.c" function="MD5Update" line="30" working-directory="/cassis-verif/data/cbmc/proofs"/>
  <basic_block_lines>
    <line file="/cassis-verif/data/cbmc/proofs/generate_md5_digest/generate_md5_digest_harness.c" function="MD5Update">30,31</line>
  </basic_block_lines>
</goal>

<goal description="block 1 (lines /cassis-verif/data/cbmc/proofs/generate_md5_digest/generate_md5_digest_harness.c:MD5Final:33,34)" id="MD5Final.coverage.1" status="SATISFIED">
  <location file="/cassis-verif/data/cbmc/proofs/generate_md5_digest/generate_md5_digest_harness.c" function="MD5Final" line="33" working-directory="/cassis-verif/data/cbmc/proofs"/>
  <basic_block_lines>
    <line file="/cassis-verif/data/cbmc/proofs/generate_md5_digest/generate_md5_digest_harness.c" function="MD5Final">33,34</line>
  </basic_block_lines>
</goal>

<goal description="block 1 (lines /cassis-verif/data/src/helpers/cassis_utilities.c:generate_md5_digest:132,133,135,137)" id="generate_md5_digest.coverage.1" status="SATISFIED">
  <location file="/cassis-verif/data/src/helpers/cassis_utilities.c" function="generate_md5_digest" line="132" working-directory="/cassis-verif/data/cbmc/proofs"/>
  <basic_block_lines>
    <line file="/cassis-verif/data/src/helpers/cassis_utilities.c" function="generate_md5_digest">132,133,135,137</line>
  </basic_block_lines>
</goal>

<goal description="block 2 (lines /cassis-verif/data/src/helpers/cassis_utilities.c:generate_md5_digest:139)" id="generate_md5_digest.coverage.2" status="SATISFIED">
  <location file="/cassis-verif/data/src/helpers/cassis_utilities.c" function="generate_md5_digest" line="139" working-directory="/cassis-verif/data/cbmc/proofs"/>
  <basic_block_lines>
    <line file="/cassis-verif/data/src/helpers/cassis_utilities.c" function="generate_md5_digest">139</line>
  </basic_block_lines>
</goal>

<goal description="block 3 (lines /cassis-verif/data/src/helpers/cassis_utilities.c:generate_md5_digest:140)" id="generate_md5_digest.coverage.3" status="SATISFIED">
  <location file="/cassis-verif/data/src/helpers/cassis_utilities.c" function="generate_md5_digest" line="140" working-directory="/cassis-verif/data/cbmc/proofs"/>
  <basic_block_lines>
    <line file="/cassis-verif/data/src/helpers/cassis_utilities.c" function="generate_md5_digest">140</line>
  </basic_block_lines>
</goal>

<goal description="block 4 (lines /cassis-verif/data/src/helpers/cassis_utilities.c:generate_md5_digest:141)" id="generate_md5_digest.coverage.4" status="SATISFIED">
  <location file="/cassis-verif/data/src/helpers/cassis_utilities.c" function="generate_md5_digest" line="141" working-directory="/cassis-verif/data/cbmc/proofs"/>
  <basic_block_lines>
    <line file="/cassis-verif/data/src/helpers/cassis_utilities.c" function="generate_md5_digest">141</line>
  </basic_block_lines>
</goal>

<goal description="block 5 (lines /cassis-verif/data/src/helpers/cassis_utilities.c:generate_md5_digest:141)" id="generate_md5_digest.coverage.5" status="SATISFIED">
  <location file="/cassis-verif/data/src/helpers/cassis_utilities.c" function="generate_md5_digest" line="141" working-directory="/cassis-verif/data/cbmc/proofs"/>
  <basic_block_lines>
    <line file="/cassis-verif/data/src/helpers/cassis_utilities.c" function="generate_md5_digest">141</line>
  </basic_block_lines>
</goal>

<goal description="block 6 (lines /cassis-verif/data/src/helpers/cassis_utilities.c:generate_md5_digest:143)" id="generate_md5_digest.coverage.6" status="SATISFIED">
  <location file="/cassis-verif/data/src/helpers/cassis_utilities.c" function="generate_md5_digest" line="143" working-directory="/cassis-verif/data/cbmc/proofs"/>
  <basic_block_lines>
    <line file="/cassis-verif/data/src/helpers/cassis_utilities.c" function="generate_md5_digest">143</line>
  </basic_block_lines>
</goal>

<goal description="block 7 (lines /cassis-verif/data/src/helpers/cassis_utilities.c:generate_md5_digest:139,145,146)" id="generate_md5_digest.coverage.7" status="SATISFIED">
  <location file="/cassis-verif/data/src/helpers/cassis_utilities.c" function="generate_md5_digest" line="145" working-directory="/cassis-verif/data/cbmc/proofs"/>
  <basic_block_lines>
    <line file="/cassis-verif/data/src/helpers/cassis_utilities.c" function="generate_md5_digest">139,145,146</line>
  </basic_block_lines>
</goal>

<goal description="block 8 (lines /cassis-verif/data/src/helpers/cassis_utilities.c:generate_md5_digest:149)" id="generate_md5_digest.coverage.8" status="SATISFIED">
  <location file="/cassis-verif/data/src/helpers/cassis_utilities.c" function="generate_md5_digest" line="149" working-directory="/cassis-verif/data/cbmc/proofs"/>
  <basic_block_lines>
    <line file="/cassis-verif/data/src/helpers/cassis_utilities.c" function="generate_md5_digest">149</line>
  </basic_block_lines>
</goal>

<goal description="block 9 (lines /cassis-verif/data/src/helpers/cassis_utilities.c:generate_md5_digest:151,152)" id="generate_md5_digest.coverage.9" status="SATISFIED">
  <location file="/cassis-verif/data/src/helpers/cassis_utilities.c" function="generate_md5_digest" line="151" working-directory="/cassis-verif/data/cbmc/proofs"/>
  <basic_block_lines>
    <line file="/cassis-verif/data/src/helpers/cassis_utilities.c" function="generate_md5_digest">151,152</line>
  </basic_block_lines>
</goal>

<goal description="block 1 (lines /cassis-verif/data/cbmc/proofs/generate_md5_digest/generate_md5_digest_harness.c:harness:45,48,50,51,53)" id="harness.coverage.1" status="SATISFIED">
  <location file="/cassis-verif/data/cbmc/proofs/generate_md5_digest/generate_md5_digest_harness.c" function="harness" line="45" working-directory="/cassis-verif/data/cbmc/proofs"/>
  <basic_block_lines>
    <line file="/cassis-verif/data/cbmc/proofs/generate_md5_digest/generate_md5_digest_harness.c" function="harness">45,48,50,51,53</line>
  </basic_block_lines>
</goal>

<goal description="block 2 (lines /cassis-verif/data/cbmc/proofs/generate_md5_digest/generate_md5_digest_harness.c:harness:53-55)" id="harness.coverage.2" status="SATISFIED">
  <location file="/cassis-verif/data/cbmc/proofs/generate_md5_digest/generate_md5_digest_harness.c" function="harness" line="53" working-directory="/cassis-verif/data/cbmc/proofs"/>
  <basic_block_lines>
    <line file="/cassis-verif/data/cbmc/proofs/generate_md5_digest/generate_md5_digest_harness.c" function="harness">53-55</line>
  </basic_block_lines>
</goal>

<goal description="block 1 (lines /cassis-verif/data/cbmc/proofs/generate_md5_digest/generate_md5_digest_harness.c:MD5Init:27,28)" id="MD5Init.coverage.1" status="SATISFIED">
  <location file="/cassis-verif/data/cbmc/proofs/generate_md5_digest/generate_md5_digest_harness.c" function="MD5Init" line="27" working-directory="/cassis-verif/data/cbmc/proofs"/>
  <basic_block_lines>
    <line file="/cassis-verif/data/cbmc/proofs/generate_md5_digest/generate_md5_digest_harness.c" function="MD5Init">27,28</line>
  </basic_block_lines>
</goal>

<message type="STATUS-MESSAGE">
  <text>** 14 of 14 covered (100.0%)</text>
</message>

<message type="STATUS-MESSAGE">
  <text>** Used 4 iterations</text>
</message>

</cprover>

