<?xml version="1.0" encoding="UTF-8"?>
<cprover>
<program>CBMC 5.95.1 (cbmc-5.95.1)</program>
<message type="STATUS-MESSAGE">
  <text>CBMC version 5.95.1 (cbmc-5.95.1) 64-bit x86_64 linux</text>
</message>

<message type="STATUS-MESSAGE">
  <text>Reading GOTO program from file /cassis-verif/data/cbmc/proofs/generate_md5_digest/gotos/generate_md5_digest_harness.goto</text>
</message>

<message type="STATUS-MESSAGE">
  <text>Generating GOTO Program</text>
</message>

<message type="STATUS-MESSAGE">
  <text>Adding CPROVER library (x86_64)</text>
</message>

<message type="STATUS-MESSAGE">
  <text>Removal of function pointers and virtual functions</text>
</message>

<message type="STATUS-MESSAGE">
  <text>Generic Property Instrumentation</text>
</message>

<message type="STATUS-MESSAGE">
  <text>Running with 8 object bits, 56 offset bits (user-specified)</text>
</message>

<property class="pointer primitives" name="MD5Update.pointer_primitives.1">
  <location file="/cassis-verif/data/cbmc/proofs/generate_md5_digest/generate_md5_digest_harness.c" function="MD5Update" line="30" working-directory="/cassis-verif/data/cbmc/proofs"/>
  <description>pointer invalid in RW_OK(buff, (unsigned long int)len * sizeof(unsigned char) /*1ul*/ )</description>
  <expression>__CPROVER_POINTER_OBJECT(NULL) == __CPROVER_POINTER_OBJECT(buff) || !IS_INVALID_POINTER(buff)</expression>
</property>

<property class="pointer primitives" name="MD5Update.pointer_primitives.2">
  <location file="/cassis-verif/data/cbmc/proofs/generate_md5_digest/generate_md5_digest_harness.c" function="MD5Update" line="30" working-directory="/cassis-verif/data/cbmc/proofs"/>
  <description>deallocated dynamic object in RW_OK(buff, (unsigned long int)len * sizeof(unsigned char) /*1ul*/ )</description>
  <expression>__CPROVER_POINTER_OBJECT(NULL) == __CPROVER_POINTER_OBJECT(buff) || !(__CPROVER_POINTER_OBJECT(buff) == __CPROVER_POINTER_OBJECT(__CPROVER_deallocated))</expression>
</property>

<property class="pointer primitives" name="MD5Update.pointer_primitives.3">
  <location file="/cassis-verif/data/cbmc/proofs/generate_md5_digest/generate_md5_digest_harness.c" function="MD5Update" line="30" working-directory="/cassis-verif/data/cbmc/proofs"/>
  <description>dead object in RW_OK(buff, (unsigned long int)len * sizeof(unsigned char) /*1ul*/ )</description>
  <expression>__CPROVER_POINTER_OBJECT(NULL) == __CPROVER_POINTER_OBJECT(buff) || !(__CPROVER_POINTER_OBJECT(buff) == __CPROVER_POINTER_OBJECT(__CPROVER_dead_object))</expression>
</property>

<property class="pointer primitives" name="MD5Update.pointer_primitives.4">
  <location file="/cassis-verif/data/cbmc/proofs/generate_md5_digest/generate_md5_digest_harness.c" function="MD5Update" line="30" working-directory="/cassis-verif/data/cbmc/proofs"/>
  <description>pointer outside object bounds in RW_OK(buff, (unsigned long int)len * sizeof(unsigned char) /*1ul*/ )</description>
  <expression>__CPROVER_POINTER_OBJECT(NULL) == __CPROVER_POINTER_OBJECT(buff) || (unsigned __CPROVER_bitvector[65])__CPROVER_OBJECT_SIZE(buff) &gt;= (unsigned __CPROVER_bitvector[65])__CPROVER_POINTER_OFFSET(buff)</expression>
</property>

<property class="assertion" name="MD5Update.assertion.1">
  <location file="/cassis-verif/data/cbmc/proofs/generate_md5_digest/generate_md5_digest_harness.c" function="MD5Update" line="30" working-directory="/cassis-verif/data/cbmc/proofs"/>
  <description>assertion __CPROVER_rw_ok(buff, len * sizeof(unsigned char))</description>
  <expression>RW_OK(buff, (unsigned long int)len * sizeof(unsigned char) /*1ul*/ )</expression>
</property>

<property class="pointer primitives" name="MD5Final.pointer_primitives.1">
  <location file="/cassis-verif/data/cbmc/proofs/generate_md5_digest/generate_md5_digest_harness.c" function="MD5Final" line="33" working-directory="/cassis-verif/data/cbmc/proofs"/>
  <description>pointer invalid in RW_OK(hash, (unsigned long int)16 * sizeof(unsigned char) /*1ul*/ )</description>
  <expression>__CPROVER_POINTER_OBJECT(((unsigned char *)NULL)) == __CPROVER_POINTER_OBJECT(hash) || !IS_INVALID_POINTER(hash)</expression>
</property>

<property class="pointer primitives" name="MD5Final.pointer_primitives.2">
  <location file="/cassis-verif/data/cbmc/proofs/generate_md5_digest/generate_md5_digest_harness.c" function="MD5Final" line="33" working-directory="/cassis-verif/data/cbmc/proofs"/>
  <description>deallocated dynamic object in RW_OK(hash, (unsigned long int)16 * sizeof(unsigned char) /*1ul*/ )</description>
  <expression>__CPROVER_POINTER_OBJECT(((unsigned char *)NULL)) == __CPROVER_POINTER_OBJECT(hash) || !(__CPROVER_POINTER_OBJECT(hash) == __CPROVER_POINTER_OBJECT(__CPROVER_deallocated))</expression>
</property>

<property class="pointer primitives" name="MD5Final.pointer_primitives.3">
  <location file="/cassis-verif/data/cbmc/proofs/generate_md5_digest/generate_md5_digest_harness.c" function="MD5Final" line="33" working-directory="/cassis-verif/data/cbmc/proofs"/>
  <description>dead object in RW_OK(hash, (unsigned long int)16 * sizeof(unsigned char) /*1ul*/ )</description>
  <expression>__CPROVER_POINTER_OBJECT(((unsigned char *)NULL)) == __CPROVER_POINTER_OBJECT(hash) || !(__CPROVER_POINTER_OBJECT(hash) == __CPROVER_POINTER_OBJECT(__CPROVER_dead_object))</expression>
</property>

<property class="pointer primitives" name="MD5Final.pointer_primitives.4">
  <location file="/cassis-verif/data/cbmc/proofs/generate_md5_digest/generate_md5_digest_harness.c" function="MD5Final" line="33" working-directory="/cassis-verif/data/cbmc/proofs"/>
  <description>pointer outside object bounds in RW_OK(hash, (unsigned long int)16 * sizeof(unsigned char) /*1ul*/ )</description>
  <expression>__CPROVER_POINTER_OBJECT(((unsigned char *)NULL)) == __CPROVER_POINTER_OBJECT(hash) || (unsigned __CPROVER_bitvector[65])__CPROVER_OBJECT_SIZE(hash) &gt;= (unsigned __CPROVER_bitvector[65])__CPROVER_POINTER_OFFSET(hash)</expression>
</property>

<property class="assertion" name="MD5Final.assertion.1">
  <location file="/cassis-verif/data/cbmc/proofs/generate_md5_digest/generate_md5_digest_harness.c" function="MD5Final" line="33" working-directory="/cassis-verif/data/cbmc/proofs"/>
  <description>assertion __CPROVER_rw_ok(hash, MD5_DIGEST_LENGTH * sizeof(unsigned char))</description>
  <expression>RW_OK(hash, (unsigned long int)16 * sizeof(unsigned char) /*1ul*/ )</expression>
</property>

<property class="overflow" name="generate_md5_digest.overflow.1">
  <location file="/cassis-verif/data/src/helpers/cassis_utilities.c" function="generate_md5_digest" line="143" working-directory="/cassis-verif/data/cbmc/proofs"/>
  <description>arithmetic overflow on signed to unsigned type conversion in (unsigned int)length</description>
  <expression>length &gt;= 0</expression>
</property>

<property class="overflow" name="generate_md5_digest.overflow.2">
  <location file="/cassis-verif/data/src/helpers/cassis_utilities.c" function="generate_md5_digest" line="145" working-directory="/cassis-verif/data/cbmc/proofs"/>
  <description>arithmetic overflow on signed - in length - 64</description>
  <expression>!overflow("-", signed int, length, 64)</expression>
</property>

<property class="pointer arithmetic" name="generate_md5_digest.pointer_arithmetic.1">
  <location file="/cassis-verif/data/src/helpers/cassis_utilities.c" function="generate_md5_digest" line="146" working-directory="/cassis-verif/data/cbmc/proofs"/>
  <description>pointer arithmetic: pointer NULL in buffer + (signed long int)64</description>
  <expression>!(__CPROVER_POINTER_OBJECT(((unsigned char *)NULL)) == __CPROVER_POINTER_OBJECT(buffer))</expression>
</property>

<property class="pointer arithmetic" name="generate_md5_digest.pointer_arithmetic.2">
  <location file="/cassis-verif/data/src/helpers/cassis_utilities.c" function="generate_md5_digest" line="146" working-directory="/cassis-verif/data/cbmc/proofs"/>
  <description>pointer arithmetic: pointer invalid in buffer + (signed long int)64</description>
  <expression>!IS_INVALID_POINTER(buffer)</expression>
</property>

<property class="pointer arithmetic" name="generate_md5_digest.pointer_arithmetic.3">
  <location file="/cassis-verif/data/src/helpers/cassis_utilities.c" function="generate_md5_digest" line="146" working-directory="/cassis-verif/data/cbmc/proofs"/>
  <description>pointer arithmetic: deallocated dynamic object in buffer + (signed long int)64</description>
  <expression>!(__CPROVER_POINTER_OBJECT(buffer) == __CPROVER_POINTER_OBJECT(__CPROVER_deallocated))</expression>
</property>

<property class="pointer arithmetic" name="generate_md5_digest.pointer_arithmetic.4">
  <location file="/cassis-verif/data/src/helpers/cassis_utilities.c" function="generate_md5_digest" line="146" working-directory="/cassis-verif/data/cbmc/proofs"/>
  <description>pointer arithmetic: dead object in buffer + (signed long int)64</description>
  <expression>!(__CPROVER_POINTER_OBJECT(buffer) == __CPROVER_POINTER_OBJECT(__CPROVER_dead_object))</expression>
</property>

<property class="pointer arithmetic" name="generate_md5_digest.pointer_arithmetic.5">
  <location file="/cassis-verif/data/src/helpers/cassis_utilities.c" function="generate_md5_digest" line="146" working-directory="/cassis-verif/data/cbmc/proofs"/>
  <description>pointer arithmetic: pointer outside object bounds in buffer + (signed long int)64</description>
  <expression>(unsigned __CPROVER_bitvector[65])__CPROVER_OBJECT_SIZE(buffer) &gt;= (unsigned __CPROVER_bitvector[65])(__CPROVER_POINTER_OFFSET(buffer) + 64ul)</expression>
</property>

<property class="pointer arithmetic" name="generate_md5_digest.pointer_arithmetic.6">
  <location file="/cassis-verif/data/src/helpers/cassis_utilities.c" function="generate_md5_digest" line="146" working-directory="/cassis-verif/data/cbmc/proofs"/>
  <description>pointer arithmetic: invalid integer address in buffer + (signed long int)64</description>
  <expression>!(__CPROVER_POINTER_OBJECT(((unsigned char *)NULL)) == __CPROVER_POINTER_OBJECT(buffer)) || buffer + 64l == ((unsigned char *)NULL)</expression>
</property>

<property class="overflow" name="harness.overflow.1">
  <location file="/cassis-verif/data/cbmc/proofs/generate_md5_digest/generate_md5_digest_harness.c" function="harness" line="50" working-directory="/cassis-verif/data/cbmc/proofs"/>
  <description>arithmetic overflow on signed to unsigned type conversion in (unsigned long int)(signed long int)in_len</description>
  <expression>(signed long int)in_len &gt;= 0l</expression>
</property>

<property class="assertion" name="harness.assertion.1">
  <location file="/cassis-verif/data/cbmc/proofs/generate_md5_digest/generate_md5_digest_harness.c" function="harness" line="54" working-directory="/cassis-verif/data/cbmc/proofs"/>
  <description>assertion md5_size == MD5_DIGEST_LENGTH</description>
  <expression>md5_size == 16</expression>
</property>

<property class="assertion" name="MD5Init.assertion.1">
  <location file="/cassis-verif/data/cbmc/proofs/generate_md5_digest/generate_md5_digest_harness.c" function="MD5Init" line="27" working-directory="/cassis-verif/data/cbmc/proofs"/>
  <description>assertion ctx != NULL</description>
  <expression>ctx != ((MD5_CTX *)NULL)</expression>
</property>

</cprover>

