<?xml version="1.0" encoding="UTF-8"?>
<cprover>
<program>CBMC 5.95.1 (cbmc-5.95.1)</program>
<message type="STATUS-MESSAGE">
  <text>CBMC version 5.95.1 (cbmc-5.95.1) 64-bit x86_64 linux</text>
</message>

<message type="STATUS-MESSAGE">
  <text>Reading GOTO program from file /cassis-verif/data/cbmc/proofs/generate_md5_digest/gotos/generate_md5_digest_harness.goto</text>
</message>

<message type="STATUS-MESSAGE">
  <text>Generating GOTO Program</text>
</message>

<message type="STATUS-MESSAGE">
  <text>Adding CPROVER library (x86_64)</text>
</message>

<message type="STATUS-MESSAGE">
  <text>Removal of function pointers and virtual functions</text>
</message>

<message type="STATUS-MESSAGE">
  <text>Generic Property Instrumentation</text>
</message>

<message type="STATUS-MESSAGE">
  <text>Running with 8 object bits, 56 offset bits (user-specified)</text>
</message>

<message type="STATUS-MESSAGE">
  <text>Starting Bounded Model Checking</text>
</message>

<message type="STATUS-MESSAGE">
  <text>Unwinding loop generate_md5_digest.0 iteration 1 file /cassis-verif/data/src/helpers/cassis_utilities.c line 139 function generate_md5_digest thread 0</text>
</message>

<message type="STATUS-MESSAGE">
  <text>Unwinding loop generate_md5_digest.0 iteration 2 file /cassis-verif/data/src/helpers/cassis_utilities.c line 139 function generate_md5_digest thread 0</text>
</message>

<message type="STATUS-MESSAGE">
  <text>Unwinding loop generate_md5_digest.0 iteration 3 file /cassis-verif/data/src/helpers/cassis_utilities.c line 139 function generate_md5_digest thread 0</text>
</message>

<message type="STATUS-MESSAGE">
  <text>Unwinding loop generate_md5_digest.0 iteration 4 file /cassis-verif/data/src/helpers/cassis_utilities.c line 139 function generate_md5_digest thread 0</text>
</message>

<message type="STATUS-MESSAGE">
  <text>Unwinding loop generate_md5_digest.0 iteration 5 file /cassis-verif/data/src/helpers/cassis_utilities.c line 139 function generate_md5_digest thread 0</text>
</message>

<message type="STATUS-MESSAGE">
  <text>Unwinding loop generate_md5_digest.0 iteration 6 file /cassis-verif/data/src/helpers/cassis_utilities.c line 139 function generate_md5_digest thread 0</text>
</message>

<message type="STATUS-MESSAGE">
  <text>Unwinding loop generate_md5_digest.0 iteration 7 file /cassis-verif/data/src/helpers/cassis_utilities.c line 139 function generate_md5_digest thread 0</text>
</message>

<message type="STATUS-MESSAGE">
  <text>Unwinding loop generate_md5_digest.0 iteration 8 file /cassis-verif/data/src/helpers/cassis_utilities.c line 139 function generate_md5_digest thread 0</text>
</message>

<message type="STATUS-MESSAGE">
  <text>Unwinding loop generate_md5_digest.0 iteration 9 file /cassis-verif/data/src/helpers/cassis_utilities.c line 139 function generate_md5_digest thread 0</text>
</message>

<message type="STATUS-MESSAGE">
  <text>Unwinding loop generate_md5_digest.0 iteration 10 file /cassis-verif/data/src/helpers/cassis_utilities.c line 139 function generate_md5_digest thread 0</text>
</message>

<message type="STATUS-MESSAGE">
  <text>Unwinding loop generate_md5_digest.0 iteration 11 file /cassis-verif/data/src/helpers/cassis_utilities.c line 139 function generate_md5_digest thread 0</text>
</message>

<message type="STATUS-MESSAGE">
  <text>Unwinding loop generate_md5_digest.0 iteration 12 file /cassis-verif/data/src/helpers/cassis_utilities.c line 139 function generate_md5_digest thread 0</text>
</message>

<message type="STATUS-MESSAGE">
  <text>Unwinding loop generate_md5_digest.0 iteration 13 file /cassis-verif/data/src/helpers/cassis_utilities.c line 139 function generate_md5_digest thread 0</text>
</message>

<message type="STATUS-MESSAGE">
  <text>Unwinding loop generate_md5_digest.0 iteration 14 file /cassis-verif/data/src/helpers/cassis_utilities.c line 139 function generate_md5_digest thread 0</text>
</message>

<message type="STATUS-MESSAGE">
  <text>Unwinding loop generate_md5_digest.0 iteration 15 file /cassis-verif/data/src/helpers/cassis_utilities.c line 139 function generate_md5_digest thread 0</text>
</message>

<message type="STATUS-MESSAGE">
  <text>Unwinding loop generate_md5_digest.0 iteration 16 file /cassis-verif/data/src/helpers/cassis_utilities.c line 139 function generate_md5_digest thread 0</text>
</message>

<message type="STATUS-MESSAGE">
  <text>Unwinding loop generate_md5_digest.0 iteration 17 file /cassis-verif/data/src/helpers/cassis_utilities.c line 139 function generate_md5_digest thread 0</text>
</message>

<message type="STATUS-MESSAGE">
  <text>Unwinding loop generate_md5_digest.0 iteration 18 file /cassis-verif/data/src/helpers/cassis_utilities.c line 139 function generate_md5_digest thread 0</text>
</message>

<message type="STATUS-MESSAGE">
  <text>Unwinding loop generate_md5_digest.0 iteration 19 file /cassis-verif/data/src/helpers/cassis_utilities.c line 139 function generate_md5_digest thread 0</text>
</message>

<message type="STATUS-MESSAGE">
  <text>Unwinding loop generate_md5_digest.0 iteration 20 file /cassis-verif/data/src/helpers/cassis_utilities.c line 139 function generate_md5_digest thread 0</text>
</message>

<message type="STATUS-MESSAGE">
  <text>Unwinding loop generate_md5_digest.0 iteration 21 file /cassis-verif/data/src/helpers/cassis_utilities.c line 139 function generate_md5_digest thread 0</text>
</message>

<message type="STATUS-MESSAGE">
  <text>Unwinding loop generate_md5_digest.0 iteration 22 file /cassis-verif/data/src/helpers/cassis_utilities.c line 139 function generate_md5_digest thread 0</text>
</message>

<message type="STATUS-MESSAGE">
  <text>Unwinding loop generate_md5_digest.0 iteration 23 file /cassis-verif/data/src/helpers/cassis_utilities.c line 139 function generate_md5_digest thread 0</text>
</message>

<message type="STATUS-MESSAGE">
  <text>Unwinding loop generate_md5_digest.0 iteration 24 file /cassis-verif/data/src/helpers/cassis_utilities.c line 139 function generate_md5_digest thread 0</text>
</message>

<message type="STATUS-MESSAGE">
  <text>Unwinding loop generate_md5_digest.0 iteration 25 file /cassis-verif/data/src/helpers/cassis_utilities.c line 139 function generate_md5_digest thread 0</text>
</message>

<message type="STATUS-MESSAGE">
  <text>Unwinding loop generate_md5_digest.0 iteration 26 file /cassis-verif/data/src/helpers/cassis_utilities.c line 139 function generate_md5_digest thread 0</text>
</message>

<message type="STATUS-MESSAGE">
  <text>Unwinding loop generate_md5_digest.0 iteration 27 file /cassis-verif/data/src/helpers/cassis_utilities.c line 139 function generate_md5_digest thread 0</text>
</message>

<message type="STATUS-MESSAGE">
  <text>Unwinding loop generate_md5_digest.0 iteration 28 file /cassis-verif/data/src/helpers/cassis_utilities.c line 139 function generate_md5_digest thread 0</text>
</message>

<message type="STATUS-MESSAGE">
  <text>Unwinding loop generate_md5_digest.0 iteration 29 file /cassis-verif/data/src/helpers/cassis_utilities.c line 139 function generate_md5_digest thread 0</text>
</message>

<message type="STATUS-MESSAGE">
  <text>Unwinding loop generate_md5_digest.0 iteration 30 file /cassis-verif/data/src/helpers/cassis_utilities.c line 139 function generate_md5_digest thread 0</text>
</message>

<message type="STATUS-MESSAGE">
  <text>Unwinding loop generate_md5_digest.0 iteration 31 file /cassis-verif/data/src/helpers/cassis_utilities.c line 139 function generate_md5_digest thread 0</text>
</message>

<message type="STATUS-MESSAGE">
  <text>Unwinding loop generate_md5_digest.0 iteration 32 file /cassis-verif/data/src/helpers/cassis_utilities.c line 139 function generate_md5_digest thread 0</text>
</message>

<message type="STATUS-MESSAGE">
  <text>Unwinding loop generate_md5_digest.0 iteration 33 file /cassis-verif/data/src/helpers/cassis_utilities.c line 139 function generate_md5_digest thread 0</text>
</message>

<message type="STATUS-MESSAGE">
  <text>Unwinding loop generate_md5_digest.0 iteration 34 file /cassis-verif/data/src/helpers/cassis_utilities.c line 139 function generate_md5_digest thread 0</text>
</message>

<message type="STATUS-MESSAGE">
  <text>Unwinding loop generate_md5_digest.0 iteration 35 file /cassis-verif/data/src/helpers/cassis_utilities.c line 139 function generate_md5_digest thread 0</text>
</message>

<message type="STATUS-MESSAGE">
  <text>Unwinding loop generate_md5_digest.0 iteration 36 file /cassis-verif/data/src/helpers/cassis_utilities.c line 139 function generate_md5_digest thread 0</text>
</message>

<message type="STATUS-MESSAGE">
  <text>Unwinding loop generate_md5_digest.0 iteration 37 file /cassis-verif/data/src/helpers/cassis_utilities.c line 139 function generate_md5_digest thread 0</text>
</message>

<message type="STATUS-MESSAGE">
  <text>Unwinding loop generate_md5_digest.0 iteration 38 file /cassis-verif/data/src/helpers/cassis_utilities.c line 139 function generate_md5_digest thread 0</text>
</message>

<message type="STATUS-MESSAGE">
  <text>Unwinding loop generate_md5_digest.0 iteration 39 file /cassis-verif/data/src/helpers/cassis_utilities.c line 139 function generate_md5_digest thread 0</text>
</message>

<message type="STATUS-MESSAGE">
  <text>Unwinding loop generate_md5_digest.0 iteration 40 file /cassis-verif/data/src/helpers/cassis_utilities.c line 139 function generate_md5_digest thread 0</text>
</message>

<message type="STATUS-MESSAGE">
  <text>Unwinding loop generate_md5_digest.0 iteration 41 file /cassis-verif/data/src/helpers/cassis_utilities.c line 139 function generate_md5_digest thread 0</text>
</message>

<message type="STATUS-MESSAGE">
  <text>Unwinding loop generate_md5_digest.0 iteration 42 file /cassis-verif/data/src/helpers/cassis_utilities.c line 139 function generate_md5_digest thread 0</text>
</message>

<message type="STATUS-MESSAGE">
  <text>Unwinding loop generate_md5_digest.0 iteration 43 file /cassis-verif/data/src/helpers/cassis_utilities.c line 139 function generate_md5_digest thread 0</text>
</message>

<message type="STATUS-MESSAGE">
  <text>Unwinding loop generate_md5_digest.0 iteration 44 file /cassis-verif/data/src/helpers/cassis_utilities.c line 139 function generate_md5_digest thread 0</text>
</message>

<message type="STATUS-MESSAGE">
  <text>Unwinding loop generate_md5_digest.0 iteration 45 file /cassis-verif/data/src/helpers/cassis_utilities.c line 139 function generate_md5_digest thread 0</text>
</message>

<message type="STATUS-MESSAGE">
  <text>Unwinding loop generate_md5_digest.0 iteration 46 file /cassis-verif/data/src/helpers/cassis_utilities.c line 139 function generate_md5_digest thread 0</text>
</message>

<message type="STATUS-MESSAGE">
  <text>Unwinding loop generate_md5_digest.0 iteration 47 file /cassis-verif/data/src/helpers/cassis_utilities.c line 139 function generate_md5_digest thread 0</text>
</message>

<message type="STATUS-MESSAGE">
  <text>Unwinding loop generate_md5_digest.0 iteration 48 file /cassis-verif/data/src/helpers/cassis_utilities.c line 139 function generate_md5_digest thread 0</text>
</message>

<message type="STATUS-MESSAGE">
  <text>Unwinding loop generate_md5_digest.0 iteration 49 file /cassis-verif/data/src/helpers/cassis_utilities.c line 139 function generate_md5_digest thread 0</text>
</message>

<message type="STATUS-MESSAGE">
  <text>Unwinding loop generate_md5_digest.0 iteration 50 file /cassis-verif/data/src/helpers/cassis_utilities.c line 139 function generate_md5_digest thread 0</text>
</message>

<message type="STATUS-MESSAGE">
  <text>Unwinding loop generate_md5_digest.0 iteration 51 file /cassis-verif/data/src/helpers/cassis_utilities.c line 139 function generate_md5_digest thread 0</text>
</message>

<message type="STATUS-MESSAGE">
  <text>Unwinding loop generate_md5_digest.0 iteration 52 file /cassis-verif/data/src/helpers/cassis_utilities.c line 139 function generate_md5_digest thread 0</text>
</message>

<message type="STATUS-MESSAGE">
  <text>Unwinding loop generate_md5_digest.0 iteration 53 file /cassis-verif/data/src/helpers/cassis_utilities.c line 139 function generate_md5_digest thread 0</text>
</message>

<message type="STATUS-MESSAGE">
  <text>Unwinding loop generate_md5_digest.0 iteration 54 file /cassis-verif/data/src/helpers/cassis_utilities.c line 139 function generate_md5_digest thread 0</text>
</message>

<message type="STATUS-MESSAGE">
  <text>Unwinding loop generate_md5_digest.0 iteration 55 file /cassis-verif/data/src/helpers/cassis_utilities.c line 139 function generate_md5_digest thread 0</text>
</message>

<message type="STATUS-MESSAGE">
  <text>Unwinding loop generate_md5_digest.0 iteration 56 file /cassis-verif/data/src/helpers/cassis_utilities.c line 139 function generate_md5_digest thread 0</text>
</message>

<message type="STATUS-MESSAGE">
  <text>Unwinding loop generate_md5_digest.0 iteration 57 file /cassis-verif/data/src/helpers/cassis_utilities.c line 139 function generate_md5_digest thread 0</text>
</message>

<message type="STATUS-MESSAGE">
  <text>Unwinding loop generate_md5_digest.0 iteration 58 file /cassis-verif/data/src/helpers/cassis_utilities.c line 139 function generate_md5_digest thread 0</text>
</message>

<message type="STATUS-MESSAGE">
  <text>Unwinding loop generate_md5_digest.0 iteration 59 file /cassis-verif/data/src/helpers/cassis_utilities.c line 139 function generate_md5_digest thread 0</text>
</message>

<message type="STATUS-MESSAGE">
  <text>Unwinding loop generate_md5_digest.0 iteration 60 file /cassis-verif/data/src/helpers/cassis_utilities.c line 139 function generate_md5_digest thread 0</text>
</message>

<message type="STATUS-MESSAGE">
  <text>Unwinding loop generate_md5_digest.0 iteration 61 file /cassis-verif/data/src/helpers/cassis_utilities.c line 139 function generate_md5_digest thread 0</text>
</message>

<message type="STATUS-MESSAGE">
  <text>Unwinding loop generate_md5_digest.0 iteration 62 file /cassis-verif/data/src/helpers/cassis_utilities.c line 139 function generate_md5_digest thread 0</text>
</message>

<message type="STATUS-MESSAGE">
  <text>Unwinding loop generate_md5_digest.0 iteration 63 file /cassis-verif/data/src/helpers/cassis_utilities.c line 139 function generate_md5_digest thread 0</text>
</message>

<message type="STATUS-MESSAGE">
  <text>Unwinding loop generate_md5_digest.0 iteration 64 file /cassis-verif/data/src/helpers/cassis_utilities.c line 139 function generate_md5_digest thread 0</text>
</message>

<message type="STATUS-MESSAGE">
  <text>Unwinding loop generate_md5_digest.0 iteration 65 file /cassis-verif/data/src/helpers/cassis_utilities.c line 139 function generate_md5_digest thread 0</text>
</message>

<message type="STATUS-MESSAGE">
  <text>Unwinding loop generate_md5_digest.0 iteration 66 file /cassis-verif/data/src/helpers/cassis_utilities.c line 139 function generate_md5_digest thread 0</text>
</message>

<message type="STATUS-MESSAGE">
  <text>Unwinding loop generate_md5_digest.0 iteration 67 file /cassis-verif/data/src/helpers/cassis_utilities.c line 139 function generate_md5_digest thread 0</text>
</message>

<message type="STATUS-MESSAGE">
  <text>Unwinding loop generate_md5_digest.0 iteration 68 file /cassis-verif/data/src/helpers/cassis_utilities.c line 139 function generate_md5_digest thread 0</text>
</message>

<message type="STATUS-MESSAGE">
  <text>Unwinding loop generate_md5_digest.0 iteration 69 file /cassis-verif/data/src/helpers/cassis_utilities.c line 139 function generate_md5_digest thread 0</text>
</message>

<message type="STATUS-MESSAGE">
  <text>Unwinding loop generate_md5_digest.0 iteration 70 file /cassis-verif/data/src/helpers/cassis_utilities.c line 139 function generate_md5_digest thread 0</text>
</message>

<message type="STATUS-MESSAGE">
  <text>Unwinding loop generate_md5_digest.0 iteration 71 file /cassis-verif/data/src/helpers/cassis_utilities.c line 139 function generate_md5_digest thread 0</text>
</message>

<message type="STATUS-MESSAGE">
  <text>Unwinding loop generate_md5_digest.0 iteration 72 file /cassis-verif/data/src/helpers/cassis_utilities.c line 139 function generate_md5_digest thread 0</text>
</message>

<message type="STATUS-MESSAGE">
  <text>Unwinding loop generate_md5_digest.0 iteration 73 file /cassis-verif/data/src/helpers/cassis_utilities.c line 139 function generate_md5_digest thread 0</text>
</message>

<message type="STATUS-MESSAGE">
  <text>Unwinding loop generate_md5_digest.0 iteration 74 file /cassis-verif/data/src/helpers/cassis_utilities.c line 139 function generate_md5_digest thread 0</text>
</message>

<message type="STATUS-MESSAGE">
  <text>Unwinding loop generate_md5_digest.0 iteration 75 file /cassis-verif/data/src/helpers/cassis_utilities.c line 139 function generate_md5_digest thread 0</text>
</message>

<message type="STATUS-MESSAGE">
  <text>Unwinding loop generate_md5_digest.0 iteration 76 file /cassis-verif/data/src/helpers/cassis_utilities.c line 139 function generate_md5_digest thread 0</text>
</message>

<message type="STATUS-MESSAGE">
  <text>Unwinding loop generate_md5_digest.0 iteration 77 file /cassis-verif/data/src/helpers/cassis_utilities.c line 139 function generate_md5_digest thread 0</text>
</message>

<message type="STATUS-MESSAGE">
  <text>Unwinding loop generate_md5_digest.0 iteration 78 file /cassis-verif/data/src/helpers/cassis_utilities.c line 139 function generate_md5_digest thread 0</text>
</message>

<message type="STATUS-MESSAGE">
  <text>Unwinding loop generate_md5_digest.0 iteration 79 file /cassis-verif/data/src/helpers/cassis_utilities.c line 139 function generate_md5_digest thread 0</text>
</message>

<message type="STATUS-MESSAGE">
  <text>Unwinding loop generate_md5_digest.0 iteration 80 file /cassis-verif/data/src/helpers/cassis_utilities.c line 139 function generate_md5_digest thread 0</text>
</message>

<message type="STATUS-MESSAGE">
  <text>Unwinding loop generate_md5_digest.0 iteration 81 file /cassis-verif/data/src/helpers/cassis_utilities.c line 139 function generate_md5_digest thread 0</text>
</message>

<message type="STATUS-MESSAGE">
  <text>Unwinding loop generate_md5_digest.0 iteration 82 file /cassis-verif/data/src/helpers/cassis_utilities.c line 139 function generate_md5_digest thread 0</text>
</message>

<message type="STATUS-MESSAGE">
  <text>Unwinding loop generate_md5_digest.0 iteration 83 file /cassis-verif/data/src/helpers/cassis_utilities.c line 139 function generate_md5_digest thread 0</text>
</message>

<message type="STATUS-MESSAGE">
  <text>Unwinding loop generate_md5_digest.0 iteration 84 file /cassis-verif/data/src/helpers/cassis_utilities.c line 139 function generate_md5_digest thread 0</text>
</message>

<message type="STATUS-MESSAGE">
  <text>Unwinding loop generate_md5_digest.0 iteration 85 file /cassis-verif/data/src/helpers/cassis_utilities.c line 139 function generate_md5_digest thread 0</text>
</message>

<message type="STATUS-MESSAGE">
  <text>Unwinding loop generate_md5_digest.0 iteration 86 file /cassis-verif/data/src/helpers/cassis_utilities.c line 139 function generate_md5_digest thread 0</text>
</message>

<message type="STATUS-MESSAGE">
  <text>Unwinding loop generate_md5_digest.0 iteration 87 file /cassis-verif/data/src/helpers/cassis_utilities.c line 139 function generate_md5_digest thread 0</text>
</message>

<message type="STATUS-MESSAGE">
  <text>Unwinding loop generate_md5_digest.0 iteration 88 file /cassis-verif/data/src/helpers/cassis_utilities.c line 139 function generate_md5_digest thread 0</text>
</message>

<message type="STATUS-MESSAGE">
  <text>Unwinding loop generate_md5_digest.0 iteration 89 file /cassis-verif/data/src/helpers/cassis_utilities.c line 139 function generate_md5_digest thread 0</text>
</message>

<message type="STATUS-MESSAGE">
  <text>Unwinding loop generate_md5_digest.0 iteration 90 file /cassis-verif/data/src/helpers/cassis_utilities.c line 139 function generate_md5_digest thread 0</text>
</message>

<message type="STATUS-MESSAGE">
  <text>Unwinding loop generate_md5_digest.0 iteration 91 file /cassis-verif/data/src/helpers/cassis_utilities.c line 139 function generate_md5_digest thread 0</text>
</message>

<message type="STATUS-MESSAGE">
  <text>Unwinding loop generate_md5_digest.0 iteration 92 file /cassis-verif/data/src/helpers/cassis_utilities.c line 139 function generate_md5_digest thread 0</text>
</message>

<message type="STATUS-MESSAGE">
  <text>Unwinding loop generate_md5_digest.0 iteration 93 file /cassis-verif/data/src/helpers/cassis_utilities.c line 139 function generate_md5_digest thread 0</text>
</message>

<message type="STATUS-MESSAGE">
  <text>Unwinding loop generate_md5_digest.0 iteration 94 file /cassis-verif/data/src/helpers/cassis_utilities.c line 139 function generate_md5_digest thread 0</text>
</message>

<message type="STATUS-MESSAGE">
  <text>Unwinding loop generate_md5_digest.0 iteration 95 file /cassis-verif/data/src/helpers/cassis_utilities.c line 139 function generate_md5_digest thread 0</text>
</message>

<message type="STATUS-MESSAGE">
  <text>Unwinding loop generate_md5_digest.0 iteration 96 file /cassis-verif/data/src/helpers/cassis_utilities.c line 139 function generate_md5_digest thread 0</text>
</message>

<message type="STATUS-MESSAGE">
  <text>Unwinding loop generate_md5_digest.0 iteration 97 file /cassis-verif/data/src/helpers/cassis_utilities.c line 139 function generate_md5_digest thread 0</text>
</message>

<message type="STATUS-MESSAGE">
  <text>Unwinding loop generate_md5_digest.0 iteration 98 file /cassis-verif/data/src/helpers/cassis_utilities.c line 139 function generate_md5_digest thread 0</text>
</message>

<message type="STATUS-MESSAGE">
  <text>Unwinding loop generate_md5_digest.0 iteration 99 file /cassis-verif/data/src/helpers/cassis_utilities.c line 139 function generate_md5_digest thread 0</text>
</message>

<message type="STATUS-MESSAGE">
  <text>Unwinding loop generate_md5_digest.0 iteration 100 file /cassis-verif/data/src/helpers/cassis_utilities.c line 139 function generate_md5_digest thread 0</text>
</message>

<message type="STATUS-MESSAGE">
  <text>Not unwinding loop generate_md5_digest.0 iteration 101 file /cassis-verif/data/src/helpers/cassis_utilities.c line 139 function generate_md5_digest thread 0</text>
</message>

<message type="STATUS-MESSAGE">
  <text>Runtime Symex: 0.164811s</text>
</message>

<message type="STATUS-MESSAGE">
  <text>size of program expression: 2984 steps</text>
</message>

<message type="STATUS-MESSAGE">
  <text>simple slicing removed 218 assignments</text>
</message>

<message type="STATUS-MESSAGE">
  <text>Generated 1827 VCC(s), 707 remaining after simplification</text>
</message>

<message type="STATUS-MESSAGE">
  <text>Runtime Postprocess Equation: 0.00012635s</text>
</message>

<message type="STATUS-MESSAGE">
  <text>Passing problem to propositional reduction</text>
</message>

<message type="STATUS-MESSAGE">
  <text>converting SSA</text>
</message>

<message type="STATUS-MESSAGE">
  <text>Runtime Convert SSA: 0.0844035s</text>
</message>

<message type="STATUS-MESSAGE">
  <text>Running propositional reduction</text>
</message>

<message type="STATUS-MESSAGE">
  <text>Post-processing</text>
</message>

<message type="STATUS-MESSAGE">
  <text>Runtime Post-process: 1.178e-05s</text>
</message>

<message type="STATUS-MESSAGE">
  <text>Solving with MiniSAT 2.2.1 with simplifier</text>
</message>

<message type="STATUS-MESSAGE">
  <text>75414 variables, 167770 clauses</text>
</message>

<message type="STATUS-MESSAGE">
  <text>SAT checker: instance is SATISFIABLE</text>
</message>

<message type="STATUS-MESSAGE">
  <text>Runtime Solver: 0.207848s</text>
</message>

<message type="STATUS-MESSAGE">
  <text>Runtime decision procedure: 0.292923s</text>
</message>

<message type="STATUS-MESSAGE">
  <text>Building error trace</text>
</message>

<message type="STATUS-MESSAGE">
  <text>Running propositional reduction</text>
</message>

<message type="STATUS-MESSAGE">
  <text>Solving with MiniSAT 2.2.1 with simplifier</text>
</message>

<message type="STATUS-MESSAGE">
  <text>75414 variables, 76131 clauses</text>
</message>

<message type="STATUS-MESSAGE">
  <text>SAT checker: instance is UNSATISFIABLE</text>
</message>

<message type="STATUS-MESSAGE">
  <text>Runtime Solver: 0.00237136s</text>
</message>

<message type="STATUS-MESSAGE">
  <text>Runtime decision procedure: 0.00240625s</text>
</message>

<result property="MD5Update.assertion.1" status="SUCCESS">
  <location file="/cassis-verif/data/cbmc/proofs/generate_md5_digest/generate_md5_digest_harness.c" function="MD5Update" line="30" working-directory="/cassis-verif/data/cbmc/proofs"/>
</result>

<result property="harness.assertion.1" status="SUCCESS">
  <location file="/cassis-verif/data/cbmc/proofs/generate_md5_digest/generate_md5_digest_harness.c" function="harness" line="54" working-directory="/cassis-verif/data/cbmc/proofs"/>
</result>

<result property="MD5Final.assertion.1" status="SUCCESS">
  <location file="/cassis-verif/data/cbmc/proofs/generate_md5_digest/generate_md5_digest_harness.c" function="MD5Final" line="33" working-directory="/cassis-verif/data/cbmc/proofs"/>
</result>

<result property="MD5Init.assertion.1" status="SUCCESS">
  <location file="/cassis-verif/data/cbmc/proofs/generate_md5_digest/generate_md5_digest_harness.c" function="MD5Init" line="27" working-directory="/cassis-verif/data/cbmc/proofs"/>
</result>

<result property="MD5Update.pointer_primitives.1" status="SUCCESS">
  <location file="/cassis-verif/data/cbmc/proofs/generate_md5_digest/generate_md5_digest_harness.c" function="MD5Update" line="30" working-directory="/cassis-verif/data/cbmc/proofs"/>
</result>

<result property="MD5Update.pointer_primitives.2" status="SUCCESS">
  <location file="/cassis-verif/data/cbmc/proofs/generate_md5_digest/generate_md5_digest_harness.c" function="MD5Update" line="30" working-directory="/cassis-verif/data/cbmc/proofs"/>
</result>

<result property="MD5Update.pointer_primitives.3" status="SUCCESS">
  <location file="/cassis-verif/data/cbmc/proofs/generate_md5_digest/generate_md5_digest_harness.c" function="MD5Update" line="30" working-directory="/cassis-verif/data/cbmc/proofs"/>
</result>

<result property="MD5Update.pointer_primitives.4" status="SUCCESS">
  <location file="/cassis-verif/data/cbmc/proofs/generate_md5_digest/generate_md5_digest_harness.c" function="MD5Update" line="30" working-directory="/cassis-verif/data/cbmc/proofs"/>
</result>

<result property="MD5Final.pointer_primitives.1" status="SUCCESS">
  <location file="/cassis-verif/data/cbmc/proofs/generate_md5_digest/generate_md5_digest_harness.c" function="MD5Final" line="33" working-directory="/cassis-verif/data/cbmc/proofs"/>
</result>

<result property="MD5Final.pointer_primitives.2" status="SUCCESS">
  <location file="/cassis-verif/data/cbmc/proofs/generate_md5_digest/generate_md5_digest_harness.c" function="MD5Final" line="33" working-directory="/cassis-verif/data/cbmc/proofs"/>
</result>

<result property="MD5Final.pointer_primitives.3" status="SUCCESS">
  <location file="/cassis-verif/data/cbmc/proofs/generate_md5_digest/generate_md5_digest_harness.c" function="MD5Final" line="33" working-directory="/cassis-verif/data/cbmc/proofs"/>
</result>

<result property="MD5Final.pointer_primitives.4" status="SUCCESS">
  <location file="/cassis-verif/data/cbmc/proofs/generate_md5_digest/generate_md5_digest_harness.c" function="MD5Final" line="33" working-directory="/cassis-verif/data/cbmc/proofs"/>
</result>

<result property="generate_md5_digest.overflow.1" status="SUCCESS">
  <location file="/cassis-verif/data/src/helpers/cassis_utilities.c" function="generate_md5_digest" line="143" working-directory="/cassis-verif/data/cbmc/proofs"/>
</result>

<result property="generate_md5_digest.overflow.2" status="SUCCESS">
  <location file="/cassis-verif/data/src/helpers/cassis_utilities.c" function="generate_md5_digest" line="145" working-directory="/cassis-verif/data/cbmc/proofs"/>
</result>

<result property="generate_md5_digest.pointer_arithmetic.1" status="SUCCESS">
  <location file="/cassis-verif/data/src/helpers/cassis_utilities.c" function="generate_md5_digest" line="146" working-directory="/cassis-verif/data/cbmc/proofs"/>
</result>

<result property="generate_md5_digest.pointer_arithmetic.2" status="SUCCESS">
  <location file="/cassis-verif/data/src/helpers/cassis_utilities.c" function="generate_md5_digest" line="146" working-directory="/cassis-verif/data/cbmc/proofs"/>
</result>

<result property="generate_md5_digest.pointer_arithmetic.3" status="SUCCESS">
  <location file="/cassis-verif/data/src/helpers/cassis_utilities.c" function="generate_md5_digest" line="146" working-directory="/cassis-verif/data/cbmc/proofs"/>
</result>

<result property="generate_md5_digest.pointer_arithmetic.4" status="SUCCESS">
  <location file="/cassis-verif/data/src/helpers/cassis_utilities.c" function="generate_md5_digest" line="146" working-directory="/cassis-verif/data/cbmc/proofs"/>
</result>

<result property="generate_md5_digest.pointer_arithmetic.5" status="FAILURE">
  <location file="/cassis-verif/data/src/helpers/cassis_utilities.c" function="generate_md5_digest" line="146" working-directory="/cassis-verif/data/cbmc/proofs"/>
  <goto_trace>
    <function_call hidden="true" step_nr="2" thread="0">
      <function display_name="__CPROVER_initialize" identifier="__CPROVER_initialize">
        <location file="&lt;built-in-additions&gt;" line="24" working-directory="/cassis-verif/data/cbmc/proofs"/>
      </function>
    </function_call>
    <assignment assignment_type="state" base_name="__CPROVER_dead_object" display_name="__CPROVER_dead_object" hidden="true" identifier="__CPROVER_dead_object" mode="C" step_nr="3" thread="0">
      <location file="&lt;built-in-additions&gt;" line="8" working-directory="/cassis-verif/data/cbmc/proofs"/>
      <full_lhs_type>const void *</full_lhs_type>
      <full_lhs>__CPROVER_dead_object</full_lhs>
      <full_lhs_value>NULL</full_lhs_value>
    </assignment>
    <assignment assignment_type="state" base_name="__CPROVER_deallocated" display_name="__CPROVER_deallocated" hidden="true" identifier="__CPROVER_deallocated" mode="C" step_nr="4" thread="0">
      <location file="&lt;built-in-additions&gt;" line="7" working-directory="/cassis-verif/data/cbmc/proofs"/>
      <full_lhs_type>const void *</full_lhs_type>
      <full_lhs>__CPROVER_deallocated</full_lhs>
      <full_lhs_value>NULL</full_lhs_value>
    </assignment>
    <assignment assignment_type="state" base_name="__CPROVER_max_malloc_size" display_name="__CPROVER_max_malloc_size" hidden="true" identifier="__CPROVER_max_malloc_size" mode="C" step_nr="5" thread="0">
      <location file="&lt;built-in-additions&gt;" line="12" working-directory="/cassis-verif/data/cbmc/proofs"/>
      <full_lhs_type>__CPROVER_size_t</full_lhs_type>
      <full_lhs>__CPROVER_max_malloc_size</full_lhs>
      <full_lhs_value binary="0000000010000000000000000000000000000000000000000000000000000000">36028797018963968ul</full_lhs_value>
    </assignment>
    <assignment assignment_type="state" base_name="__CPROVER_memory_leak" display_name="__CPROVER_memory_leak" hidden="true" identifier="__CPROVER_memory_leak" mode="C" step_nr="6" thread="0">
      <location file="&lt;built-in-additions&gt;" line="9" working-directory="/cassis-verif/data/cbmc/proofs"/>
      <full_lhs_type>const void *</full_lhs_type>
      <full_lhs>__CPROVER_memory_leak</full_lhs>
      <full_lhs_value>NULL</full_lhs_value>
    </assignment>
    <assignment assignment_type="state" base_name="__CPROVER_rounding_mode" display_name="__CPROVER_rounding_mode" hidden="true" identifier="__CPROVER_rounding_mode" mode="C" step_nr="7" thread="0">
      <location file="&lt;built-in-additions&gt;" line="16" working-directory="/cassis-verif/data/cbmc/proofs"/>
      <full_lhs_type>signed int</full_lhs_type>
      <full_lhs>__CPROVER_rounding_mode</full_lhs>
      <full_lhs_value binary="00000000000000000000000000000000">0</full_lhs_value>
    </assignment>
    <function_return hidden="true" step_nr="8" thread="0">
      <function display_name="__CPROVER_initialize" identifier="__CPROVER_initialize">
        <location file="&lt;built-in-additions&gt;" line="24" working-directory="/cassis-verif/data/cbmc/proofs"/>
      </function>
    </function_return>
    <location-only hidden="false" step_nr="9" thread="0">
      <location file="/cassis-verif/data/cbmc/proofs/generate_md5_digest/generate_md5_digest_harness.c" line="40" working-directory="/cassis-verif/data/cbmc/proofs"/>
    </location-only>
    <function_call hidden="false" step_nr="10" thread="0">
      <function display_name="harness" identifier="harness">
        <location file="/cassis-verif/data/cbmc/proofs/generate_md5_digest/generate_md5_digest_harness.c" line="40" working-directory="/cassis-verif/data/cbmc/proofs"/>
      </function>
      <location file="/cassis-verif/data/cbmc/proofs/generate_md5_digest/generate_md5_digest_harness.c" line="40" working-directory="/cassis-verif/data/cbmc/proofs"/>
    </function_call>
    <assignment assignment_type="state" base_name="in_len" display_name="harness::1::in_len" hidden="false" identifier="harness::1::in_len" mode="C" step_nr="11" thread="0">
      <location file="/cassis-verif/data/cbmc/proofs/generate_md5_digest/generate_md5_digest_harness.c" function="harness" line="45" working-directory="/cassis-verif/data/cbmc/proofs"/>
      <full_lhs_type>signed int</full_lhs_type>
      <full_lhs>in_len</full_lhs>
      <full_lhs_value binary="00000000000000000000000000000010">2</full_lhs_value>
    </assignment>
    <location-only hidden="false" step_nr="12" thread="0">
      <location file="/cassis-verif/data/cbmc/proofs/generate_md5_digest/generate_md5_digest_harness.c" function="harness" line="48" working-directory="/cassis-verif/data/cbmc/proofs"/>
    </location-only>
    <assignment assignment_type="state" base_name="in_buff$array_size" display_name="harness::1::in_buff$array_size::in_buff$array_size" hidden="true" identifier="harness::1::in_buff$array_size::in_buff$array_size" mode="C" step_nr="13" thread="0">
      <location file="/cassis-verif/data/cbmc/proofs/generate_md5_digest/generate_md5_digest_harness.c" function="harness" line="50" working-directory="/cassis-verif/data/cbmc/proofs"/>
      <full_lhs_type>__CPROVER_size_t</full_lhs_type>
      <full_lhs>in_buff$array_size</full_lhs>
      <full_lhs_value binary="0000000000000000000000000000000000000000000000000000000000000000">0ul</full_lhs_value>
    </assignment>
    <assignment assignment_type="state" base_name="in_buff$array_size" display_name="harness::1::in_buff$array_size::in_buff$array_size" hidden="false" identifier="harness::1::in_buff$array_size::in_buff$array_size" mode="C" step_nr="15" thread="0">
      <location file="/cassis-verif/data/cbmc/proofs/generate_md5_digest/generate_md5_digest_harness.c" function="harness" line="50" working-directory="/cassis-verif/data/cbmc/proofs"/>
      <full_lhs_type>__CPROVER_size_t</full_lhs_type>
      <full_lhs>in_buff$array_size</full_lhs>
      <full_lhs_value binary="0000000000000000000000000000000000000000000000000000000000000010">2ul</full_lhs_value>
    </assignment>
    <assignment assignment_type="state" base_name="in_buff" display_name="harness::1::in_buff" hidden="false" identifier="harness::1::in_buff" mode="C" step_nr="16" thread="0">
      <location file="/cassis-verif/data/cbmc/proofs/generate_md5_digest/generate_md5_digest_harness.c" function="harness" line="50" working-directory="/cassis-verif/data/cbmc/proofs"/>
      <full_lhs_type>unsigned char [2ul]</full_lhs_type>
      <full_lhs>in_buff</full_lhs>
      <full_lhs_value>in_buff!0@1#1</full_lhs_value>
    </assignment>
    <assignment assignment_type="state" base_name="digest" display_name="harness::1::digest" hidden="false" identifier="harness::1::digest" mode="C" step_nr="17" thread="0">
      <location file="/cassis-verif/data/cbmc/proofs/generate_md5_digest/generate_md5_digest_harness.c" function="harness" line="51" working-directory="/cassis-verif/data/cbmc/proofs"/>
      <full_lhs_type>unsigned char [16l]</full_lhs_type>
      <full_lhs>digest</full_lhs>
      <full_lhs_value>{ 0, 0, 0, 0, 0, 0, 0, 0, 0, 0, 0, 0, 0, 0, 0, 0 }</full_lhs_value>
    </assignment>
    <assignment assignment_type="state" base_name="md5_size" display_name="harness::1::md5_size" hidden="true" identifier="harness::1::md5_size" mode="C" step_nr="18" thread="0">
      <location file="/cassis-verif/data/cbmc/proofs/generate_md5_digest/generate_md5_digest_harness.c" function="harness" line="53" working-directory="/cassis-verif/data/cbmc/proofs"/>
      <full_lhs_type>signed int</full_lhs_type>
      <full_lhs>md5_size</full_lhs>
      <full_lhs_value binary="00000000000000000000000000000000">0</full_lhs_value>
    </assignment>
    <assignment assignment_type="state" base_name="return_value_generate_md5_digest" display_name="harness::$tmp::return_value_generate_md5_digest" hidden="true" identifier="harness::$tmp::return_value_generate_md5_digest" mode="C" step_nr="19" thread="0">
      <location file="/cassis-verif/data/cbmc/proofs/generate_md5_digest/generate_md5_digest_harness.c" function="harness" line="53" working-directory="/cassis-verif/data/cbmc/proofs"/>
      <full_lhs_type>signed int</full_lhs_type>
      <full_lhs>return_value_generate_md5_digest</full_lhs>
      <full_lhs_value binary="00000000000000000000000000000000">0</full_lhs_value>
    </assignment>
    <function_call hidden="false" step_nr="21" thread="0">
      <function display_name="generate_md5_digest" identifier="generate_md5_digest">
        <location file="/cassis-verif/data/src/helpers/cassis_utilities.c" line="131" working-directory="/cassis-verif/data/cbmc/proofs"/>
      </function>
      <location file="/cassis-verif/data/cbmc/proofs/generate_md5_digest/generate_md5_digest_harness.c" function="harness" line="53" working-directory="/cassis-verif/data/cbmc/proofs"/>
    </function_call>
    <assignment assignment_type="actual_parameter" base_name="in_buff" display_name="generate_md5_digest::in_buff" hidden="false" identifier="generate_md5_digest::in_buff" mode="C" step_nr="22" thread="0">
      <location file="/cassis-verif/data/cbmc/proofs/generate_md5_digest/generate_md5_digest_harness.c" function="harness" line="53" working-directory="/cassis-verif/data/cbmc/proofs"/>
      <full_lhs_type>unsigned char *</full_lhs_type>
      <full_lhs>in_buff</full_lhs>
      <full_lhs_value>in_buff!0@1</full_lhs_value>
    </assignment>
    <assignment assignment_type="actual_parameter" base_name="in_len" display_name="generate_md5_digest::in_len" hidden="false" identifier="generate_md5_digest::in_len" mode="C" step_nr="23" thread="0">
      <location file="/cassis-verif/data/cbmc/proofs/generate_md5_digest/generate_md5_digest_harness.c" function="harness" line="53" working-directory="/cassis-verif/data/cbmc/proofs"/>
      <full_lhs_type>signed int</full_lhs_type>
      <full_lhs>in_len</full_lhs>
      <full_lhs_value binary="00000000000000000000000000000010">2</full_lhs_value>
    </assignment>
    <assignment assignment_type="actual_parameter" base_name="digest" display_name="generate_md5_digest::digest" hidden="false" identifier="generate_md5_digest::digest" mode="C" step_nr="24" thread="0">
      <location file="/cassis-verif/data/cbmc/proofs/generate_md5_digest/generate_md5_digest_harness.c" function="harness" line="53" working-directory="/cassis-verif/data/cbmc/proofs"/>
      <full_lhs_type>unsigned char *</full_lhs_type>
      <full_lhs>digest</full_lhs>
      <full_lhs_value>digest!0@1</full_lhs_value>
    </assignment>
    <assignment assignment_type="state" base_name="length" display_name="generate_md5_digest::1::length" hidden="true" identifier="generate_md5_digest::1::length" mode="C" step_nr="25" thread="0">
      <location file="/cassis-verif/data/src/helpers/cassis_utilities.c" function="generate_md5_digest" line="132" working-directory="/cassis-verif/data/cbmc/proofs"/>
      <full_lhs_type>signed int</full_lhs_type>
      <full_lhs>length</full_lhs>
      <full_lhs_value binary="00000000000000000000000000000000">0</full_lhs_value>
    </assignment>
    <assignment assignment_type="state" base_name="length" display_name="generate_md5_digest::1::length" hidden="false" identifier="generate_md5_digest::1::length" mode="C" step_nr="26" thread="0">
      <location file="/cassis-verif/data/src/helpers/cassis_utilities.c" function="generate_md5_digest" line="132" working-directory="/cassis-verif/data/cbmc/proofs"/>
      <full_lhs_type>signed int</full_lhs_type>
      <full_lhs>length</full_lhs>
      <full_lhs_value binary="00000000000000000000000000000010">2</full_lhs_value>
    </assignment>
    <assignment assignment_type="state" base_name="buffer" display_name="generate_md5_digest::1::buffer" hidden="true" identifier="generate_md5_digest::1::buffer" mode="C" step_nr="27" thread="0">
      <location file="/cassis-verif/data/src/helpers/cassis_utilities.c" function="generate_md5_digest" line="133" working-directory="/cassis-verif/data/cbmc/proofs"/>
      <full_lhs_type>unsigned char *</full_lhs_type>
      <full_lhs>buffer</full_lhs>
      <full_lhs_value>((unsigned char *)NULL)</full_lhs_value>
    </assignment>
    <assignment assignment_type="state" base_name="buffer" display_name="generate_md5_digest::1::buffer" hidden="false" identifier="generate_md5_digest::1::buffer" mode="C" step_nr="28" thread="0">
      <location file="/cassis-verif/data/src/helpers/cassis_utilities.c" function="generate_md5_digest" line="133" working-directory="/cassis-verif/data/cbmc/proofs"/>
      <full_lhs_type>unsigned char *</full_lhs_type>
      <full_lhs>buffer</full_lhs>
      <full_lhs_value>in_buff!0@1</full_lhs_value>
    </assignment>
    <assignment assignment_type="state" base_name="c" display_name="generate_md5_digest::1::c" hidden="false" identifier="generate_md5_digest::1::c" mode="C" step_nr="29" thread="0">
      <location file="/cassis-verif/data/src/helpers/cassis_utilities.c" function="generate_md5_digest" line="135" working-directory="/cassis-verif/data/cbmc/proofs"/>
      <full_lhs_type>MD5_CTX</full_lhs_type>
      <full_lhs>c</full_lhs>
      <full_lhs_value>{ .i={ 0u, 0u }, .buf={ 0u, 0u, 0u, 0u }, .in={ 0, 0, 0, 0, 0, 0, 0, 0, 0, 0, 0, 0, 0, 0, 0, 0, 0, 0, 0, 0, 0, 0, 0, 0, 0, 0, 0, 0, 0, 0, 0, 0, 0, 0, 0, 0, 0, 0, 0, 0, 0, 0, 0, 0, 0, 0, 0, 0, 0, 0, 0, 0, 0, 0, 0, 0, 0, 0, 0, 0, 0, 0, 0, 0 },
    .digest={ 0, 0, 0, 0, 0, 0, 0, 0, 0, 0, 0, 0, 0, 0, 0, 0 } }</full_lhs_value>
    </assignment>
    <location-only hidden="false" step_nr="30" thread="0">
      <location file="/cassis-verif/data/src/helpers/cassis_utilities.c" function="generate_md5_digest" line="137" working-directory="/cassis-verif/data/cbmc/proofs"/>
    </location-only>
    <function_call hidden="false" step_nr="31" thread="0">
      <function display_name="MD5Init" identifier="MD5Init">
        <location file="/cassis-verif/data/cbmc/proofs/generate_md5_digest/generate_md5_digest_harness.c" line="26" working-directory="/cassis-verif/data/cbmc/proofs"/>
      </function>
      <location file="/cassis-verif/data/src/helpers/cassis_utilities.c" function="generate_md5_digest" line="137" working-directory="/cassis-verif/data/cbmc/proofs"/>
    </function_call>
    <assignment assignment_type="actual_parameter" base_name="ctx" display_name="MD5Init::ctx" hidden="false" identifier="MD5Init::ctx" mode="C" step_nr="32" thread="0">
      <location file="/cassis-verif/data/src/helpers/cassis_utilities.c" function="generate_md5_digest" line="137" working-directory="/cassis-verif/data/cbmc/proofs"/>
      <full_lhs_type>MD5_CTX *</full_lhs_type>
      <full_lhs>ctx</full_lhs>
      <full_lhs_value>&amp;c!0@1</full_lhs_value>
    </assignment>
    <function_return hidden="false" step_nr="33" thread="0">
      <function display_name="MD5Init" identifier="MD5Init">
        <location file="/cassis-verif/data/cbmc/proofs/generate_md5_digest/generate_md5_digest_harness.c" line="26" working-directory="/cassis-verif/data/cbmc/proofs"/>
      </function>
      <location file="/cassis-verif/data/cbmc/proofs/generate_md5_digest/generate_md5_digest_harness.c" function="MD5Init" line="28" working-directory="/cassis-verif/data/cbmc/proofs"/>
    </function_return>
    <loop-head hidden="false" step_nr="34" thread="0">
      <location file="/cassis-verif/data/src/helpers/cassis_utilities.c" function="generate_md5_digest" line="139" working-directory="/cassis-verif/data/cbmc/proofs"/>
    </loop-head>
    <location-only hidden="false" step_nr="35" thread="0">
      <location file="/cassis-verif/data/src/helpers/cassis_utilities.c" function="generate_md5_digest" line="140" working-directory="/cassis-verif/data/cbmc/proofs"/>
    </location-only>
    <location-only hidden="false" step_nr="37" thread="0">
      <location file="/cassis-verif/data/src/helpers/cassis_utilities.c" function="generate_md5_digest" line="143" working-directory="/cassis-verif/data/cbmc/proofs"/>
    </location-only>
    <function_call hidden="false" step_nr="38" thread="0">
      <function display_name="MD5Update" identifier="MD5Update">
        <location file="/cassis-verif/data/cbmc/proofs/generate_md5_digest/generate_md5_digest_harness.c" line="29" working-directory="/cassis-verif/data/cbmc/proofs"/>
      </function>
      <location file="/cassis-verif/data/src/helpers/cassis_utilities.c" function="generate_md5_digest" line="143" working-directory="/cassis-verif/data/cbmc/proofs"/>
    </function_call>
    <assignment assignment_type="actual_parameter" base_name="ctx" display_name="MD5Update::ctx" hidden="false" identifier="MD5Update::ctx" mode="C" step_nr="39" thread="0">
      <location file="/cassis-verif/data/src/helpers/cassis_utilities.c" function="generate_md5_digest" line="143" working-directory="/cassis-verif/data/cbmc/proofs"/>
      <full_lhs_type>MD5_CTX *</full_lhs_type>
      <full_lhs>ctx</full_lhs>
      <full_lhs_value>&amp;c!0@1</full_lhs_value>
    </assignment>
    <assignment assignment_type="actual_parameter" base_name="buff" display_name="MD5Update::buff" hidden="false" identifier="MD5Update::buff" mode="C" step_nr="40" thread="0">
      <location file="/cassis-verif/data/src/helpers/cassis_utilities.c" function="generate_md5_digest" line="143" working-directory="/cassis-verif/data/cbmc/proofs"/>
      <full_lhs_type>const void *</full_lhs_type>
      <full_lhs>buff</full_lhs>
      <full_lhs_value>(const void *)&amp;in_buff!0@1</full_lhs_value>
    </assignment>
    <assignment assignment_type="actual_parameter" base_name="len" display_name="MD5Update::len" hidden="false" identifier="MD5Update::len" mode="C" step_nr="41" thread="0">
      <location file="/cassis-verif/data/src/helpers/cassis_utilities.c" function="generate_md5_digest" line="143" working-directory="/cassis-verif/data/cbmc/proofs"/>
      <full_lhs_type>UINT4</full_lhs_type>
      <full_lhs>len</full_lhs>
      <full_lhs_value binary="00000000000000000000000000000010">2u</full_lhs_value>
    </assignment>
    <function_return hidden="false" step_nr="43" thread="0">
      <function display_name="MD5Update" identifier="MD5Update">
        <location file="/cassis-verif/data/cbmc/proofs/generate_md5_digest/generate_md5_digest_harness.c" line="29" working-directory="/cassis-verif/data/cbmc/proofs"/>
      </function>
      <location file="/cassis-verif/data/cbmc/proofs/generate_md5_digest/generate_md5_digest_harness.c" function="MD5Update" line="31" working-directory="/cassis-verif/data/cbmc/proofs"/>
    </function_return>
    <assignment assignment_type="state" base_name="length" display_name="generate_md5_digest::1::length" hidden="false" identifier="generate_md5_digest::1::length" mode="C" step_nr="45" thread="0">
      <location file="/cassis-verif/data/src/helpers/cassis_utilities.c" function="generate_md5_digest" line="145" working-directory="/cassis-verif/data/cbmc/proofs"/>
      <full_lhs_type>signed int</full_lhs_type>
      <full_lhs>length</full_lhs>
      <full_lhs_value binary="11111111111111111111111111000010">-62</full_lhs_value>
    </assignment>
    <failure hidden="false" property="generate_md5_digest.pointer_arithmetic.5" reason="pointer arithmetic: pointer outside object bounds in buffer + (signed long int)64" step_nr="46" thread="0">
      <location file="/cassis-verif/data/src/helpers/cassis_utilities.c" function="generate_md5_digest" line="146" working-directory="/cassis-verif/data/cbmc/proofs"/>
    </failure>
  </goto_trace>
</result>

<result property="generate_md5_digest.pointer_arithmetic.6" status="SUCCESS">
  <location file="/cassis-verif/data/src/helpers/cassis_utilities.c" function="generate_md5_digest" line="146" working-directory="/cassis-verif/data/cbmc/proofs"/>
</result>

<result property="harness.overflow.1" status="SUCCESS">
  <location file="/cassis-verif/data/cbmc/proofs/generate_md5_digest/generate_md5_digest_harness.c" function="harness" line="50" working-directory="/cassis-verif/data/cbmc/proofs"/>
</result>

<result property="generate_md5_digest.unwind.0" status="SUCCESS">
  <location file="/cassis-verif/data/src/helpers/cassis_utilities.c" function="generate_md5_digest" line="139" working-directory="/cassis-verif/data/cbmc/proofs"/>
</result>

<message type="STATUS-MESSAGE">
  <text>VERIFICATION FAILED</text>
</message>

<cprover-status>FAILURE</cprover-status>

</cprover>

