<?xml version="1.0" encoding="UTF-8"?>
<cprover>
<program>CBMC 5.95.1 (cbmc-5.95.1)</program>
<message type="WARNING">
  <text>**** WARNING: Use --unwinding-assertions to obtain sound verification results</text>
</message>

<message type="WARNING">
  <text>**** WARNING: Use --unwinding-assertions to obtain sound verification results</text>
</message>

<message type="STATUS-MESSAGE">
  <text>CBMC version 5.95.1 (cbmc-5.95.1) 64-bit x86_64 linux</text>
</message>

<message type="STATUS-MESSAGE">
  <text>Reading GOTO program from file /cassis-verif/data/cbmc/proofs/check_md5_digest/gotos/check_md5_digest_harness.goto</text>
</message>

<message type="STATUS-MESSAGE">
  <text>Generating GOTO Program</text>
</message>

<message type="STATUS-MESSAGE">
  <text>Adding CPROVER library (x86_64)</text>
</message>

<message type="STATUS-MESSAGE">
  <text>Removal of function pointers and virtual functions</text>
</message>

<message type="STATUS-MESSAGE">
  <text>Generic Property Instrumentation</text>
</message>

<message type="STATUS-MESSAGE">
  <text>Rewriting existing assertions as assumptions</text>
</message>

<message type="STATUS-MESSAGE">
  <text>Running with 8 object bits, 56 offset bits (user-specified)</text>
</message>

<message type="STATUS-MESSAGE">
  <text>Starting Bounded Model Checking</text>
</message>

<message type="STATUS-MESSAGE">
  <text>Unwinding loop check_md5_digest.0 iteration 1 file /cassis-verif/data/src/helpers/cassis_utilities.c line 183 function check_md5_digest thread 0</text>
</message>

<message type="STATUS-MESSAGE">
  <text>Unwinding loop check_md5_digest.0 iteration 2 file /cassis-verif/data/src/helpers/cassis_utilities.c line 183 function check_md5_digest thread 0</text>
</message>

<message type="STATUS-MESSAGE">
  <text>Unwinding loop check_md5_digest.0 iteration 3 file /cassis-verif/data/src/helpers/cassis_utilities.c line 183 function check_md5_digest thread 0</text>
</message>

<message type="STATUS-MESSAGE">
  <text>Unwinding loop check_md5_digest.0 iteration 4 file /cassis-verif/data/src/helpers/cassis_utilities.c line 183 function check_md5_digest thread 0</text>
</message>

<message type="STATUS-MESSAGE">
  <text>Unwinding loop check_md5_digest.0 iteration 5 file /cassis-verif/data/src/helpers/cassis_utilities.c line 183 function check_md5_digest thread 0</text>
</message>

<message type="STATUS-MESSAGE">
  <text>Unwinding loop check_md5_digest.0 iteration 6 file /cassis-verif/data/src/helpers/cassis_utilities.c line 183 function check_md5_digest thread 0</text>
</message>

<message type="STATUS-MESSAGE">
  <text>Unwinding loop check_md5_digest.0 iteration 7 file /cassis-verif/data/src/helpers/cassis_utilities.c line 183 function check_md5_digest thread 0</text>
</message>

<message type="STATUS-MESSAGE">
  <text>Unwinding loop check_md5_digest.0 iteration 8 file /cassis-verif/data/src/helpers/cassis_utilities.c line 183 function check_md5_digest thread 0</text>
</message>

<message type="STATUS-MESSAGE">
  <text>Unwinding loop check_md5_digest.0 iteration 9 file /cassis-verif/data/src/helpers/cassis_utilities.c line 183 function check_md5_digest thread 0</text>
</message>

<message type="STATUS-MESSAGE">
  <text>Unwinding loop check_md5_digest.0 iteration 10 file /cassis-verif/data/src/helpers/cassis_utilities.c line 183 function check_md5_digest thread 0</text>
</message>

<message type="STATUS-MESSAGE">
  <text>Unwinding loop check_md5_digest.0 iteration 11 file /cassis-verif/data/src/helpers/cassis_utilities.c line 183 function check_md5_digest thread 0</text>
</message>

<message type="STATUS-MESSAGE">
  <text>Unwinding loop check_md5_digest.0 iteration 12 file /cassis-verif/data/src/helpers/cassis_utilities.c line 183 function check_md5_digest thread 0</text>
</message>

<message type="STATUS-MESSAGE">
  <text>Unwinding loop check_md5_digest.0 iteration 13 file /cassis-verif/data/src/helpers/cassis_utilities.c line 183 function check_md5_digest thread 0</text>
</message>

<message type="STATUS-MESSAGE">
  <text>Unwinding loop check_md5_digest.0 iteration 14 file /cassis-verif/data/src/helpers/cassis_utilities.c line 183 function check_md5_digest thread 0</text>
</message>

<message type="STATUS-MESSAGE">
  <text>Unwinding loop check_md5_digest.0 iteration 15 file /cassis-verif/data/src/helpers/cassis_utilities.c line 183 function check_md5_digest thread 0</text>
</message>

<message type="STATUS-MESSAGE">
  <text>Unwinding loop check_md5_digest.0 iteration 16 file /cassis-verif/data/src/helpers/cassis_utilities.c line 183 function check_md5_digest thread 0</text>
</message>

<message type="STATUS-MESSAGE">
  <text>Runtime Symex: 0.00748112s</text>
</message>

<message type="STATUS-MESSAGE">
  <text>size of program expression: 227 steps</text>
</message>

<message type="STATUS-MESSAGE">
  <text>Generated 40 VCC(s), 40 remaining after simplification</text>
</message>

<message type="STATUS-MESSAGE">
  <text>Runtime Postprocess Equation: 1.794e-05s</text>
</message>

<message type="STATUS-MESSAGE">
  <text>Passing problem to propositional reduction</text>
</message>

<message type="STATUS-MESSAGE">
  <text>converting SSA</text>
</message>

<message type="STATUS-MESSAGE">
  <text>Runtime Convert SSA: 0.00154192s</text>
</message>

<message type="STATUS-MESSAGE">
  <text>Running propositional reduction</text>
</message>

<message type="STATUS-MESSAGE">
  <text>Post-processing</text>
</message>

<message type="STATUS-MESSAGE">
  <text>Runtime Post-process: 1.159e-05s</text>
</message>

<message type="STATUS-MESSAGE">
  <text>Solving with MiniSAT 2.2.1 with simplifier</text>
</message>

<message type="STATUS-MESSAGE">
  <text>1463 variables, 2066 clauses</text>
</message>

<message type="STATUS-MESSAGE">
  <text>SAT checker: instance is SATISFIABLE</text>
</message>

<message type="STATUS-MESSAGE">
  <text>Runtime Solver: 0.00355302s</text>
</message>

<message type="STATUS-MESSAGE">
  <text>Runtime decision procedure: 0.00518558s</text>
</message>

<message type="STATUS-MESSAGE">
  <text>Running propositional reduction</text>
</message>

<message type="STATUS-MESSAGE">
  <text>Solving with MiniSAT 2.2.1 with simplifier</text>
</message>

<message type="STATUS-MESSAGE">
  <text>1463 variables, 520 clauses</text>
</message>

<message type="STATUS-MESSAGE">
  <text>SAT checker: instance is SATISFIABLE</text>
</message>

<message type="STATUS-MESSAGE">
  <text>Runtime Solver: 0.00022292s</text>
</message>

<message type="STATUS-MESSAGE">
  <text>Runtime decision procedure: 0.000247971s</text>
</message>

<goal description="block 1 (lines /cassis-verif/data/cbmc/proofs/check_md5_digest/check_md5_digest_harness.c:harness:31,32,34,35,37)" id="harness.coverage.1" status="SATISFIED">
  <location file="/cassis-verif/data/cbmc/proofs/check_md5_digest/check_md5_digest_harness.c" function="harness" line="31" working-directory="/cassis-verif/data/cbmc/proofs"/>
  <basic_block_lines>
    <line file="/cassis-verif/data/cbmc/proofs/check_md5_digest/check_md5_digest_harness.c" function="harness">31,32,34,35,37</line>
  </basic_block_lines>
</goal>

<goal description="block 2 (lines /cassis-verif/data/cbmc/proofs/check_md5_digest/check_md5_digest_harness.c:harness:37,39)" id="harness.coverage.2" status="SATISFIED">
  <location file="/cassis-verif/data/cbmc/proofs/check_md5_digest/check_md5_digest_harness.c" function="harness" line="37" working-directory="/cassis-verif/data/cbmc/proofs"/>
  <basic_block_lines>
    <line file="/cassis-verif/data/cbmc/proofs/check_md5_digest/check_md5_digest_harness.c" function="harness">37,39</line>
  </basic_block_lines>
</goal>

<goal description="block 3 (lines /cassis-verif/data/cbmc/proofs/check_md5_digest/check_md5_digest_harness.c:harness:40)" id="harness.coverage.3" status="SATISFIED">
  <location file="/cassis-verif/data/cbmc/proofs/check_md5_digest/check_md5_digest_harness.c" function="harness" line="40" working-directory="/cassis-verif/data/cbmc/proofs"/>
  <basic_block_lines>
    <line file="/cassis-verif/data/cbmc/proofs/check_md5_digest/check_md5_digest_harness.c" function="harness">40</line>
  </basic_block_lines>
</goal>

<goal description="block 4 (lines /cassis-verif/data/cbmc/proofs/check_md5_digest/check_md5_digest_harness.c:harness:42)" id="harness.coverage.4" status="SATISFIED">
  <location file="/cassis-verif/data/cbmc/proofs/check_md5_digest/check_md5_digest_harness.c" function="harness" line="42" working-directory="/cassis-verif/data/cbmc/proofs"/>
  <basic_block_lines>
    <line file="/cassis-verif/data/cbmc/proofs/check_md5_digest/check_md5_digest_harness.c" function="harness">42</line>
  </basic_block_lines>
</goal>

<goal description="block 5 (lines /cassis-verif/data/cbmc/proofs/check_md5_digest/check_md5_digest_harness.c:harness:44)" id="harness.coverage.5" status="SATISFIED">
  <location file="/cassis-verif/data/cbmc/proofs/check_md5_digest/check_md5_digest_harness.c" function="harness" line="44" working-directory="/cassis-verif/data/cbmc/proofs"/>
  <basic_block_lines>
    <line file="/cassis-verif/data/cbmc/proofs/check_md5_digest/check_md5_digest_harness.c" function="harness">44</line>
  </basic_block_lines>
</goal>

<goal description="block 1 (lines /cassis-verif/data/src/helpers/cassis_utilities.c:check_md5_digest:181)" id="check_md5_digest.coverage.1" status="SATISFIED">
  <location file="/cassis-verif/data/src/helpers/cassis_utilities.c" function="check_md5_digest" line="181" working-directory="/cassis-verif/data/cbmc/proofs"/>
  <basic_block_lines>
    <line file="/cassis-verif/data/src/helpers/cassis_utilities.c" function="check_md5_digest">181</line>
  </basic_block_lines>
</goal>

<goal description="block 2 (lines /cassis-verif/data/src/helpers/cassis_utilities.c:check_md5_digest:183)" id="check_md5_digest.coverage.2" status="SATISFIED">
  <location file="/cassis-verif/data/src/helpers/cassis_utilities.c" function="check_md5_digest" line="183" working-directory="/cassis-verif/data/cbmc/proofs"/>
  <basic_block_lines>
    <line file="/cassis-verif/data/src/helpers/cassis_utilities.c" function="check_md5_digest">183</line>
  </basic_block_lines>
</goal>

<goal description="block 3 (lines /cassis-verif/data/src/helpers/cassis_utilities.c:check_md5_digest:183)" id="check_md5_digest.coverage.3" status="SATISFIED">
  <location file="/cassis-verif/data/src/helpers/cassis_utilities.c" function="check_md5_digest" line="183" working-directory="/cassis-verif/data/cbmc/proofs"/>
  <basic_block_lines>
    <line file="/cassis-verif/data/src/helpers/cassis_utilities.c" function="check_md5_digest">183</line>
  </basic_block_lines>
</goal>

<goal description="block 4 (lines /cassis-verif/data/src/helpers/cassis_utilities.c:check_md5_digest:185,186)" id="check_md5_digest.coverage.4" status="SATISFIED">
  <location file="/cassis-verif/data/src/helpers/cassis_utilities.c" function="check_md5_digest" line="185" working-directory="/cassis-verif/data/cbmc/proofs"/>
  <basic_block_lines>
    <line file="/cassis-verif/data/src/helpers/cassis_utilities.c" function="check_md5_digest">185,186</line>
  </basic_block_lines>
</goal>

<message type="STATUS-MESSAGE">
  <text>** 9 of 9 covered (100.0%)</text>
</message>

<message type="STATUS-MESSAGE">
  <text>** Used 3 iterations</text>
</message>

</cprover>

