<?xml version="1.0" encoding="UTF-8"?>
<cprover>
<program>CBMC 5.95.1 (cbmc-5.95.1)</program>
<message type="STATUS-MESSAGE">
  <text>CBMC version 5.95.1 (cbmc-5.95.1) 64-bit x86_64 linux</text>
</message>

<message type="STATUS-MESSAGE">
  <text>Reading GOTO program from file /cassis-verif/data/cbmc/proofs/check_md5_digest/gotos/check_md5_digest_harness.goto</text>
</message>

<message type="STATUS-MESSAGE">
  <text>Generating GOTO Program</text>
</message>

<message type="STATUS-MESSAGE">
  <text>Adding CPROVER library (x86_64)</text>
</message>

<message type="STATUS-MESSAGE">
  <text>Removal of function pointers and virtual functions</text>
</message>

<message type="STATUS-MESSAGE">
  <text>Generic Property Instrumentation</text>
</message>

<message type="STATUS-MESSAGE">
  <text>Running with 8 object bits, 56 offset bits (user-specified)</text>
</message>

<property class="assertion" name="harness.assertion.1">
  <location file="/cassis-verif/data/cbmc/proofs/check_md5_digest/check_md5_digest_harness.c" function="harness" line="40" working-directory="/cassis-verif/data/cbmc/proofs"/>
  <description>assertion result == 0</description>
  <expression>result == 0</expression>
</property>

<property class="assertion" name="harness.assertion.2">
  <location file="/cassis-verif/data/cbmc/proofs/check_md5_digest/check_md5_digest_harness.c" function="harness" line="42" working-directory="/cassis-verif/data/cbmc/proofs"/>
  <description>assertion result &lt; 0</description>
  <expression>result &lt; 0</expression>
</property>

<property class="pointer arithmetic" name="check_md5_digest.pointer_arithmetic.1">
  <location file="/cassis-verif/data/src/helpers/cassis_utilities.c" function="check_md5_digest" line="183" working-directory="/cassis-verif/data/cbmc/proofs"/>
  <description>pointer arithmetic: pointer NULL in d1 + (signed long int)i</description>
  <expression>TRUE ==&gt; !(__CPROVER_POINTER_OBJECT(((unsigned char *)NULL)) == __CPROVER_POINTER_OBJECT(d1))</expression>
</property>

<property class="pointer arithmetic" name="check_md5_digest.pointer_arithmetic.2">
  <location file="/cassis-verif/data/src/helpers/cassis_utilities.c" function="check_md5_digest" line="183" working-directory="/cassis-verif/data/cbmc/proofs"/>
  <description>pointer arithmetic: pointer invalid in d1 + (signed long int)i</description>
  <expression>TRUE ==&gt; !IS_INVALID_POINTER(d1)</expression>
</property>

<property class="pointer arithmetic" name="check_md5_digest.pointer_arithmetic.3">
  <location file="/cassis-verif/data/src/helpers/cassis_utilities.c" function="check_md5_digest" line="183" working-directory="/cassis-verif/data/cbmc/proofs"/>
  <description>pointer arithmetic: deallocated dynamic object in d1 + (signed long int)i</description>
  <expression>TRUE ==&gt; !(__CPROVER_POINTER_OBJECT(d1) == __CPROVER_POINTER_OBJECT(__CPROVER_deallocated))</expression>
</property>

<property class="pointer arithmetic" name="check_md5_digest.pointer_arithmetic.4">
  <location file="/cassis-verif/data/src/helpers/cassis_utilities.c" function="check_md5_digest" line="183" working-directory="/cassis-verif/data/cbmc/proofs"/>
  <description>pointer arithmetic: dead object in d1 + (signed long int)i</description>
  <expression>TRUE ==&gt; !(__CPROVER_POINTER_OBJECT(d1) == __CPROVER_POINTER_OBJECT(__CPROVER_dead_object))</expression>
</property>

<property class="pointer arithmetic" name="check_md5_digest.pointer_arithmetic.5">
  <location file="/cassis-verif/data/src/helpers/cassis_utilities.c" function="check_md5_digest" line="183" working-directory="/cassis-verif/data/cbmc/proofs"/>
  <description>pointer arithmetic: pointer outside object bounds in d1 + (signed long int)i</description>
  <expression>TRUE ==&gt; (unsigned __CPROVER_bitvector[65])__CPROVER_OBJECT_SIZE(d1) &gt;= (unsigned __CPROVER_bitvector[65])(__CPROVER_POINTER_OFFSET(d1) + (unsigned long int)(signed long int)i)</expression>
</property>

<property class="pointer arithmetic" name="check_md5_digest.pointer_arithmetic.6">
  <location file="/cassis-verif/data/src/helpers/cassis_utilities.c" function="check_md5_digest" line="183" working-directory="/cassis-verif/data/cbmc/proofs"/>
  <description>pointer arithmetic: invalid integer address in d1 + (signed long int)i</description>
  <expression>TRUE ==&gt; !(__CPROVER_POINTER_OBJECT(((unsigned char *)NULL)) == __CPROVER_POINTER_OBJECT(d1)) || d1 + (signed long int)i == ((unsigned char *)NULL)</expression>
</property>

<property class="pointer dereference" name="check_md5_digest.pointer_dereference.1">
  <location file="/cassis-verif/data/src/helpers/cassis_utilities.c" function="check_md5_digest" line="183" working-directory="/cassis-verif/data/cbmc/proofs"/>
  <description>dereference failure: pointer NULL in d1[(signed long int)i]</description>
  <expression>TRUE ==&gt; !(__CPROVER_POINTER_OBJECT(((unsigned char *)NULL)) == __CPROVER_POINTER_OBJECT(d1))</expression>
</property>

<property class="pointer dereference" name="check_md5_digest.pointer_dereference.2">
  <location file="/cassis-verif/data/src/helpers/cassis_utilities.c" function="check_md5_digest" line="183" working-directory="/cassis-verif/data/cbmc/proofs"/>
  <description>dereference failure: pointer invalid in d1[(signed long int)i]</description>
  <expression>TRUE ==&gt; !IS_INVALID_POINTER(d1)</expression>
</property>

<property class="pointer dereference" name="check_md5_digest.pointer_dereference.3">
  <location file="/cassis-verif/data/src/helpers/cassis_utilities.c" function="check_md5_digest" line="183" working-directory="/cassis-verif/data/cbmc/proofs"/>
  <description>dereference failure: deallocated dynamic object in d1[(signed long int)i]</description>
  <expression>TRUE ==&gt; !(__CPROVER_POINTER_OBJECT(d1) == __CPROVER_POINTER_OBJECT(__CPROVER_deallocated))</expression>
</property>

<property class="pointer dereference" name="check_md5_digest.pointer_dereference.4">
  <location file="/cassis-verif/data/src/helpers/cassis_utilities.c" function="check_md5_digest" line="183" working-directory="/cassis-verif/data/cbmc/proofs"/>
  <description>dereference failure: dead object in d1[(signed long int)i]</description>
  <expression>TRUE ==&gt; !(__CPROVER_POINTER_OBJECT(d1) == __CPROVER_POINTER_OBJECT(__CPROVER_dead_object))</expression>
</property>

<property class="pointer dereference" name="check_md5_digest.pointer_dereference.5">
  <location file="/cassis-verif/data/src/helpers/cassis_utilities.c" function="check_md5_digest" line="183" working-directory="/cassis-verif/data/cbmc/proofs"/>
  <description>dereference failure: pointer outside object bounds in d1[(signed long int)i]</description>
  <expression>TRUE ==&gt; (unsigned __CPROVER_bitvector[65])__CPROVER_OBJECT_SIZE(d1) &gt;= (unsigned __CPROVER_bitvector[65])(__CPROVER_POINTER_OFFSET(d1) + (unsigned long int)(signed long int)i) + 1</expression>
</property>

<property class="pointer dereference" name="check_md5_digest.pointer_dereference.6">
  <location file="/cassis-verif/data/src/helpers/cassis_utilities.c" function="check_md5_digest" line="183" working-directory="/cassis-verif/data/cbmc/proofs"/>
  <description>dereference failure: invalid integer address in d1[(signed long int)i]</description>
  <expression>TRUE ==&gt; !(__CPROVER_POINTER_OBJECT(((unsigned char *)NULL)) == __CPROVER_POINTER_OBJECT(d1)) || d1 + (signed long int)i == ((unsigned char *)NULL)</expression>
</property>

<property class="pointer arithmetic" name="check_md5_digest.pointer_arithmetic.7">
  <location file="/cassis-verif/data/src/helpers/cassis_utilities.c" function="check_md5_digest" line="183" working-directory="/cassis-verif/data/cbmc/proofs"/>
  <description>pointer arithmetic: pointer NULL in d2 + (signed long int)i</description>
  <expression>TRUE ==&gt; !(__CPROVER_POINTER_OBJECT(((unsigned char *)NULL)) == __CPROVER_POINTER_OBJECT(d2))</expression>
</property>

<property class="pointer arithmetic" name="check_md5_digest.pointer_arithmetic.8">
  <location file="/cassis-verif/data/src/helpers/cassis_utilities.c" function="check_md5_digest" line="183" working-directory="/cassis-verif/data/cbmc/proofs"/>
  <description>pointer arithmetic: pointer invalid in d2 + (signed long int)i</description>
  <expression>TRUE ==&gt; !IS_INVALID_POINTER(d2)</expression>
</property>

<property class="pointer arithmetic" name="check_md5_digest.pointer_arithmetic.9">
  <location file="/cassis-verif/data/src/helpers/cassis_utilities.c" function="check_md5_digest" line="183" working-directory="/cassis-verif/data/cbmc/proofs"/>
  <description>pointer arithmetic: deallocated dynamic object in d2 + (signed long int)i</description>
  <expression>TRUE ==&gt; !(__CPROVER_POINTER_OBJECT(d2) == __CPROVER_POINTER_OBJECT(__CPROVER_deallocated))</expression>
</property>

<property class="pointer arithmetic" name="check_md5_digest.pointer_arithmetic.10">
  <location file="/cassis-verif/data/src/helpers/cassis_utilities.c" function="check_md5_digest" line="183" working-directory="/cassis-verif/data/cbmc/proofs"/>
  <description>pointer arithmetic: dead object in d2 + (signed long int)i</description>
  <expression>TRUE ==&gt; !(__CPROVER_POINTER_OBJECT(d2) == __CPROVER_POINTER_OBJECT(__CPROVER_dead_object))</expression>
</property>

<property class="pointer arithmetic" name="check_md5_digest.pointer_arithmetic.11">
  <location file="/cassis-verif/data/src/helpers/cassis_utilities.c" function="check_md5_digest" line="183" working-directory="/cassis-verif/data/cbmc/proofs"/>
  <description>pointer arithmetic: pointer outside object bounds in d2 + (signed long int)i</description>
  <expression>TRUE ==&gt; (unsigned __CPROVER_bitvector[65])__CPROVER_OBJECT_SIZE(d2) &gt;= (unsigned __CPROVER_bitvector[65])(__CPROVER_POINTER_OFFSET(d2) + (unsigned long int)(signed long int)i)</expression>
</property>

<property class="pointer arithmetic" name="check_md5_digest.pointer_arithmetic.12">
  <location file="/cassis-verif/data/src/helpers/cassis_utilities.c" function="check_md5_digest" line="183" working-directory="/cassis-verif/data/cbmc/proofs"/>
  <description>pointer arithmetic: invalid integer address in d2 + (signed long int)i</description>
  <expression>TRUE ==&gt; !(__CPROVER_POINTER_OBJECT(((unsigned char *)NULL)) == __CPROVER_POINTER_OBJECT(d2)) || d2 + (signed long int)i == ((unsigned char *)NULL)</expression>
</property>

<property class="pointer dereference" name="check_md5_digest.pointer_dereference.7">
  <location file="/cassis-verif/data/src/helpers/cassis_utilities.c" function="check_md5_digest" line="183" working-directory="/cassis-verif/data/cbmc/proofs"/>
  <description>dereference failure: pointer NULL in d2[(signed long int)i]</description>
  <expression>TRUE ==&gt; !(__CPROVER_POINTER_OBJECT(((unsigned char *)NULL)) == __CPROVER_POINTER_OBJECT(d2))</expression>
</property>

<property class="pointer dereference" name="check_md5_digest.pointer_dereference.8">
  <location file="/cassis-verif/data/src/helpers/cassis_utilities.c" function="check_md5_digest" line="183" working-directory="/cassis-verif/data/cbmc/proofs"/>
  <description>dereference failure: pointer invalid in d2[(signed long int)i]</description>
  <expression>TRUE ==&gt; !IS_INVALID_POINTER(d2)</expression>
</property>

<property class="pointer dereference" name="check_md5_digest.pointer_dereference.9">
  <location file="/cassis-verif/data/src/helpers/cassis_utilities.c" function="check_md5_digest" line="183" working-directory="/cassis-verif/data/cbmc/proofs"/>
  <description>dereference failure: deallocated dynamic object in d2[(signed long int)i]</description>
  <expression>TRUE ==&gt; !(__CPROVER_POINTER_OBJECT(d2) == __CPROVER_POINTER_OBJECT(__CPROVER_deallocated))</expression>
</property>

<property class="pointer dereference" name="check_md5_digest.pointer_dereference.10">
  <location file="/cassis-verif/data/src/helpers/cassis_utilities.c" function="check_md5_digest" line="183" working-directory="/cassis-verif/data/cbmc/proofs"/>
  <description>dereference failure: dead object in d2[(signed long int)i]</description>
  <expression>TRUE ==&gt; !(__CPROVER_POINTER_OBJECT(d2) == __CPROVER_POINTER_OBJECT(__CPROVER_dead_object))</expression>
</property>

<property class="pointer dereference" name="check_md5_digest.pointer_dereference.11">
  <location file="/cassis-verif/data/src/helpers/cassis_utilities.c" function="check_md5_digest" line="183" working-directory="/cassis-verif/data/cbmc/proofs"/>
  <description>dereference failure: pointer outside object bounds in d2[(signed long int)i]</description>
  <expression>TRUE ==&gt; (unsigned __CPROVER_bitvector[65])__CPROVER_OBJECT_SIZE(d2) &gt;= (unsigned __CPROVER_bitvector[65])(__CPROVER_POINTER_OFFSET(d2) + (unsigned long int)(signed long int)i) + 1</expression>
</property>

<property class="pointer dereference" name="check_md5_digest.pointer_dereference.12">
  <location file="/cassis-verif/data/src/helpers/cassis_utilities.c" function="check_md5_digest" line="183" working-directory="/cassis-verif/data/cbmc/proofs"/>
  <description>dereference failure: invalid integer address in d2[(signed long int)i]</description>
  <expression>TRUE ==&gt; !(__CPROVER_POINTER_OBJECT(((unsigned char *)NULL)) == __CPROVER_POINTER_OBJECT(d2)) || d2 + (signed long int)i == ((unsigned char *)NULL)</expression>
</property>

<property class="overflow" name="check_md5_digest.overflow.1">
  <location file="/cassis-verif/data/src/helpers/cassis_utilities.c" function="check_md5_digest" line="183" working-directory="/cassis-verif/data/cbmc/proofs"/>
  <description>arithmetic overflow on signed + in i + 1</description>
  <expression>!overflow("+", signed int, i, 1)</expression>
</property>

<property class="overflow" name="check_md5_digest.overflow.2">
  <location file="/cassis-verif/data/src/helpers/cassis_utilities.c" function="check_md5_digest" line="185" working-directory="/cassis-verif/data/cbmc/proofs"/>
  <description>arithmetic overflow on signed - in i - 16</description>
  <expression>!overflow("-", signed int, i, 16)</expression>
</property>

</cprover>

