<?xml version="1.0" encoding="UTF-8"?>
<cprover>
<program>CBMC 5.95.1 (cbmc-5.95.1)</program>
<message type="STATUS-MESSAGE">
  <text>CBMC version 5.95.1 (cbmc-5.95.1) 64-bit x86_64 linux</text>
</message>

<message type="STATUS-MESSAGE">
  <text>Reading GOTO program from file /cassis-verif/data/cbmc/proofs/check_md5_digest/gotos/check_md5_digest_harness.goto</text>
</message>

<message type="STATUS-MESSAGE">
  <text>Generating GOTO Program</text>
</message>

<message type="STATUS-MESSAGE">
  <text>Adding CPROVER library (x86_64)</text>
</message>

<message type="STATUS-MESSAGE">
  <text>Removal of function pointers and virtual functions</text>
</message>

<message type="STATUS-MESSAGE">
  <text>Generic Property Instrumentation</text>
</message>

<message type="STATUS-MESSAGE">
  <text>Running with 8 object bits, 56 offset bits (user-specified)</text>
</message>

<message type="STATUS-MESSAGE">
  <text>Starting Bounded Model Checking</text>
</message>

<message type="STATUS-MESSAGE">
  <text>Unwinding loop check_md5_digest.0 iteration 1 file /cassis-verif/data/src/helpers/cassis_utilities.c line 183 function check_md5_digest thread 0</text>
</message>

<message type="STATUS-MESSAGE">
  <text>Unwinding loop check_md5_digest.0 iteration 2 file /cassis-verif/data/src/helpers/cassis_utilities.c line 183 function check_md5_digest thread 0</text>
</message>

<message type="STATUS-MESSAGE">
  <text>Unwinding loop check_md5_digest.0 iteration 3 file /cassis-verif/data/src/helpers/cassis_utilities.c line 183 function check_md5_digest thread 0</text>
</message>

<message type="STATUS-MESSAGE">
  <text>Unwinding loop check_md5_digest.0 iteration 4 file /cassis-verif/data/src/helpers/cassis_utilities.c line 183 function check_md5_digest thread 0</text>
</message>

<message type="STATUS-MESSAGE">
  <text>Unwinding loop check_md5_digest.0 iteration 5 file /cassis-verif/data/src/helpers/cassis_utilities.c line 183 function check_md5_digest thread 0</text>
</message>

<message type="STATUS-MESSAGE">
  <text>Unwinding loop check_md5_digest.0 iteration 6 file /cassis-verif/data/src/helpers/cassis_utilities.c line 183 function check_md5_digest thread 0</text>
</message>

<message type="STATUS-MESSAGE">
  <text>Unwinding loop check_md5_digest.0 iteration 7 file /cassis-verif/data/src/helpers/cassis_utilities.c line 183 function check_md5_digest thread 0</text>
</message>

<message type="STATUS-MESSAGE">
  <text>Unwinding loop check_md5_digest.0 iteration 8 file /cassis-verif/data/src/helpers/cassis_utilities.c line 183 function check_md5_digest thread 0</text>
</message>

<message type="STATUS-MESSAGE">
  <text>Unwinding loop check_md5_digest.0 iteration 9 file /cassis-verif/data/src/helpers/cassis_utilities.c line 183 function check_md5_digest thread 0</text>
</message>

<message type="STATUS-MESSAGE">
  <text>Unwinding loop check_md5_digest.0 iteration 10 file /cassis-verif/data/src/helpers/cassis_utilities.c line 183 function check_md5_digest thread 0</text>
</message>

<message type="STATUS-MESSAGE">
  <text>Unwinding loop check_md5_digest.0 iteration 11 file /cassis-verif/data/src/helpers/cassis_utilities.c line 183 function check_md5_digest thread 0</text>
</message>

<message type="STATUS-MESSAGE">
  <text>Unwinding loop check_md5_digest.0 iteration 12 file /cassis-verif/data/src/helpers/cassis_utilities.c line 183 function check_md5_digest thread 0</text>
</message>

<message type="STATUS-MESSAGE">
  <text>Unwinding loop check_md5_digest.0 iteration 13 file /cassis-verif/data/src/helpers/cassis_utilities.c line 183 function check_md5_digest thread 0</text>
</message>

<message type="STATUS-MESSAGE">
  <text>Unwinding loop check_md5_digest.0 iteration 14 file /cassis-verif/data/src/helpers/cassis_utilities.c line 183 function check_md5_digest thread 0</text>
</message>

<message type="STATUS-MESSAGE">
  <text>Unwinding loop check_md5_digest.0 iteration 15 file /cassis-verif/data/src/helpers/cassis_utilities.c line 183 function check_md5_digest thread 0</text>
</message>

<message type="STATUS-MESSAGE">
  <text>Unwinding loop check_md5_digest.0 iteration 16 file /cassis-verif/data/src/helpers/cassis_utilities.c line 183 function check_md5_digest thread 0</text>
</message>

<message type="STATUS-MESSAGE">
  <text>Runtime Symex: 0.02003s</text>
</message>

<message type="STATUS-MESSAGE">
  <text>size of program expression: 193 steps</text>
</message>

<message type="STATUS-MESSAGE">
  <text>simple slicing removed 7 assignments</text>
</message>

<message type="STATUS-MESSAGE">
  <text>Generated 427 VCC(s), 5 remaining after simplification</text>
</message>

<message type="STATUS-MESSAGE">
  <text>Runtime Postprocess Equation: 2.382e-05s</text>
</message>

<message type="STATUS-MESSAGE">
  <text>Passing problem to propositional reduction</text>
</message>

<message type="STATUS-MESSAGE">
  <text>converting SSA</text>
</message>

<message type="STATUS-MESSAGE">
  <text>Runtime Convert SSA: 0.0013433s</text>
</message>

<message type="STATUS-MESSAGE">
  <text>Running propositional reduction</text>
</message>

<message type="STATUS-MESSAGE">
  <text>Post-processing</text>
</message>

<message type="STATUS-MESSAGE">
  <text>Runtime Post-process: 6.12e-06s</text>
</message>

<message type="STATUS-MESSAGE">
  <text>Solving with MiniSAT 2.2.1 with simplifier</text>
</message>

<message type="STATUS-MESSAGE">
  <text>1428 variables, 1949 clauses</text>
</message>

<message type="STATUS-MESSAGE">
  <text>SAT checker: instance is SATISFIABLE</text>
</message>

<message type="STATUS-MESSAGE">
  <text>Runtime Solver: 0.00343252s</text>
</message>

<message type="STATUS-MESSAGE">
  <text>Runtime decision procedure: 0.00482236s</text>
</message>

<message type="STATUS-MESSAGE">
  <text>Building error trace</text>
</message>

<message type="STATUS-MESSAGE">
  <text>Running propositional reduction</text>
</message>

<message type="STATUS-MESSAGE">
  <text>Solving with MiniSAT 2.2.1 with simplifier</text>
</message>

<message type="STATUS-MESSAGE">
  <text>1428 variables, 496 clauses</text>
</message>

<message type="STATUS-MESSAGE">
  <text>SAT checker inconsistent: instance is UNSATISFIABLE</text>
</message>

<message type="STATUS-MESSAGE">
  <text>Runtime Solver: 1.194e-05s</text>
</message>

<message type="STATUS-MESSAGE">
  <text>Runtime decision procedure: 3.121e-05s</text>
</message>

<result property="harness.assertion.1" status="SUCCESS">
  <location file="/cassis-verif/data/cbmc/proofs/check_md5_digest/check_md5_digest_harness.c" function="harness" line="40" working-directory="/cassis-verif/data/cbmc/proofs"/>
</result>

<result property="harness.assertion.2" status="SUCCESS">
  <location file="/cassis-verif/data/cbmc/proofs/check_md5_digest/check_md5_digest_harness.c" function="harness" line="42" working-directory="/cassis-verif/data/cbmc/proofs"/>
</result>

<result property="check_md5_digest.pointer_arithmetic.1" status="SUCCESS">
  <location file="/cassis-verif/data/src/helpers/cassis_utilities.c" function="check_md5_digest" line="183" working-directory="/cassis-verif/data/cbmc/proofs"/>
</result>

<result property="check_md5_digest.pointer_arithmetic.2" status="SUCCESS">
  <location file="/cassis-verif/data/src/helpers/cassis_utilities.c" function="check_md5_digest" line="183" working-directory="/cassis-verif/data/cbmc/proofs"/>
</result>

<result property="check_md5_digest.pointer_arithmetic.3" status="SUCCESS">
  <location file="/cassis-verif/data/src/helpers/cassis_utilities.c" function="check_md5_digest" line="183" working-directory="/cassis-verif/data/cbmc/proofs"/>
</result>

<result property="check_md5_digest.pointer_arithmetic.4" status="SUCCESS">
  <location file="/cassis-verif/data/src/helpers/cassis_utilities.c" function="check_md5_digest" line="183" working-directory="/cassis-verif/data/cbmc/proofs"/>
</result>

<result property="check_md5_digest.pointer_arithmetic.5" status="SUCCESS">
  <location file="/cassis-verif/data/src/helpers/cassis_utilities.c" function="check_md5_digest" line="183" working-directory="/cassis-verif/data/cbmc/proofs"/>
</result>

<result property="check_md5_digest.pointer_arithmetic.6" status="SUCCESS">
  <location file="/cassis-verif/data/src/helpers/cassis_utilities.c" function="check_md5_digest" line="183" working-directory="/cassis-verif/data/cbmc/proofs"/>
</result>

<result property="check_md5_digest.pointer_dereference.1" status="SUCCESS">
  <location file="/cassis-verif/data/src/helpers/cassis_utilities.c" function="check_md5_digest" line="183" working-directory="/cassis-verif/data/cbmc/proofs"/>
</result>

<result property="check_md5_digest.pointer_dereference.2" status="SUCCESS">
  <location file="/cassis-verif/data/src/helpers/cassis_utilities.c" function="check_md5_digest" line="183" working-directory="/cassis-verif/data/cbmc/proofs"/>
</result>

<result property="check_md5_digest.pointer_dereference.3" status="SUCCESS">
  <location file="/cassis-verif/data/src/helpers/cassis_utilities.c" function="check_md5_digest" line="183" working-directory="/cassis-verif/data/cbmc/proofs"/>
</result>

<result property="check_md5_digest.pointer_dereference.4" status="SUCCESS">
  <location file="/cassis-verif/data/src/helpers/cassis_utilities.c" function="check_md5_digest" line="183" working-directory="/cassis-verif/data/cbmc/proofs"/>
</result>

<result property="check_md5_digest.pointer_dereference.5" status="FAILURE">
  <location file="/cassis-verif/data/src/helpers/cassis_utilities.c" function="check_md5_digest" line="183" working-directory="/cassis-verif/data/cbmc/proofs"/>
  <goto_trace>
    <function_call hidden="true" step_nr="2" thread="0">
      <function display_name="__CPROVER_initialize" identifier="__CPROVER_initialize">
        <location file="&lt;built-in-additions&gt;" line="24" working-directory="/cassis-verif/data/cbmc/proofs"/>
      </function>
    </function_call>
    <assignment assignment_type="state" base_name="__CPROVER_dead_object" display_name="__CPROVER_dead_object" hidden="true" identifier="__CPROVER_dead_object" mode="C" step_nr="3" thread="0">
      <location file="&lt;built-in-additions&gt;" line="8" working-directory="/cassis-verif/data/cbmc/proofs"/>
      <full_lhs_type>const void *</full_lhs_type>
      <full_lhs>__CPROVER_dead_object</full_lhs>
      <full_lhs_value>NULL</full_lhs_value>
    </assignment>
    <assignment assignment_type="state" base_name="__CPROVER_deallocated" display_name="__CPROVER_deallocated" hidden="true" identifier="__CPROVER_deallocated" mode="C" step_nr="4" thread="0">
      <location file="&lt;built-in-additions&gt;" line="7" working-directory="/cassis-verif/data/cbmc/proofs"/>
      <full_lhs_type>const void *</full_lhs_type>
      <full_lhs>__CPROVER_deallocated</full_lhs>
      <full_lhs_value>NULL</full_lhs_value>
    </assignment>
    <assignment assignment_type="state" base_name="__CPROVER_max_malloc_size" display_name="__CPROVER_max_malloc_size" hidden="true" identifier="__CPROVER_max_malloc_size" mode="C" step_nr="5" thread="0">
      <location file="&lt;built-in-additions&gt;" line="12" working-directory="/cassis-verif/data/cbmc/proofs"/>
      <full_lhs_type>__CPROVER_size_t</full_lhs_type>
      <full_lhs>__CPROVER_max_malloc_size</full_lhs>
      <full_lhs_value binary="0000000010000000000000000000000000000000000000000000000000000000">36028797018963968ul</full_lhs_value>
    </assignment>
    <assignment assignment_type="state" base_name="__CPROVER_memory_leak" display_name="__CPROVER_memory_leak" hidden="true" identifier="__CPROVER_memory_leak" mode="C" step_nr="6" thread="0">
      <location file="&lt;built-in-additions&gt;" line="9" working-directory="/cassis-verif/data/cbmc/proofs"/>
      <full_lhs_type>const void *</full_lhs_type>
      <full_lhs>__CPROVER_memory_leak</full_lhs>
      <full_lhs_value>NULL</full_lhs_value>
    </assignment>
    <assignment assignment_type="state" base_name="__CPROVER_rounding_mode" display_name="__CPROVER_rounding_mode" hidden="true" identifier="__CPROVER_rounding_mode" mode="C" step_nr="7" thread="0">
      <location file="&lt;built-in-additions&gt;" line="16" working-directory="/cassis-verif/data/cbmc/proofs"/>
      <full_lhs_type>signed int</full_lhs_type>
      <full_lhs>__CPROVER_rounding_mode</full_lhs>
      <full_lhs_value binary="00000000000000000000000000000000">0</full_lhs_value>
    </assignment>
    <function_return hidden="true" step_nr="8" thread="0">
      <function display_name="__CPROVER_initialize" identifier="__CPROVER_initialize">
        <location file="&lt;built-in-additions&gt;" line="24" working-directory="/cassis-verif/data/cbmc/proofs"/>
      </function>
    </function_return>
    <location-only hidden="false" step_nr="9" thread="0">
      <location file="/cassis-verif/data/cbmc/proofs/check_md5_digest/check_md5_digest_harness.c" line="26" working-directory="/cassis-verif/data/cbmc/proofs"/>
    </location-only>
    <function_call hidden="false" step_nr="10" thread="0">
      <function display_name="harness" identifier="harness">
        <location file="/cassis-verif/data/cbmc/proofs/check_md5_digest/check_md5_digest_harness.c" line="26" working-directory="/cassis-verif/data/cbmc/proofs"/>
      </function>
      <location file="/cassis-verif/data/cbmc/proofs/check_md5_digest/check_md5_digest_harness.c" line="26" working-directory="/cassis-verif/data/cbmc/proofs"/>
    </function_call>
    <assignment assignment_type="state" base_name="d1" display_name="harness::1::d1" hidden="false" identifier="harness::1::d1" mode="C" step_nr="11" thread="0">
      <location file="/cassis-verif/data/cbmc/proofs/check_md5_digest/check_md5_digest_harness.c" function="harness" line="31" working-directory="/cassis-verif/data/cbmc/proofs"/>
      <full_lhs_type>unsigned char [16l]</full_lhs_type>
      <full_lhs>d1</full_lhs>
      <full_lhs_value>{ 0, 0, 0, 0, 0, 0, 0, 0, 0, 0, 0, 0, 0, 0, 0, 0 }</full_lhs_value>
    </assignment>
    <assignment assignment_type="state" base_name="d1" display_name="harness::1::d1" hidden="false" identifier="harness::1::d1" mode="C" step_nr="12" thread="0">
      <location file="/cassis-verif/data/cbmc/proofs/check_md5_digest/check_md5_digest_harness.c" function="harness" line="32" working-directory="/cassis-verif/data/cbmc/proofs"/>
      <full_lhs_type>unsigned char [16l]</full_lhs_type>
      <full_lhs>d1</full_lhs>
      <full_lhs_value>{ 0, 0, 0, 0, 0, 0, 0, 0, 0, 0, 0, 0, 0, 0, 0, 0 }</full_lhs_value>
    </assignment>
    <assignment assignment_type="state" base_name="d1" display_name="harness::1::d1" hidden="false" identifier="harness::1::d1" mode="C" step_nr="13" thread="0">
      <location file="/cassis-verif/data/cbmc/proofs/check_md5_digest/check_md5_digest_harness.c" function="harness" line="32" working-directory="/cassis-verif/data/cbmc/proofs"/>
      <full_lhs_type>unsigned char</full_lhs_type>
      <full_lhs>d1[0l]</full_lhs>
      <full_lhs_value binary="00000000">0</full_lhs_value>
    </assignment>
    <assignment assignment_type="state" base_name="d1" display_name="harness::1::d1" hidden="false" identifier="harness::1::d1" mode="C" step_nr="14" thread="0">
      <location file="/cassis-verif/data/cbmc/proofs/check_md5_digest/check_md5_digest_harness.c" function="harness" line="32" working-directory="/cassis-verif/data/cbmc/proofs"/>
      <full_lhs_type>unsigned char</full_lhs_type>
      <full_lhs>d1[1l]</full_lhs>
      <full_lhs_value binary="00000000">0</full_lhs_value>
    </assignment>
    <assignment assignment_type="state" base_name="d1" display_name="harness::1::d1" hidden="false" identifier="harness::1::d1" mode="C" step_nr="15" thread="0">
      <location file="/cassis-verif/data/cbmc/proofs/check_md5_digest/check_md5_digest_harness.c" function="harness" line="32" working-directory="/cassis-verif/data/cbmc/proofs"/>
      <full_lhs_type>unsigned char</full_lhs_type>
      <full_lhs>d1[2l]</full_lhs>
      <full_lhs_value binary="00000000">0</full_lhs_value>
    </assignment>
    <assignment assignment_type="state" base_name="d1" display_name="harness::1::d1" hidden="false" identifier="harness::1::d1" mode="C" step_nr="16" thread="0">
      <location file="/cassis-verif/data/cbmc/proofs/check_md5_digest/check_md5_digest_harness.c" function="harness" line="32" working-directory="/cassis-verif/data/cbmc/proofs"/>
      <full_lhs_type>unsigned char</full_lhs_type>
      <full_lhs>d1[3l]</full_lhs>
      <full_lhs_value binary="00000000">0</full_lhs_value>
    </assignment>
    <assignment assignment_type="state" base_name="d1" display_name="harness::1::d1" hidden="false" identifier="harness::1::d1" mode="C" step_nr="17" thread="0">
      <location file="/cassis-verif/data/cbmc/proofs/check_md5_digest/check_md5_digest_harness.c" function="harness" line="32" working-directory="/cassis-verif/data/cbmc/proofs"/>
      <full_lhs_type>unsigned char</full_lhs_type>
      <full_lhs>d1[4l]</full_lhs>
      <full_lhs_value binary="00000000">0</full_lhs_value>
    </assignment>
    <assignment assignment_type="state" base_name="d1" display_name="harness::1::d1" hidden="false" identifier="harness::1::d1" mode="C" step_nr="18" thread="0">
      <location file="/cassis-verif/data/cbmc/proofs/check_md5_digest/check_md5_digest_harness.c" function="harness" line="32" working-directory="/cassis-verif/data/cbmc/proofs"/>
      <full_lhs_type>unsigned char</full_lhs_type>
      <full_lhs>d1[5l]</full_lhs>
      <full_lhs_value binary="00000000">0</full_lhs_value>
    </assignment>
    <assignment assignment_type="state" base_name="d1" display_name="harness::1::d1" hidden="false" identifier="harness::1::d1" mode="C" step_nr="19" thread="0">
      <location file="/cassis-verif/data/cbmc/proofs/check_md5_digest/check_md5_digest_harness.c" function="harness" line="32" working-directory="/cassis-verif/data/cbmc/proofs"/>
      <full_lhs_type>unsigned char</full_lhs_type>
      <full_lhs>d1[6l]</full_lhs>
      <full_lhs_value binary="00000000">0</full_lhs_value>
    </assignment>
    <assignment assignment_type="state" base_name="d1" display_name="harness::1::d1" hidden="false" identifier="harness::1::d1" mode="C" step_nr="20" thread="0">
      <location file="/cassis-verif/data/cbmc/proofs/check_md5_digest/check_md5_digest_harness.c" function="harness" line="32" working-directory="/cassis-verif/data/cbmc/proofs"/>
      <full_lhs_type>unsigned char</full_lhs_type>
      <full_lhs>d1[7l]</full_lhs>
      <full_lhs_value binary="00000000">0</full_lhs_value>
    </assignment>
    <assignment assignment_type="state" base_name="d1" display_name="harness::1::d1" hidden="false" identifier="harness::1::d1" mode="C" step_nr="21" thread="0">
      <location file="/cassis-verif/data/cbmc/proofs/check_md5_digest/check_md5_digest_harness.c" function="harness" line="32" working-directory="/cassis-verif/data/cbmc/proofs"/>
      <full_lhs_type>unsigned char</full_lhs_type>
      <full_lhs>d1[8l]</full_lhs>
      <full_lhs_value binary="00000000">0</full_lhs_value>
    </assignment>
    <assignment assignment_type="state" base_name="d1" display_name="harness::1::d1" hidden="false" identifier="harness::1::d1" mode="C" step_nr="22" thread="0">
      <location file="/cassis-verif/data/cbmc/proofs/check_md5_digest/check_md5_digest_harness.c" function="harness" line="32" working-directory="/cassis-verif/data/cbmc/proofs"/>
      <full_lhs_type>unsigned char</full_lhs_type>
      <full_lhs>d1[9l]</full_lhs>
      <full_lhs_value binary="00000000">0</full_lhs_value>
    </assignment>
    <assignment assignment_type="state" base_name="d1" display_name="harness::1::d1" hidden="false" identifier="harness::1::d1" mode="C" step_nr="23" thread="0">
      <location file="/cassis-verif/data/cbmc/proofs/check_md5_digest/check_md5_digest_harness.c" function="harness" line="32" working-directory="/cassis-verif/data/cbmc/proofs"/>
      <full_lhs_type>unsigned char</full_lhs_type>
      <full_lhs>d1[10l]</full_lhs>
      <full_lhs_value binary="00000000">0</full_lhs_value>
    </assignment>
    <assignment assignment_type="state" base_name="d1" display_name="harness::1::d1" hidden="false" identifier="harness::1::d1" mode="C" step_nr="24" thread="0">
      <location file="/cassis-verif/data/cbmc/proofs/check_md5_digest/check_md5_digest_harness.c" function="harness" line="32" working-directory="/cassis-verif/data/cbmc/proofs"/>
      <full_lhs_type>unsigned char</full_lhs_type>
      <full_lhs>d1[11l]</full_lhs>
      <full_lhs_value binary="00000000">0</full_lhs_value>
    </assignment>
    <assignment assignment_type="state" base_name="d1" display_name="harness::1::d1" hidden="false" identifier="harness::1::d1" mode="C" step_nr="25" thread="0">
      <location file="/cassis-verif/data/cbmc/proofs/check_md5_digest/check_md5_digest_harness.c" function="harness" line="32" working-directory="/cassis-verif/data/cbmc/proofs"/>
      <full_lhs_type>unsigned char</full_lhs_type>
      <full_lhs>d1[12l]</full_lhs>
      <full_lhs_value binary="00000000">0</full_lhs_value>
    </assignment>
    <assignment assignment_type="state" base_name="d1" display_name="harness::1::d1" hidden="false" identifier="harness::1::d1" mode="C" step_nr="26" thread="0">
      <location file="/cassis-verif/data/cbmc/proofs/check_md5_digest/check_md5_digest_harness.c" function="harness" line="32" working-directory="/cassis-verif/data/cbmc/proofs"/>
      <full_lhs_type>unsigned char</full_lhs_type>
      <full_lhs>d1[13l]</full_lhs>
      <full_lhs_value binary="00000000">0</full_lhs_value>
    </assignment>
    <assignment assignment_type="state" base_name="d1" display_name="harness::1::d1" hidden="false" identifier="harness::1::d1" mode="C" step_nr="27" thread="0">
      <location file="/cassis-verif/data/cbmc/proofs/check_md5_digest/check_md5_digest_harness.c" function="harness" line="32" working-directory="/cassis-verif/data/cbmc/proofs"/>
      <full_lhs_type>unsigned char</full_lhs_type>
      <full_lhs>d1[14l]</full_lhs>
      <full_lhs_value binary="00000000">0</full_lhs_value>
    </assignment>
    <assignment assignment_type="state" base_name="d1" display_name="harness::1::d1" hidden="false" identifier="harness::1::d1" mode="C" step_nr="28" thread="0">
      <location file="/cassis-verif/data/cbmc/proofs/check_md5_digest/check_md5_digest_harness.c" function="harness" line="32" working-directory="/cassis-verif/data/cbmc/proofs"/>
      <full_lhs_type>unsigned char</full_lhs_type>
      <full_lhs>d1[15l]</full_lhs>
      <full_lhs_value binary="00000000">0</full_lhs_value>
    </assignment>
    <assignment assignment_type="state" base_name="d2" display_name="harness::1::d2" hidden="false" identifier="harness::1::d2" mode="C" step_nr="29" thread="0">
      <location file="/cassis-verif/data/cbmc/proofs/check_md5_digest/check_md5_digest_harness.c" function="harness" line="34" working-directory="/cassis-verif/data/cbmc/proofs"/>
      <full_lhs_type>unsigned char [16l]</full_lhs_type>
      <full_lhs>d2</full_lhs>
      <full_lhs_value>{ 0, 0, 0, 0, 0, 0, 0, 0, 0, 0, 0, 0, 0, 0, 0, 0 }</full_lhs_value>
    </assignment>
    <assignment assignment_type="state" base_name="d2" display_name="harness::1::d2" hidden="false" identifier="harness::1::d2" mode="C" step_nr="30" thread="0">
      <location file="/cassis-verif/data/cbmc/proofs/check_md5_digest/check_md5_digest_harness.c" function="harness" line="35" working-directory="/cassis-verif/data/cbmc/proofs"/>
      <full_lhs_type>unsigned char [16l]</full_lhs_type>
      <full_lhs>d2</full_lhs>
      <full_lhs_value>{ 0, 0, 0, 0, 0, 0, 0, 0, 0, 0, 0, 0, 0, 0, 0, 0 }</full_lhs_value>
    </assignment>
    <assignment assignment_type="state" base_name="d2" display_name="harness::1::d2" hidden="false" identifier="harness::1::d2" mode="C" step_nr="31" thread="0">
      <location file="/cassis-verif/data/cbmc/proofs/check_md5_digest/check_md5_digest_harness.c" function="harness" line="35" working-directory="/cassis-verif/data/cbmc/proofs"/>
      <full_lhs_type>unsigned char</full_lhs_type>
      <full_lhs>d2[0l]</full_lhs>
      <full_lhs_value binary="00000000">0</full_lhs_value>
    </assignment>
    <assignment assignment_type="state" base_name="d2" display_name="harness::1::d2" hidden="false" identifier="harness::1::d2" mode="C" step_nr="32" thread="0">
      <location file="/cassis-verif/data/cbmc/proofs/check_md5_digest/check_md5_digest_harness.c" function="harness" line="35" working-directory="/cassis-verif/data/cbmc/proofs"/>
      <full_lhs_type>unsigned char</full_lhs_type>
      <full_lhs>d2[1l]</full_lhs>
      <full_lhs_value binary="00000000">0</full_lhs_value>
    </assignment>
    <assignment assignment_type="state" base_name="d2" display_name="harness::1::d2" hidden="false" identifier="harness::1::d2" mode="C" step_nr="33" thread="0">
      <location file="/cassis-verif/data/cbmc/proofs/check_md5_digest/check_md5_digest_harness.c" function="harness" line="35" working-directory="/cassis-verif/data/cbmc/proofs"/>
      <full_lhs_type>unsigned char</full_lhs_type>
      <full_lhs>d2[2l]</full_lhs>
      <full_lhs_value binary="00000000">0</full_lhs_value>
    </assignment>
    <assignment assignment_type="state" base_name="d2" display_name="harness::1::d2" hidden="false" identifier="harness::1::d2" mode="C" step_nr="34" thread="0">
      <location file="/cassis-verif/data/cbmc/proofs/check_md5_digest/check_md5_digest_harness.c" function="harness" line="35" working-directory="/cassis-verif/data/cbmc/proofs"/>
      <full_lhs_type>unsigned char</full_lhs_type>
      <full_lhs>d2[3l]</full_lhs>
      <full_lhs_value binary="00000000">0</full_lhs_value>
    </assignment>
    <assignment assignment_type="state" base_name="d2" display_name="harness::1::d2" hidden="false" identifier="harness::1::d2" mode="C" step_nr="35" thread="0">
      <location file="/cassis-verif/data/cbmc/proofs/check_md5_digest/check_md5_digest_harness.c" function="harness" line="35" working-directory="/cassis-verif/data/cbmc/proofs"/>
      <full_lhs_type>unsigned char</full_lhs_type>
      <full_lhs>d2[4l]</full_lhs>
      <full_lhs_value binary="00000000">0</full_lhs_value>
    </assignment>
    <assignment assignment_type="state" base_name="d2" display_name="harness::1::d2" hidden="false" identifier="harness::1::d2" mode="C" step_nr="36" thread="0">
      <location file="/cassis-verif/data/cbmc/proofs/check_md5_digest/check_md5_digest_harness.c" function="harness" line="35" working-directory="/cassis-verif/data/cbmc/proofs"/>
      <full_lhs_type>unsigned char</full_lhs_type>
      <full_lhs>d2[5l]</full_lhs>
      <full_lhs_value binary="00000000">0</full_lhs_value>
    </assignment>
    <assignment assignment_type="state" base_name="d2" display_name="harness::1::d2" hidden="false" identifier="harness::1::d2" mode="C" step_nr="37" thread="0">
      <location file="/cassis-verif/data/cbmc/proofs/check_md5_digest/check_md5_digest_harness.c" function="harness" line="35" working-directory="/cassis-verif/data/cbmc/proofs"/>
      <full_lhs_type>unsigned char</full_lhs_type>
      <full_lhs>d2[6l]</full_lhs>
      <full_lhs_value binary="00000000">0</full_lhs_value>
    </assignment>
    <assignment assignment_type="state" base_name="d2" display_name="harness::1::d2" hidden="false" identifier="harness::1::d2" mode="C" step_nr="38" thread="0">
      <location file="/cassis-verif/data/cbmc/proofs/check_md5_digest/check_md5_digest_harness.c" function="harness" line="35" working-directory="/cassis-verif/data/cbmc/proofs"/>
      <full_lhs_type>unsigned char</full_lhs_type>
      <full_lhs>d2[7l]</full_lhs>
      <full_lhs_value binary="00000000">0</full_lhs_value>
    </assignment>
    <assignment assignment_type="state" base_name="d2" display_name="harness::1::d2" hidden="false" identifier="harness::1::d2" mode="C" step_nr="39" thread="0">
      <location file="/cassis-verif/data/cbmc/proofs/check_md5_digest/check_md5_digest_harness.c" function="harness" line="35" working-directory="/cassis-verif/data/cbmc/proofs"/>
      <full_lhs_type>unsigned char</full_lhs_type>
      <full_lhs>d2[8l]</full_lhs>
      <full_lhs_value binary="00000000">0</full_lhs_value>
    </assignment>
    <assignment assignment_type="state" base_name="d2" display_name="harness::1::d2" hidden="false" identifier="harness::1::d2" mode="C" step_nr="40" thread="0">
      <location file="/cassis-verif/data/cbmc/proofs/check_md5_digest/check_md5_digest_harness.c" function="harness" line="35" working-directory="/cassis-verif/data/cbmc/proofs"/>
      <full_lhs_type>unsigned char</full_lhs_type>
      <full_lhs>d2[9l]</full_lhs>
      <full_lhs_value binary="00000000">0</full_lhs_value>
    </assignment>
    <assignment assignment_type="state" base_name="d2" display_name="harness::1::d2" hidden="false" identifier="harness::1::d2" mode="C" step_nr="41" thread="0">
      <location file="/cassis-verif/data/cbmc/proofs/check_md5_digest/check_md5_digest_harness.c" function="harness" line="35" working-directory="/cassis-verif/data/cbmc/proofs"/>
      <full_lhs_type>unsigned char</full_lhs_type>
      <full_lhs>d2[10l]</full_lhs>
      <full_lhs_value binary="00000000">0</full_lhs_value>
    </assignment>
    <assignment assignment_type="state" base_name="d2" display_name="harness::1::d2" hidden="false" identifier="harness::1::d2" mode="C" step_nr="42" thread="0">
      <location file="/cassis-verif/data/cbmc/proofs/check_md5_digest/check_md5_digest_harness.c" function="harness" line="35" working-directory="/cassis-verif/data/cbmc/proofs"/>
      <full_lhs_type>unsigned char</full_lhs_type>
      <full_lhs>d2[11l]</full_lhs>
      <full_lhs_value binary="00000000">0</full_lhs_value>
    </assignment>
    <assignment assignment_type="state" base_name="d2" display_name="harness::1::d2" hidden="false" identifier="harness::1::d2" mode="C" step_nr="43" thread="0">
      <location file="/cassis-verif/data/cbmc/proofs/check_md5_digest/check_md5_digest_harness.c" function="harness" line="35" working-directory="/cassis-verif/data/cbmc/proofs"/>
      <full_lhs_type>unsigned char</full_lhs_type>
      <full_lhs>d2[12l]</full_lhs>
      <full_lhs_value binary="00000000">0</full_lhs_value>
    </assignment>
    <assignment assignment_type="state" base_name="d2" display_name="harness::1::d2" hidden="false" identifier="harness::1::d2" mode="C" step_nr="44" thread="0">
      <location file="/cassis-verif/data/cbmc/proofs/check_md5_digest/check_md5_digest_harness.c" function="harness" line="35" working-directory="/cassis-verif/data/cbmc/proofs"/>
      <full_lhs_type>unsigned char</full_lhs_type>
      <full_lhs>d2[13l]</full_lhs>
      <full_lhs_value binary="00000000">0</full_lhs_value>
    </assignment>
    <assignment assignment_type="state" base_name="d2" display_name="harness::1::d2" hidden="false" identifier="harness::1::d2" mode="C" step_nr="45" thread="0">
      <location file="/cassis-verif/data/cbmc/proofs/check_md5_digest/check_md5_digest_harness.c" function="harness" line="35" working-directory="/cassis-verif/data/cbmc/proofs"/>
      <full_lhs_type>unsigned char</full_lhs_type>
      <full_lhs>d2[14l]</full_lhs>
      <full_lhs_value binary="00000000">0</full_lhs_value>
    </assignment>
    <assignment assignment_type="state" base_name="d2" display_name="harness::1::d2" hidden="false" identifier="harness::1::d2" mode="C" step_nr="46" thread="0">
      <location file="/cassis-verif/data/cbmc/proofs/check_md5_digest/check_md5_digest_harness.c" function="harness" line="35" working-directory="/cassis-verif/data/cbmc/proofs"/>
      <full_lhs_type>unsigned char</full_lhs_type>
      <full_lhs>d2[15l]</full_lhs>
      <full_lhs_value binary="00000000">0</full_lhs_value>
    </assignment>
    <assignment assignment_type="state" base_name="result" display_name="harness::1::result" hidden="true" identifier="harness::1::result" mode="C" step_nr="47" thread="0">
      <location file="/cassis-verif/data/cbmc/proofs/check_md5_digest/check_md5_digest_harness.c" function="harness" line="37" working-directory="/cassis-verif/data/cbmc/proofs"/>
      <full_lhs_type>signed int</full_lhs_type>
      <full_lhs>result</full_lhs>
      <full_lhs_value binary="00000000000000000000000000000000">0</full_lhs_value>
    </assignment>
    <assignment assignment_type="state" base_name="return_value_check_md5_digest" display_name="harness::$tmp::return_value_check_md5_digest" hidden="true" identifier="harness::$tmp::return_value_check_md5_digest" mode="C" step_nr="48" thread="0">
      <location file="/cassis-verif/data/cbmc/proofs/check_md5_digest/check_md5_digest_harness.c" function="harness" line="37" working-directory="/cassis-verif/data/cbmc/proofs"/>
      <full_lhs_type>signed int</full_lhs_type>
      <full_lhs>return_value_check_md5_digest</full_lhs>
      <full_lhs_value binary="00000000000000000000000000000000">0</full_lhs_value>
    </assignment>
    <function_call hidden="false" step_nr="50" thread="0">
      <function display_name="check_md5_digest" identifier="check_md5_digest">
        <location file="/cassis-verif/data/src/helpers/cassis_utilities.c" line="180" working-directory="/cassis-verif/data/cbmc/proofs"/>
      </function>
      <location file="/cassis-verif/data/cbmc/proofs/check_md5_digest/check_md5_digest_harness.c" function="harness" line="37" working-directory="/cassis-verif/data/cbmc/proofs"/>
    </function_call>
    <assignment assignment_type="actual_parameter" base_name="d1" display_name="check_md5_digest::d1" hidden="false" identifier="check_md5_digest::d1" mode="C" step_nr="51" thread="0">
      <location file="/cassis-verif/data/cbmc/proofs/check_md5_digest/check_md5_digest_harness.c" function="harness" line="37" working-directory="/cassis-verif/data/cbmc/proofs"/>
      <full_lhs_type>unsigned char *</full_lhs_type>
      <full_lhs>d1</full_lhs>
      <full_lhs_value>d1!0@1</full_lhs_value>
    </assignment>
    <assignment assignment_type="actual_parameter" base_name="d2" display_name="check_md5_digest::d2" hidden="false" identifier="check_md5_digest::d2" mode="C" step_nr="52" thread="0">
      <location file="/cassis-verif/data/cbmc/proofs/check_md5_digest/check_md5_digest_harness.c" function="harness" line="37" working-directory="/cassis-verif/data/cbmc/proofs"/>
      <full_lhs_type>unsigned char *</full_lhs_type>
      <full_lhs>d2</full_lhs>
      <full_lhs_value>d2!0@1</full_lhs_value>
    </assignment>
    <assignment assignment_type="state" base_name="i" display_name="check_md5_digest::1::i" hidden="true" identifier="check_md5_digest::1::i" mode="C" step_nr="53" thread="0">
      <location file="/cassis-verif/data/src/helpers/cassis_utilities.c" function="check_md5_digest" line="181" working-directory="/cassis-verif/data/cbmc/proofs"/>
      <full_lhs_type>signed int</full_lhs_type>
      <full_lhs>i</full_lhs>
      <full_lhs_value binary="00000000000000000000000000000000">0</full_lhs_value>
    </assignment>
    <assignment assignment_type="state" base_name="i" display_name="check_md5_digest::1::i" hidden="false" identifier="check_md5_digest::1::i" mode="C" step_nr="54" thread="0">
      <location file="/cassis-verif/data/src/helpers/cassis_utilities.c" function="check_md5_digest" line="181" working-directory="/cassis-verif/data/cbmc/proofs"/>
      <full_lhs_type>signed int</full_lhs_type>
      <full_lhs>i</full_lhs>
      <full_lhs_value binary="00000000000000000000000000000000">0</full_lhs_value>
    </assignment>
    <location-only hidden="false" step_nr="55" thread="0">
      <location file="/cassis-verif/data/src/helpers/cassis_utilities.c" function="check_md5_digest" line="183" working-directory="/cassis-verif/data/cbmc/proofs"/>
    </location-only>
    <assignment assignment_type="state" base_name="i" display_name="check_md5_digest::1::i" hidden="false" identifier="check_md5_digest::1::i" mode="C" step_nr="56" thread="0">
      <location file="/cassis-verif/data/src/helpers/cassis_utilities.c" function="check_md5_digest" line="183" working-directory="/cassis-verif/data/cbmc/proofs"/>
      <full_lhs_type>signed int</full_lhs_type>
      <full_lhs>i</full_lhs>
      <full_lhs_value binary="00000000000000000000000000000001">1</full_lhs_value>
    </assignment>
    <assignment assignment_type="state" base_name="i" display_name="check_md5_digest::1::i" hidden="false" identifier="check_md5_digest::1::i" mode="C" step_nr="59" thread="0">
      <location file="/cassis-verif/data/src/helpers/cassis_utilities.c" function="check_md5_digest" line="183" working-directory="/cassis-verif/data/cbmc/proofs"/>
      <full_lhs_type>signed int</full_lhs_type>
      <full_lhs>i</full_lhs>
      <full_lhs_value binary="00000000000000000000000000000010">2</full_lhs_value>
    </assignment>
    <assignment assignment_type="state" base_name="i" display_name="check_md5_digest::1::i" hidden="false" identifier="check_md5_digest::1::i" mode="C" step_nr="62" thread="0">
      <location file="/cassis-verif/data/src/helpers/cassis_utilities.c" function="check_md5_digest" line="183" working-directory="/cassis-verif/data/cbmc/proofs"/>
      <full_lhs_type>signed int</full_lhs_type>
      <full_lhs>i</full_lhs>
      <full_lhs_value binary="00000000000000000000000000000011">3</full_lhs_value>
    </assignment>
    <assignment assignment_type="state" base_name="i" display_name="check_md5_digest::1::i" hidden="false" identifier="check_md5_digest::1::i" mode="C" step_nr="65" thread="0">
      <location file="/cassis-verif/data/src/helpers/cassis_utilities.c" function="check_md5_digest" line="183" working-directory="/cassis-verif/data/cbmc/proofs"/>
      <full_lhs_type>signed int</full_lhs_type>
      <full_lhs>i</full_lhs>
      <full_lhs_value binary="00000000000000000000000000000100">4</full_lhs_value>
    </assignment>
    <assignment assignment_type="state" base_name="i" display_name="check_md5_digest::1::i" hidden="false" identifier="check_md5_digest::1::i" mode="C" step_nr="68" thread="0">
      <location file="/cassis-verif/data/src/helpers/cassis_utilities.c" function="check_md5_digest" line="183" working-directory="/cassis-verif/data/cbmc/proofs"/>
      <full_lhs_type>signed int</full_lhs_type>
      <full_lhs>i</full_lhs>
      <full_lhs_value binary="00000000000000000000000000000101">5</full_lhs_value>
    </assignment>
    <assignment assignment_type="state" base_name="i" display_name="check_md5_digest::1::i" hidden="false" identifier="check_md5_digest::1::i" mode="C" step_nr="71" thread="0">
      <location file="/cassis-verif/data/src/helpers/cassis_utilities.c" function="check_md5_digest" line="183" working-directory="/cassis-verif/data/cbmc/proofs"/>
      <full_lhs_type>signed int</full_lhs_type>
      <full_lhs>i</full_lhs>
      <full_lhs_value binary="00000000000000000000000000000110">6</full_lhs_value>
    </assignment>
    <assignment assignment_type="state" base_name="i" display_name="check_md5_digest::1::i" hidden="false" identifier="check_md5_digest::1::i" mode="C" step_nr="74" thread="0">
      <location file="/cassis-verif/data/src/helpers/cassis_utilities.c" function="check_md5_digest" line="183" working-directory="/cassis-verif/data/cbmc/proofs"/>
      <full_lhs_type>signed int</full_lhs_type>
      <full_lhs>i</full_lhs>
      <full_lhs_value binary="00000000000000000000000000000111">7</full_lhs_value>
    </assignment>
    <assignment assignment_type="state" base_name="i" display_name="check_md5_digest::1::i" hidden="false" identifier="check_md5_digest::1::i" mode="C" step_nr="77" thread="0">
      <location file="/cassis-verif/data/src/helpers/cassis_utilities.c" function="check_md5_digest" line="183" working-directory="/cassis-verif/data/cbmc/proofs"/>
      <full_lhs_type>signed int</full_lhs_type>
      <full_lhs>i</full_lhs>
      <full_lhs_value binary="00000000000000000000000000001000">8</full_lhs_value>
    </assignment>
    <assignment assignment_type="state" base_name="i" display_name="check_md5_digest::1::i" hidden="false" identifier="check_md5_digest::1::i" mode="C" step_nr="80" thread="0">
      <location file="/cassis-verif/data/src/helpers/cassis_utilities.c" function="check_md5_digest" line="183" working-directory="/cassis-verif/data/cbmc/proofs"/>
      <full_lhs_type>signed int</full_lhs_type>
      <full_lhs>i</full_lhs>
      <full_lhs_value binary="00000000000000000000000000001001">9</full_lhs_value>
    </assignment>
    <assignment assignment_type="state" base_name="i" display_name="check_md5_digest::1::i" hidden="false" identifier="check_md5_digest::1::i" mode="C" step_nr="83" thread="0">
      <location file="/cassis-verif/data/src/helpers/cassis_utilities.c" function="check_md5_digest" line="183" working-directory="/cassis-verif/data/cbmc/proofs"/>
      <full_lhs_type>signed int</full_lhs_type>
      <full_lhs>i</full_lhs>
      <full_lhs_value binary="00000000000000000000000000001010">10</full_lhs_value>
    </assignment>
    <assignment assignment_type="state" base_name="i" display_name="check_md5_digest::1::i" hidden="false" identifier="check_md5_digest::1::i" mode="C" step_nr="86" thread="0">
      <location file="/cassis-verif/data/src/helpers/cassis_utilities.c" function="check_md5_digest" line="183" working-directory="/cassis-verif/data/cbmc/proofs"/>
      <full_lhs_type>signed int</full_lhs_type>
      <full_lhs>i</full_lhs>
      <full_lhs_value binary="00000000000000000000000000001011">11</full_lhs_value>
    </assignment>
    <assignment assignment_type="state" base_name="i" display_name="check_md5_digest::1::i" hidden="false" identifier="check_md5_digest::1::i" mode="C" step_nr="89" thread="0">
      <location file="/cassis-verif/data/src/helpers/cassis_utilities.c" function="check_md5_digest" line="183" working-directory="/cassis-verif/data/cbmc/proofs"/>
      <full_lhs_type>signed int</full_lhs_type>
      <full_lhs>i</full_lhs>
      <full_lhs_value binary="00000000000000000000000000001100">12</full_lhs_value>
    </assignment>
    <assignment assignment_type="state" base_name="i" display_name="check_md5_digest::1::i" hidden="false" identifier="check_md5_digest::1::i" mode="C" step_nr="92" thread="0">
      <location file="/cassis-verif/data/src/helpers/cassis_utilities.c" function="check_md5_digest" line="183" working-directory="/cassis-verif/data/cbmc/proofs"/>
      <full_lhs_type>signed int</full_lhs_type>
      <full_lhs>i</full_lhs>
      <full_lhs_value binary="00000000000000000000000000001101">13</full_lhs_value>
    </assignment>
    <assignment assignment_type="state" base_name="i" display_name="check_md5_digest::1::i" hidden="false" identifier="check_md5_digest::1::i" mode="C" step_nr="95" thread="0">
      <location file="/cassis-verif/data/src/helpers/cassis_utilities.c" function="check_md5_digest" line="183" working-directory="/cassis-verif/data/cbmc/proofs"/>
      <full_lhs_type>signed int</full_lhs_type>
      <full_lhs>i</full_lhs>
      <full_lhs_value binary="00000000000000000000000000001110">14</full_lhs_value>
    </assignment>
    <assignment assignment_type="state" base_name="i" display_name="check_md5_digest::1::i" hidden="false" identifier="check_md5_digest::1::i" mode="C" step_nr="98" thread="0">
      <location file="/cassis-verif/data/src/helpers/cassis_utilities.c" function="check_md5_digest" line="183" working-directory="/cassis-verif/data/cbmc/proofs"/>
      <full_lhs_type>signed int</full_lhs_type>
      <full_lhs>i</full_lhs>
      <full_lhs_value binary="00000000000000000000000000001111">15</full_lhs_value>
    </assignment>
    <assignment assignment_type="state" base_name="i" display_name="check_md5_digest::1::i" hidden="false" identifier="check_md5_digest::1::i" mode="C" step_nr="101" thread="0">
      <location file="/cassis-verif/data/src/helpers/cassis_utilities.c" function="check_md5_digest" line="183" working-directory="/cassis-verif/data/cbmc/proofs"/>
      <full_lhs_type>signed int</full_lhs_type>
      <full_lhs>i</full_lhs>
      <full_lhs_value binary="00000000000000000000000000010000">16</full_lhs_value>
    </assignment>
    <failure hidden="false" property="check_md5_digest.pointer_dereference.5" reason="dereference failure: pointer outside object bounds in d1[(signed long int)i]" step_nr="103" thread="0">
      <location file="/cassis-verif/data/src/helpers/cassis_utilities.c" function="check_md5_digest" line="183" working-directory="/cassis-verif/data/cbmc/proofs"/>
    </failure>
  </goto_trace>
</result>

<result property="check_md5_digest.pointer_dereference.6" status="SUCCESS">
  <location file="/cassis-verif/data/src/helpers/cassis_utilities.c" function="check_md5_digest" line="183" working-directory="/cassis-verif/data/cbmc/proofs"/>
</result>

<result property="check_md5_digest.pointer_arithmetic.7" status="SUCCESS">
  <location file="/cassis-verif/data/src/helpers/cassis_utilities.c" function="check_md5_digest" line="183" working-directory="/cassis-verif/data/cbmc/proofs"/>
</result>

<result property="check_md5_digest.pointer_arithmetic.8" status="SUCCESS">
  <location file="/cassis-verif/data/src/helpers/cassis_utilities.c" function="check_md5_digest" line="183" working-directory="/cassis-verif/data/cbmc/proofs"/>
</result>

<result property="check_md5_digest.pointer_arithmetic.9" status="SUCCESS">
  <location file="/cassis-verif/data/src/helpers/cassis_utilities.c" function="check_md5_digest" line="183" working-directory="/cassis-verif/data/cbmc/proofs"/>
</result>

<result property="check_md5_digest.pointer_arithmetic.10" status="SUCCESS">
  <location file="/cassis-verif/data/src/helpers/cassis_utilities.c" function="check_md5_digest" line="183" working-directory="/cassis-verif/data/cbmc/proofs"/>
</result>

<result property="check_md5_digest.pointer_arithmetic.11" status="SUCCESS">
  <location file="/cassis-verif/data/src/helpers/cassis_utilities.c" function="check_md5_digest" line="183" working-directory="/cassis-verif/data/cbmc/proofs"/>
</result>

<result property="check_md5_digest.pointer_arithmetic.12" status="SUCCESS">
  <location file="/cassis-verif/data/src/helpers/cassis_utilities.c" function="check_md5_digest" line="183" working-directory="/cassis-verif/data/cbmc/proofs"/>
</result>

<result property="check_md5_digest.pointer_dereference.7" status="SUCCESS">
  <location file="/cassis-verif/data/src/helpers/cassis_utilities.c" function="check_md5_digest" line="183" working-directory="/cassis-verif/data/cbmc/proofs"/>
</result>

<result property="check_md5_digest.pointer_dereference.8" status="SUCCESS">
  <location file="/cassis-verif/data/src/helpers/cassis_utilities.c" function="check_md5_digest" line="183" working-directory="/cassis-verif/data/cbmc/proofs"/>
</result>

<result property="check_md5_digest.pointer_dereference.9" status="SUCCESS">
  <location file="/cassis-verif/data/src/helpers/cassis_utilities.c" function="check_md5_digest" line="183" working-directory="/cassis-verif/data/cbmc/proofs"/>
</result>

<result property="check_md5_digest.pointer_dereference.10" status="SUCCESS">
  <location file="/cassis-verif/data/src/helpers/cassis_utilities.c" function="check_md5_digest" line="183" working-directory="/cassis-verif/data/cbmc/proofs"/>
</result>

<result property="check_md5_digest.pointer_dereference.11" status="FAILURE">
  <location file="/cassis-verif/data/src/helpers/cassis_utilities.c" function="check_md5_digest" line="183" working-directory="/cassis-verif/data/cbmc/proofs"/>
  <goto_trace>
    <function_call hidden="true" step_nr="2" thread="0">
      <function display_name="__CPROVER_initialize" identifier="__CPROVER_initialize">
        <location file="&lt;built-in-additions&gt;" line="24" working-directory="/cassis-verif/data/cbmc/proofs"/>
      </function>
    </function_call>
    <assignment assignment_type="state" base_name="__CPROVER_dead_object" display_name="__CPROVER_dead_object" hidden="true" identifier="__CPROVER_dead_object" mode="C" step_nr="3" thread="0">
      <location file="&lt;built-in-additions&gt;" line="8" working-directory="/cassis-verif/data/cbmc/proofs"/>
      <full_lhs_type>const void *</full_lhs_type>
      <full_lhs>__CPROVER_dead_object</full_lhs>
      <full_lhs_value>NULL</full_lhs_value>
    </assignment>
    <assignment assignment_type="state" base_name="__CPROVER_deallocated" display_name="__CPROVER_deallocated" hidden="true" identifier="__CPROVER_deallocated" mode="C" step_nr="4" thread="0">
      <location file="&lt;built-in-additions&gt;" line="7" working-directory="/cassis-verif/data/cbmc/proofs"/>
      <full_lhs_type>const void *</full_lhs_type>
      <full_lhs>__CPROVER_deallocated</full_lhs>
      <full_lhs_value>NULL</full_lhs_value>
    </assignment>
    <assignment assignment_type="state" base_name="__CPROVER_max_malloc_size" display_name="__CPROVER_max_malloc_size" hidden="true" identifier="__CPROVER_max_malloc_size" mode="C" step_nr="5" thread="0">
      <location file="&lt;built-in-additions&gt;" line="12" working-directory="/cassis-verif/data/cbmc/proofs"/>
      <full_lhs_type>__CPROVER_size_t</full_lhs_type>
      <full_lhs>__CPROVER_max_malloc_size</full_lhs>
      <full_lhs_value binary="0000000010000000000000000000000000000000000000000000000000000000">36028797018963968ul</full_lhs_value>
    </assignment>
    <assignment assignment_type="state" base_name="__CPROVER_memory_leak" display_name="__CPROVER_memory_leak" hidden="true" identifier="__CPROVER_memory_leak" mode="C" step_nr="6" thread="0">
      <location file="&lt;built-in-additions&gt;" line="9" working-directory="/cassis-verif/data/cbmc/proofs"/>
      <full_lhs_type>const void *</full_lhs_type>
      <full_lhs>__CPROVER_memory_leak</full_lhs>
      <full_lhs_value>NULL</full_lhs_value>
    </assignment>
    <assignment assignment_type="state" base_name="__CPROVER_rounding_mode" display_name="__CPROVER_rounding_mode" hidden="true" identifier="__CPROVER_rounding_mode" mode="C" step_nr="7" thread="0">
      <location file="&lt;built-in-additions&gt;" line="16" working-directory="/cassis-verif/data/cbmc/proofs"/>
      <full_lhs_type>signed int</full_lhs_type>
      <full_lhs>__CPROVER_rounding_mode</full_lhs>
      <full_lhs_value binary="00000000000000000000000000000000">0</full_lhs_value>
    </assignment>
    <function_return hidden="true" step_nr="8" thread="0">
      <function display_name="__CPROVER_initialize" identifier="__CPROVER_initialize">
        <location file="&lt;built-in-additions&gt;" line="24" working-directory="/cassis-verif/data/cbmc/proofs"/>
      </function>
    </function_return>
    <location-only hidden="false" step_nr="9" thread="0">
      <location file="/cassis-verif/data/cbmc/proofs/check_md5_digest/check_md5_digest_harness.c" line="26" working-directory="/cassis-verif/data/cbmc/proofs"/>
    </location-only>
    <function_call hidden="false" step_nr="10" thread="0">
      <function display_name="harness" identifier="harness">
        <location file="/cassis-verif/data/cbmc/proofs/check_md5_digest/check_md5_digest_harness.c" line="26" working-directory="/cassis-verif/data/cbmc/proofs"/>
      </function>
      <location file="/cassis-verif/data/cbmc/proofs/check_md5_digest/check_md5_digest_harness.c" line="26" working-directory="/cassis-verif/data/cbmc/proofs"/>
    </function_call>
    <assignment assignment_type="state" base_name="d1" display_name="harness::1::d1" hidden="false" identifier="harness::1::d1" mode="C" step_nr="11" thread="0">
      <location file="/cassis-verif/data/cbmc/proofs/check_md5_digest/check_md5_digest_harness.c" function="harness" line="31" working-directory="/cassis-verif/data/cbmc/proofs"/>
      <full_lhs_type>unsigned char [16l]</full_lhs_type>
      <full_lhs>d1</full_lhs>
      <full_lhs_value>{ 0, 0, 0, 0, 0, 0, 0, 0, 0, 0, 0, 0, 0, 0, 0, 0 }</full_lhs_value>
    </assignment>
    <assignment assignment_type="state" base_name="d1" display_name="harness::1::d1" hidden="false" identifier="harness::1::d1" mode="C" step_nr="12" thread="0">
      <location file="/cassis-verif/data/cbmc/proofs/check_md5_digest/check_md5_digest_harness.c" function="harness" line="32" working-directory="/cassis-verif/data/cbmc/proofs"/>
      <full_lhs_type>unsigned char [16l]</full_lhs_type>
      <full_lhs>d1</full_lhs>
      <full_lhs_value>{ 0, 0, 0, 0, 0, 0, 0, 0, 0, 0, 0, 0, 0, 0, 0, 0 }</full_lhs_value>
    </assignment>
    <assignment assignment_type="state" base_name="d1" display_name="harness::1::d1" hidden="false" identifier="harness::1::d1" mode="C" step_nr="13" thread="0">
      <location file="/cassis-verif/data/cbmc/proofs/check_md5_digest/check_md5_digest_harness.c" function="harness" line="32" working-directory="/cassis-verif/data/cbmc/proofs"/>
      <full_lhs_type>unsigned char</full_lhs_type>
      <full_lhs>d1[0l]</full_lhs>
      <full_lhs_value binary="00000000">0</full_lhs_value>
    </assignment>
    <assignment assignment_type="state" base_name="d1" display_name="harness::1::d1" hidden="false" identifier="harness::1::d1" mode="C" step_nr="14" thread="0">
      <location file="/cassis-verif/data/cbmc/proofs/check_md5_digest/check_md5_digest_harness.c" function="harness" line="32" working-directory="/cassis-verif/data/cbmc/proofs"/>
      <full_lhs_type>unsigned char</full_lhs_type>
      <full_lhs>d1[1l]</full_lhs>
      <full_lhs_value binary="00000000">0</full_lhs_value>
    </assignment>
    <assignment assignment_type="state" base_name="d1" display_name="harness::1::d1" hidden="false" identifier="harness::1::d1" mode="C" step_nr="15" thread="0">
      <location file="/cassis-verif/data/cbmc/proofs/check_md5_digest/check_md5_digest_harness.c" function="harness" line="32" working-directory="/cassis-verif/data/cbmc/proofs"/>
      <full_lhs_type>unsigned char</full_lhs_type>
      <full_lhs>d1[2l]</full_lhs>
      <full_lhs_value binary="00000000">0</full_lhs_value>
    </assignment>
    <assignment assignment_type="state" base_name="d1" display_name="harness::1::d1" hidden="false" identifier="harness::1::d1" mode="C" step_nr="16" thread="0">
      <location file="/cassis-verif/data/cbmc/proofs/check_md5_digest/check_md5_digest_harness.c" function="harness" line="32" working-directory="/cassis-verif/data/cbmc/proofs"/>
      <full_lhs_type>unsigned char</full_lhs_type>
      <full_lhs>d1[3l]</full_lhs>
      <full_lhs_value binary="00000000">0</full_lhs_value>
    </assignment>
    <assignment assignment_type="state" base_name="d1" display_name="harness::1::d1" hidden="false" identifier="harness::1::d1" mode="C" step_nr="17" thread="0">
      <location file="/cassis-verif/data/cbmc/proofs/check_md5_digest/check_md5_digest_harness.c" function="harness" line="32" working-directory="/cassis-verif/data/cbmc/proofs"/>
      <full_lhs_type>unsigned char</full_lhs_type>
      <full_lhs>d1[4l]</full_lhs>
      <full_lhs_value binary="00000000">0</full_lhs_value>
    </assignment>
    <assignment assignment_type="state" base_name="d1" display_name="harness::1::d1" hidden="false" identifier="harness::1::d1" mode="C" step_nr="18" thread="0">
      <location file="/cassis-verif/data/cbmc/proofs/check_md5_digest/check_md5_digest_harness.c" function="harness" line="32" working-directory="/cassis-verif/data/cbmc/proofs"/>
      <full_lhs_type>unsigned char</full_lhs_type>
      <full_lhs>d1[5l]</full_lhs>
      <full_lhs_value binary="00000000">0</full_lhs_value>
    </assignment>
    <assignment assignment_type="state" base_name="d1" display_name="harness::1::d1" hidden="false" identifier="harness::1::d1" mode="C" step_nr="19" thread="0">
      <location file="/cassis-verif/data/cbmc/proofs/check_md5_digest/check_md5_digest_harness.c" function="harness" line="32" working-directory="/cassis-verif/data/cbmc/proofs"/>
      <full_lhs_type>unsigned char</full_lhs_type>
      <full_lhs>d1[6l]</full_lhs>
      <full_lhs_value binary="00000000">0</full_lhs_value>
    </assignment>
    <assignment assignment_type="state" base_name="d1" display_name="harness::1::d1" hidden="false" identifier="harness::1::d1" mode="C" step_nr="20" thread="0">
      <location file="/cassis-verif/data/cbmc/proofs/check_md5_digest/check_md5_digest_harness.c" function="harness" line="32" working-directory="/cassis-verif/data/cbmc/proofs"/>
      <full_lhs_type>unsigned char</full_lhs_type>
      <full_lhs>d1[7l]</full_lhs>
      <full_lhs_value binary="00000000">0</full_lhs_value>
    </assignment>
    <assignment assignment_type="state" base_name="d1" display_name="harness::1::d1" hidden="false" identifier="harness::1::d1" mode="C" step_nr="21" thread="0">
      <location file="/cassis-verif/data/cbmc/proofs/check_md5_digest/check_md5_digest_harness.c" function="harness" line="32" working-directory="/cassis-verif/data/cbmc/proofs"/>
      <full_lhs_type>unsigned char</full_lhs_type>
      <full_lhs>d1[8l]</full_lhs>
      <full_lhs_value binary="00000000">0</full_lhs_value>
    </assignment>
    <assignment assignment_type="state" base_name="d1" display_name="harness::1::d1" hidden="false" identifier="harness::1::d1" mode="C" step_nr="22" thread="0">
      <location file="/cassis-verif/data/cbmc/proofs/check_md5_digest/check_md5_digest_harness.c" function="harness" line="32" working-directory="/cassis-verif/data/cbmc/proofs"/>
      <full_lhs_type>unsigned char</full_lhs_type>
      <full_lhs>d1[9l]</full_lhs>
      <full_lhs_value binary="00000000">0</full_lhs_value>
    </assignment>
    <assignment assignment_type="state" base_name="d1" display_name="harness::1::d1" hidden="false" identifier="harness::1::d1" mode="C" step_nr="23" thread="0">
      <location file="/cassis-verif/data/cbmc/proofs/check_md5_digest/check_md5_digest_harness.c" function="harness" line="32" working-directory="/cassis-verif/data/cbmc/proofs"/>
      <full_lhs_type>unsigned char</full_lhs_type>
      <full_lhs>d1[10l]</full_lhs>
      <full_lhs_value binary="00000000">0</full_lhs_value>
    </assignment>
    <assignment assignment_type="state" base_name="d1" display_name="harness::1::d1" hidden="false" identifier="harness::1::d1" mode="C" step_nr="24" thread="0">
      <location file="/cassis-verif/data/cbmc/proofs/check_md5_digest/check_md5_digest_harness.c" function="harness" line="32" working-directory="/cassis-verif/data/cbmc/proofs"/>
      <full_lhs_type>unsigned char</full_lhs_type>
      <full_lhs>d1[11l]</full_lhs>
      <full_lhs_value binary="00000000">0</full_lhs_value>
    </assignment>
    <assignment assignment_type="state" base_name="d1" display_name="harness::1::d1" hidden="false" identifier="harness::1::d1" mode="C" step_nr="25" thread="0">
      <location file="/cassis-verif/data/cbmc/proofs/check_md5_digest/check_md5_digest_harness.c" function="harness" line="32" working-directory="/cassis-verif/data/cbmc/proofs"/>
      <full_lhs_type>unsigned char</full_lhs_type>
      <full_lhs>d1[12l]</full_lhs>
      <full_lhs_value binary="00000000">0</full_lhs_value>
    </assignment>
    <assignment assignment_type="state" base_name="d1" display_name="harness::1::d1" hidden="false" identifier="harness::1::d1" mode="C" step_nr="26" thread="0">
      <location file="/cassis-verif/data/cbmc/proofs/check_md5_digest/check_md5_digest_harness.c" function="harness" line="32" working-directory="/cassis-verif/data/cbmc/proofs"/>
      <full_lhs_type>unsigned char</full_lhs_type>
      <full_lhs>d1[13l]</full_lhs>
      <full_lhs_value binary="00000000">0</full_lhs_value>
    </assignment>
    <assignment assignment_type="state" base_name="d1" display_name="harness::1::d1" hidden="false" identifier="harness::1::d1" mode="C" step_nr="27" thread="0">
      <location file="/cassis-verif/data/cbmc/proofs/check_md5_digest/check_md5_digest_harness.c" function="harness" line="32" working-directory="/cassis-verif/data/cbmc/proofs"/>
      <full_lhs_type>unsigned char</full_lhs_type>
      <full_lhs>d1[14l]</full_lhs>
      <full_lhs_value binary="00000000">0</full_lhs_value>
    </assignment>
    <assignment assignment_type="state" base_name="d1" display_name="harness::1::d1" hidden="false" identifier="harness::1::d1" mode="C" step_nr="28" thread="0">
      <location file="/cassis-verif/data/cbmc/proofs/check_md5_digest/check_md5_digest_harness.c" function="harness" line="32" working-directory="/cassis-verif/data/cbmc/proofs"/>
      <full_lhs_type>unsigned char</full_lhs_type>
      <full_lhs>d1[15l]</full_lhs>
      <full_lhs_value binary="00000000">0</full_lhs_value>
    </assignment>
    <assignment assignment_type="state" base_name="d2" display_name="harness::1::d2" hidden="false" identifier="harness::1::d2" mode="C" step_nr="29" thread="0">
      <location file="/cassis-verif/data/cbmc/proofs/check_md5_digest/check_md5_digest_harness.c" function="harness" line="34" working-directory="/cassis-verif/data/cbmc/proofs"/>
      <full_lhs_type>unsigned char [16l]</full_lhs_type>
      <full_lhs>d2</full_lhs>
      <full_lhs_value>{ 0, 0, 0, 0, 0, 0, 0, 0, 0, 0, 0, 0, 0, 0, 0, 0 }</full_lhs_value>
    </assignment>
    <assignment assignment_type="state" base_name="d2" display_name="harness::1::d2" hidden="false" identifier="harness::1::d2" mode="C" step_nr="30" thread="0">
      <location file="/cassis-verif/data/cbmc/proofs/check_md5_digest/check_md5_digest_harness.c" function="harness" line="35" working-directory="/cassis-verif/data/cbmc/proofs"/>
      <full_lhs_type>unsigned char [16l]</full_lhs_type>
      <full_lhs>d2</full_lhs>
      <full_lhs_value>{ 0, 0, 0, 0, 0, 0, 0, 0, 0, 0, 0, 0, 0, 0, 0, 0 }</full_lhs_value>
    </assignment>
    <assignment assignment_type="state" base_name="d2" display_name="harness::1::d2" hidden="false" identifier="harness::1::d2" mode="C" step_nr="31" thread="0">
      <location file="/cassis-verif/data/cbmc/proofs/check_md5_digest/check_md5_digest_harness.c" function="harness" line="35" working-directory="/cassis-verif/data/cbmc/proofs"/>
      <full_lhs_type>unsigned char</full_lhs_type>
      <full_lhs>d2[0l]</full_lhs>
      <full_lhs_value binary="00000000">0</full_lhs_value>
    </assignment>
    <assignment assignment_type="state" base_name="d2" display_name="harness::1::d2" hidden="false" identifier="harness::1::d2" mode="C" step_nr="32" thread="0">
      <location file="/cassis-verif/data/cbmc/proofs/check_md5_digest/check_md5_digest_harness.c" function="harness" line="35" working-directory="/cassis-verif/data/cbmc/proofs"/>
      <full_lhs_type>unsigned char</full_lhs_type>
      <full_lhs>d2[1l]</full_lhs>
      <full_lhs_value binary="00000000">0</full_lhs_value>
    </assignment>
    <assignment assignment_type="state" base_name="d2" display_name="harness::1::d2" hidden="false" identifier="harness::1::d2" mode="C" step_nr="33" thread="0">
      <location file="/cassis-verif/data/cbmc/proofs/check_md5_digest/check_md5_digest_harness.c" function="harness" line="35" working-directory="/cassis-verif/data/cbmc/proofs"/>
      <full_lhs_type>unsigned char</full_lhs_type>
      <full_lhs>d2[2l]</full_lhs>
      <full_lhs_value binary="00000000">0</full_lhs_value>
    </assignment>
    <assignment assignment_type="state" base_name="d2" display_name="harness::1::d2" hidden="false" identifier="harness::1::d2" mode="C" step_nr="34" thread="0">
      <location file="/cassis-verif/data/cbmc/proofs/check_md5_digest/check_md5_digest_harness.c" function="harness" line="35" working-directory="/cassis-verif/data/cbmc/proofs"/>
      <full_lhs_type>unsigned char</full_lhs_type>
      <full_lhs>d2[3l]</full_lhs>
      <full_lhs_value binary="00000000">0</full_lhs_value>
    </assignment>
    <assignment assignment_type="state" base_name="d2" display_name="harness::1::d2" hidden="false" identifier="harness::1::d2" mode="C" step_nr="35" thread="0">
      <location file="/cassis-verif/data/cbmc/proofs/check_md5_digest/check_md5_digest_harness.c" function="harness" line="35" working-directory="/cassis-verif/data/cbmc/proofs"/>
      <full_lhs_type>unsigned char</full_lhs_type>
      <full_lhs>d2[4l]</full_lhs>
      <full_lhs_value binary="00000000">0</full_lhs_value>
    </assignment>
    <assignment assignment_type="state" base_name="d2" display_name="harness::1::d2" hidden="false" identifier="harness::1::d2" mode="C" step_nr="36" thread="0">
      <location file="/cassis-verif/data/cbmc/proofs/check_md5_digest/check_md5_digest_harness.c" function="harness" line="35" working-directory="/cassis-verif/data/cbmc/proofs"/>
      <full_lhs_type>unsigned char</full_lhs_type>
      <full_lhs>d2[5l]</full_lhs>
      <full_lhs_value binary="00000000">0</full_lhs_value>
    </assignment>
    <assignment assignment_type="state" base_name="d2" display_name="harness::1::d2" hidden="false" identifier="harness::1::d2" mode="C" step_nr="37" thread="0">
      <location file="/cassis-verif/data/cbmc/proofs/check_md5_digest/check_md5_digest_harness.c" function="harness" line="35" working-directory="/cassis-verif/data/cbmc/proofs"/>
      <full_lhs_type>unsigned char</full_lhs_type>
      <full_lhs>d2[6l]</full_lhs>
      <full_lhs_value binary="00000000">0</full_lhs_value>
    </assignment>
    <assignment assignment_type="state" base_name="d2" display_name="harness::1::d2" hidden="false" identifier="harness::1::d2" mode="C" step_nr="38" thread="0">
      <location file="/cassis-verif/data/cbmc/proofs/check_md5_digest/check_md5_digest_harness.c" function="harness" line="35" working-directory="/cassis-verif/data/cbmc/proofs"/>
      <full_lhs_type>unsigned char</full_lhs_type>
      <full_lhs>d2[7l]</full_lhs>
      <full_lhs_value binary="00000000">0</full_lhs_value>
    </assignment>
    <assignment assignment_type="state" base_name="d2" display_name="harness::1::d2" hidden="false" identifier="harness::1::d2" mode="C" step_nr="39" thread="0">
      <location file="/cassis-verif/data/cbmc/proofs/check_md5_digest/check_md5_digest_harness.c" function="harness" line="35" working-directory="/cassis-verif/data/cbmc/proofs"/>
      <full_lhs_type>unsigned char</full_lhs_type>
      <full_lhs>d2[8l]</full_lhs>
      <full_lhs_value binary="00000000">0</full_lhs_value>
    </assignment>
    <assignment assignment_type="state" base_name="d2" display_name="harness::1::d2" hidden="false" identifier="harness::1::d2" mode="C" step_nr="40" thread="0">
      <location file="/cassis-verif/data/cbmc/proofs/check_md5_digest/check_md5_digest_harness.c" function="harness" line="35" working-directory="/cassis-verif/data/cbmc/proofs"/>
      <full_lhs_type>unsigned char</full_lhs_type>
      <full_lhs>d2[9l]</full_lhs>
      <full_lhs_value binary="00000000">0</full_lhs_value>
    </assignment>
    <assignment assignment_type="state" base_name="d2" display_name="harness::1::d2" hidden="false" identifier="harness::1::d2" mode="C" step_nr="41" thread="0">
      <location file="/cassis-verif/data/cbmc/proofs/check_md5_digest/check_md5_digest_harness.c" function="harness" line="35" working-directory="/cassis-verif/data/cbmc/proofs"/>
      <full_lhs_type>unsigned char</full_lhs_type>
      <full_lhs>d2[10l]</full_lhs>
      <full_lhs_value binary="00000000">0</full_lhs_value>
    </assignment>
    <assignment assignment_type="state" base_name="d2" display_name="harness::1::d2" hidden="false" identifier="harness::1::d2" mode="C" step_nr="42" thread="0">
      <location file="/cassis-verif/data/cbmc/proofs/check_md5_digest/check_md5_digest_harness.c" function="harness" line="35" working-directory="/cassis-verif/data/cbmc/proofs"/>
      <full_lhs_type>unsigned char</full_lhs_type>
      <full_lhs>d2[11l]</full_lhs>
      <full_lhs_value binary="00000000">0</full_lhs_value>
    </assignment>
    <assignment assignment_type="state" base_name="d2" display_name="harness::1::d2" hidden="false" identifier="harness::1::d2" mode="C" step_nr="43" thread="0">
      <location file="/cassis-verif/data/cbmc/proofs/check_md5_digest/check_md5_digest_harness.c" function="harness" line="35" working-directory="/cassis-verif/data/cbmc/proofs"/>
      <full_lhs_type>unsigned char</full_lhs_type>
      <full_lhs>d2[12l]</full_lhs>
      <full_lhs_value binary="00000000">0</full_lhs_value>
    </assignment>
    <assignment assignment_type="state" base_name="d2" display_name="harness::1::d2" hidden="false" identifier="harness::1::d2" mode="C" step_nr="44" thread="0">
      <location file="/cassis-verif/data/cbmc/proofs/check_md5_digest/check_md5_digest_harness.c" function="harness" line="35" working-directory="/cassis-verif/data/cbmc/proofs"/>
      <full_lhs_type>unsigned char</full_lhs_type>
      <full_lhs>d2[13l]</full_lhs>
      <full_lhs_value binary="00000000">0</full_lhs_value>
    </assignment>
    <assignment assignment_type="state" base_name="d2" display_name="harness::1::d2" hidden="false" identifier="harness::1::d2" mode="C" step_nr="45" thread="0">
      <location file="/cassis-verif/data/cbmc/proofs/check_md5_digest/check_md5_digest_harness.c" function="harness" line="35" working-directory="/cassis-verif/data/cbmc/proofs"/>
      <full_lhs_type>unsigned char</full_lhs_type>
      <full_lhs>d2[14l]</full_lhs>
      <full_lhs_value binary="00000000">0</full_lhs_value>
    </assignment>
    <assignment assignment_type="state" base_name="d2" display_name="harness::1::d2" hidden="false" identifier="harness::1::d2" mode="C" step_nr="46" thread="0">
      <location file="/cassis-verif/data/cbmc/proofs/check_md5_digest/check_md5_digest_harness.c" function="harness" line="35" working-directory="/cassis-verif/data/cbmc/proofs"/>
      <full_lhs_type>unsigned char</full_lhs_type>
      <full_lhs>d2[15l]</full_lhs>
      <full_lhs_value binary="00000000">0</full_lhs_value>
    </assignment>
    <assignment assignment_type="state" base_name="result" display_name="harness::1::result" hidden="true" identifier="harness::1::result" mode="C" step_nr="47" thread="0">
      <location file="/cassis-verif/data/cbmc/proofs/check_md5_digest/check_md5_digest_harness.c" function="harness" line="37" working-directory="/cassis-verif/data/cbmc/proofs"/>
      <full_lhs_type>signed int</full_lhs_type>
      <full_lhs>result</full_lhs>
      <full_lhs_value binary="00000000000000000000000000000000">0</full_lhs_value>
    </assignment>
    <assignment assignment_type="state" base_name="return_value_check_md5_digest" display_name="harness::$tmp::return_value_check_md5_digest" hidden="true" identifier="harness::$tmp::return_value_check_md5_digest" mode="C" step_nr="48" thread="0">
      <location file="/cassis-verif/data/cbmc/proofs/check_md5_digest/check_md5_digest_harness.c" function="harness" line="37" working-directory="/cassis-verif/data/cbmc/proofs"/>
      <full_lhs_type>signed int</full_lhs_type>
      <full_lhs>return_value_check_md5_digest</full_lhs>
      <full_lhs_value binary="00000000000000000000000000000000">0</full_lhs_value>
    </assignment>
    <function_call hidden="false" step_nr="50" thread="0">
      <function display_name="check_md5_digest" identifier="check_md5_digest">
        <location file="/cassis-verif/data/src/helpers/cassis_utilities.c" line="180" working-directory="/cassis-verif/data/cbmc/proofs"/>
      </function>
      <location file="/cassis-verif/data/cbmc/proofs/check_md5_digest/check_md5_digest_harness.c" function="harness" line="37" working-directory="/cassis-verif/data/cbmc/proofs"/>
    </function_call>
    <assignment assignment_type="actual_parameter" base_name="d1" display_name="check_md5_digest::d1" hidden="false" identifier="check_md5_digest::d1" mode="C" step_nr="51" thread="0">
      <location file="/cassis-verif/data/cbmc/proofs/check_md5_digest/check_md5_digest_harness.c" function="harness" line="37" working-directory="/cassis-verif/data/cbmc/proofs"/>
      <full_lhs_type>unsigned char *</full_lhs_type>
      <full_lhs>d1</full_lhs>
      <full_lhs_value>d1!0@1</full_lhs_value>
    </assignment>
    <assignment assignment_type="actual_parameter" base_name="d2" display_name="check_md5_digest::d2" hidden="false" identifier="check_md5_digest::d2" mode="C" step_nr="52" thread="0">
      <location file="/cassis-verif/data/cbmc/proofs/check_md5_digest/check_md5_digest_harness.c" function="harness" line="37" working-directory="/cassis-verif/data/cbmc/proofs"/>
      <full_lhs_type>unsigned char *</full_lhs_type>
      <full_lhs>d2</full_lhs>
      <full_lhs_value>d2!0@1</full_lhs_value>
    </assignment>
    <assignment assignment_type="state" base_name="i" display_name="check_md5_digest::1::i" hidden="true" identifier="check_md5_digest::1::i" mode="C" step_nr="53" thread="0">
      <location file="/cassis-verif/data/src/helpers/cassis_utilities.c" function="check_md5_digest" line="181" working-directory="/cassis-verif/data/cbmc/proofs"/>
      <full_lhs_type>signed int</full_lhs_type>
      <full_lhs>i</full_lhs>
      <full_lhs_value binary="00000000000000000000000000000000">0</full_lhs_value>
    </assignment>
    <assignment assignment_type="state" base_name="i" display_name="check_md5_digest::1::i" hidden="false" identifier="check_md5_digest::1::i" mode="C" step_nr="54" thread="0">
      <location file="/cassis-verif/data/src/helpers/cassis_utilities.c" function="check_md5_digest" line="181" working-directory="/cassis-verif/data/cbmc/proofs"/>
      <full_lhs_type>signed int</full_lhs_type>
      <full_lhs>i</full_lhs>
      <full_lhs_value binary="00000000000000000000000000000000">0</full_lhs_value>
    </assignment>
    <location-only hidden="false" step_nr="55" thread="0">
      <location file="/cassis-verif/data/src/helpers/cassis_utilities.c" function="check_md5_digest" line="183" working-directory="/cassis-verif/data/cbmc/proofs"/>
    </location-only>
    <assignment assignment_type="state" base_name="i" display_name="check_md5_digest::1::i" hidden="false" identifier="check_md5_digest::1::i" mode="C" step_nr="56" thread="0">
      <location file="/cassis-verif/data/src/helpers/cassis_utilities.c" function="check_md5_digest" line="183" working-directory="/cassis-verif/data/cbmc/proofs"/>
      <full_lhs_type>signed int</full_lhs_type>
      <full_lhs>i</full_lhs>
      <full_lhs_value binary="00000000000000000000000000000001">1</full_lhs_value>
    </assignment>
    <assignment assignment_type="state" base_name="i" display_name="check_md5_digest::1::i" hidden="false" identifier="check_md5_digest::1::i" mode="C" step_nr="59" thread="0">
      <location file="/cassis-verif/data/src/helpers/cassis_utilities.c" function="check_md5_digest" line="183" working-directory="/cassis-verif/data/cbmc/proofs"/>
      <full_lhs_type>signed int</full_lhs_type>
      <full_lhs>i</full_lhs>
      <full_lhs_value binary="00000000000000000000000000000010">2</full_lhs_value>
    </assignment>
    <assignment assignment_type="state" base_name="i" display_name="check_md5_digest::1::i" hidden="false" identifier="check_md5_digest::1::i" mode="C" step_nr="62" thread="0">
      <location file="/cassis-verif/data/src/helpers/cassis_utilities.c" function="check_md5_digest" line="183" working-directory="/cassis-verif/data/cbmc/proofs"/>
      <full_lhs_type>signed int</full_lhs_type>
      <full_lhs>i</full_lhs>
      <full_lhs_value binary="00000000000000000000000000000011">3</full_lhs_value>
    </assignment>
    <assignment assignment_type="state" base_name="i" display_name="check_md5_digest::1::i" hidden="false" identifier="check_md5_digest::1::i" mode="C" step_nr="65" thread="0">
      <location file="/cassis-verif/data/src/helpers/cassis_utilities.c" function="check_md5_digest" line="183" working-directory="/cassis-verif/data/cbmc/proofs"/>
      <full_lhs_type>signed int</full_lhs_type>
      <full_lhs>i</full_lhs>
      <full_lhs_value binary="00000000000000000000000000000100">4</full_lhs_value>
    </assignment>
    <assignment assignment_type="state" base_name="i" display_name="check_md5_digest::1::i" hidden="false" identifier="check_md5_digest::1::i" mode="C" step_nr="68" thread="0">
      <location file="/cassis-verif/data/src/helpers/cassis_utilities.c" function="check_md5_digest" line="183" working-directory="/cassis-verif/data/cbmc/proofs"/>
      <full_lhs_type>signed int</full_lhs_type>
      <full_lhs>i</full_lhs>
      <full_lhs_value binary="00000000000000000000000000000101">5</full_lhs_value>
    </assignment>
    <assignment assignment_type="state" base_name="i" display_name="check_md5_digest::1::i" hidden="false" identifier="check_md5_digest::1::i" mode="C" step_nr="71" thread="0">
      <location file="/cassis-verif/data/src/helpers/cassis_utilities.c" function="check_md5_digest" line="183" working-directory="/cassis-verif/data/cbmc/proofs"/>
      <full_lhs_type>signed int</full_lhs_type>
      <full_lhs>i</full_lhs>
      <full_lhs_value binary="00000000000000000000000000000110">6</full_lhs_value>
    </assignment>
    <assignment assignment_type="state" base_name="i" display_name="check_md5_digest::1::i" hidden="false" identifier="check_md5_digest::1::i" mode="C" step_nr="74" thread="0">
      <location file="/cassis-verif/data/src/helpers/cassis_utilities.c" function="check_md5_digest" line="183" working-directory="/cassis-verif/data/cbmc/proofs"/>
      <full_lhs_type>signed int</full_lhs_type>
      <full_lhs>i</full_lhs>
      <full_lhs_value binary="00000000000000000000000000000111">7</full_lhs_value>
    </assignment>
    <assignment assignment_type="state" base_name="i" display_name="check_md5_digest::1::i" hidden="false" identifier="check_md5_digest::1::i" mode="C" step_nr="77" thread="0">
      <location file="/cassis-verif/data/src/helpers/cassis_utilities.c" function="check_md5_digest" line="183" working-directory="/cassis-verif/data/cbmc/proofs"/>
      <full_lhs_type>signed int</full_lhs_type>
      <full_lhs>i</full_lhs>
      <full_lhs_value binary="00000000000000000000000000001000">8</full_lhs_value>
    </assignment>
    <assignment assignment_type="state" base_name="i" display_name="check_md5_digest::1::i" hidden="false" identifier="check_md5_digest::1::i" mode="C" step_nr="80" thread="0">
      <location file="/cassis-verif/data/src/helpers/cassis_utilities.c" function="check_md5_digest" line="183" working-directory="/cassis-verif/data/cbmc/proofs"/>
      <full_lhs_type>signed int</full_lhs_type>
      <full_lhs>i</full_lhs>
      <full_lhs_value binary="00000000000000000000000000001001">9</full_lhs_value>
    </assignment>
    <assignment assignment_type="state" base_name="i" display_name="check_md5_digest::1::i" hidden="false" identifier="check_md5_digest::1::i" mode="C" step_nr="83" thread="0">
      <location file="/cassis-verif/data/src/helpers/cassis_utilities.c" function="check_md5_digest" line="183" working-directory="/cassis-verif/data/cbmc/proofs"/>
      <full_lhs_type>signed int</full_lhs_type>
      <full_lhs>i</full_lhs>
      <full_lhs_value binary="00000000000000000000000000001010">10</full_lhs_value>
    </assignment>
    <assignment assignment_type="state" base_name="i" display_name="check_md5_digest::1::i" hidden="false" identifier="check_md5_digest::1::i" mode="C" step_nr="86" thread="0">
      <location file="/cassis-verif/data/src/helpers/cassis_utilities.c" function="check_md5_digest" line="183" working-directory="/cassis-verif/data/cbmc/proofs"/>
      <full_lhs_type>signed int</full_lhs_type>
      <full_lhs>i</full_lhs>
      <full_lhs_value binary="00000000000000000000000000001011">11</full_lhs_value>
    </assignment>
    <assignment assignment_type="state" base_name="i" display_name="check_md5_digest::1::i" hidden="false" identifier="check_md5_digest::1::i" mode="C" step_nr="89" thread="0">
      <location file="/cassis-verif/data/src/helpers/cassis_utilities.c" function="check_md5_digest" line="183" working-directory="/cassis-verif/data/cbmc/proofs"/>
      <full_lhs_type>signed int</full_lhs_type>
      <full_lhs>i</full_lhs>
      <full_lhs_value binary="00000000000000000000000000001100">12</full_lhs_value>
    </assignment>
    <assignment assignment_type="state" base_name="i" display_name="check_md5_digest::1::i" hidden="false" identifier="check_md5_digest::1::i" mode="C" step_nr="92" thread="0">
      <location file="/cassis-verif/data/src/helpers/cassis_utilities.c" function="check_md5_digest" line="183" working-directory="/cassis-verif/data/cbmc/proofs"/>
      <full_lhs_type>signed int</full_lhs_type>
      <full_lhs>i</full_lhs>
      <full_lhs_value binary="00000000000000000000000000001101">13</full_lhs_value>
    </assignment>
    <assignment assignment_type="state" base_name="i" display_name="check_md5_digest::1::i" hidden="false" identifier="check_md5_digest::1::i" mode="C" step_nr="95" thread="0">
      <location file="/cassis-verif/data/src/helpers/cassis_utilities.c" function="check_md5_digest" line="183" working-directory="/cassis-verif/data/cbmc/proofs"/>
      <full_lhs_type>signed int</full_lhs_type>
      <full_lhs>i</full_lhs>
      <full_lhs_value binary="00000000000000000000000000001110">14</full_lhs_value>
    </assignment>
    <assignment assignment_type="state" base_name="i" display_name="check_md5_digest::1::i" hidden="false" identifier="check_md5_digest::1::i" mode="C" step_nr="98" thread="0">
      <location file="/cassis-verif/data/src/helpers/cassis_utilities.c" function="check_md5_digest" line="183" working-directory="/cassis-verif/data/cbmc/proofs"/>
      <full_lhs_type>signed int</full_lhs_type>
      <full_lhs>i</full_lhs>
      <full_lhs_value binary="00000000000000000000000000001111">15</full_lhs_value>
    </assignment>
    <assignment assignment_type="state" base_name="i" display_name="check_md5_digest::1::i" hidden="false" identifier="check_md5_digest::1::i" mode="C" step_nr="101" thread="0">
      <location file="/cassis-verif/data/src/helpers/cassis_utilities.c" function="check_md5_digest" line="183" working-directory="/cassis-verif/data/cbmc/proofs"/>
      <full_lhs_type>signed int</full_lhs_type>
      <full_lhs>i</full_lhs>
      <full_lhs_value binary="00000000000000000000000000010000">16</full_lhs_value>
    </assignment>
    <failure hidden="false" property="check_md5_digest.pointer_dereference.5" reason="dereference failure: pointer outside object bounds in d1[(signed long int)i]" step_nr="103" thread="0">
      <location file="/cassis-verif/data/src/helpers/cassis_utilities.c" function="check_md5_digest" line="183" working-directory="/cassis-verif/data/cbmc/proofs"/>
    </failure>
    <failure hidden="false" property="check_md5_digest.pointer_dereference.11" reason="dereference failure: pointer outside object bounds in d2[(signed long int)i]" step_nr="104" thread="0">
      <location file="/cassis-verif/data/src/helpers/cassis_utilities.c" function="check_md5_digest" line="183" working-directory="/cassis-verif/data/cbmc/proofs"/>
    </failure>
  </goto_trace>
</result>

<result property="check_md5_digest.pointer_dereference.12" status="SUCCESS">
  <location file="/cassis-verif/data/src/helpers/cassis_utilities.c" function="check_md5_digest" line="183" working-directory="/cassis-verif/data/cbmc/proofs"/>
</result>

<result property="check_md5_digest.overflow.1" status="SUCCESS">
  <location file="/cassis-verif/data/src/helpers/cassis_utilities.c" function="check_md5_digest" line="183" working-directory="/cassis-verif/data/cbmc/proofs"/>
</result>

<result property="check_md5_digest.overflow.2" status="SUCCESS">
  <location file="/cassis-verif/data/src/helpers/cassis_utilities.c" function="check_md5_digest" line="185" working-directory="/cassis-verif/data/cbmc/proofs"/>
</result>

<message type="STATUS-MESSAGE">
  <text>VERIFICATION FAILED</text>
</message>

<cprover-status>FAILURE</cprover-status>

</cprover>

