{
  "viewer-loop": {
    "loops": {
      "command_table_init.0": {
        "file": "cbmc/proofs/supervisor_get_scheduled_commands/supervisor_get_scheduled_commands_harness.c",
        "function": "command_table_init",
        "line": 46
      },
      "harness.0": {
        "file": "cbmc/proofs/supervisor_get_scheduled_commands/supervisor_get_scheduled_commands_harness.c",
        "function": "harness",
        "line": 119
      },
      "supervisor_get_scheduled_commands.0": {
        "file": "src/cassis_launcher.c",
        "function": "supervisor_get_scheduled_commands",
        "line": 1519
      }
    }
  }
}
