{
  "viewer-coverage": {
    "coverage": {
      "cbmc/proofs/supervisor_get_scheduled_commands/supervisor_get_scheduled_commands_harness.c": {
        "command_table_init": {
          "40": "hit",
          "42": "hit",
          "43": "hit",
          "44": "hit",
          "46": "hit",
          "48": "hit",
          "49": "hit",
          "51": "hit",
          "52": "hit",
          "55": "hit",
          "56": "hit",
          "58": "hit",
          "59": "hit",
          "61": "hit",
          "63": "hit",
          "65": "hit",
          "66": "hit",
          "67": "hit",
          "68": "hit"
        },
        "get_preissue_timestamp": {
          "71": "both",
          "73": "hit",
          "74": "hit",
          "76": "hit",
          "77": "hit",
          "78": "hit"
        },
        "harness": {
          "96": "hit",
          "97": "hit",
          "98": "hit",
          "100": "hit",
          "101": "hit",
          "102": "hit",
          "105": "hit",
          "107": "hit",
          "110": "hit",
          "111": "hit",
          "112": "hit",
          "113": "hit",
          "116": "hit",
          "117": "hit",
          "119": "hit",
          "120": "hit",
          "121": "hit",
          "122": "hit",
          "123": "hit",
          "124": "hit",
          "125": "hit",
          "126": "hit",
          "128": "hit",
          "129": "hit",
          "132": "hit",
          "133": "hit",
          "134": "hit"
        }
      },
      "src/cassis_launcher.c": {
        "supervisor_get_scheduled_commands": {
          "1516": "hit",
          "1517": "hit",
          "1518": "hit",
          "1519": "hit",
          "1521": "hit",
          "1523": "hit",
          "1524": "hit",
          "1526": "hit",
          "1527": "hit",
          "1528": "hit",
          "1530": "hit",
          "1531": "hit",
          "1532": "hit",
          "1535": "hit",
          "1536": "hit",
          "1537": "hit"
        }
      }
    },
    "function_coverage": {
      "cbmc/proofs/supervisor_get_scheduled_commands/supervisor_get_scheduled_commands_harness.c": {
        "command_table_init": {
          "hit": 19,
          "percentage": 1.0,
          "total": 19
        },
        "get_preissue_timestamp": {
          "hit": 6,
          "percentage": 1.0,
          "total": 6
        },
        "harness": {
          "hit": 27,
          "percentage": 1.0,
          "total": 27
        }
      },
      "src/cassis_launcher.c": {
        "supervisor_get_scheduled_commands": {
          "hit": 16,
          "percentage": 1.0,
          "total": 16
        }
      }
    },
    "line_coverage": {
      "cbmc/proofs/supervisor_get_scheduled_commands/supervisor_get_scheduled_commands_harness.c": {
        "40": "hit",
        "42": "hit",
        "43": "hit",
        "44": "hit",
        "46": "hit",
        "48": "hit",
        "49": "hit",
        "51": "hit",
        "52": "hit",
        "55": "hit",
        "56": "hit",
        "58": "hit",
        "59": "hit",
        "61": "hit",
        "63": "hit",
        "65": "hit",
        "66": "hit",
        "67": "hit",
        "68": "hit",
        "71": "both",
        "73": "hit",
        "74": "hit",
        "76": "hit",
        "77": "hit",
        "78": "hit",
        "96": "hit",
        "97": "hit",
        "98": "hit",
        "100": "hit",
        "101": "hit",
        "102": "hit",
        "105": "hit",
        "107": "hit",
        "110": "hit",
        "111": "hit",
        "112": "hit",
        "113": "hit",
        "116": "hit",
        "117": "hit",
        "119": "hit",
        "120": "hit",
        "121": "hit",
        "122": "hit",
        "123": "hit",
        "124": "hit",
        "125": "hit",
        "126": "hit",
        "128": "hit",
        "129": "hit",
        "132": "hit",
        "133": "hit",
        "134": "hit"
      },
      "src/cassis_launcher.c": {
        "1516": "hit",
        "1517": "hit",
        "1518": "hit",
        "1519": "hit",
        "1521": "hit",
        "1523": "hit",
        "1524": "hit",
        "1526": "hit",
        "1527": "hit",
        "1528": "hit",
        "1530": "hit",
        "1531": "hit",
        "1532": "hit",
        "1535": "hit",
        "1536": "hit",
        "1537": "hit"
      }
    },
    "overall_coverage": {
      "hit": 68,
      "percentage": 1.0,
      "total": 68
    }
  }
}
