{
  "viewer-property": {
    "properties": {
      "command_table_init.array_bounds.1": {
        "class": "array bounds",
        "description": "array 'command_table'.commands lower bound in command_table.commands[(signed long int)i]",
        "expression": "8l + (signed long int)i * 664l >= 0l",
        "location": {
          "file": "cbmc/proofs/supervisor_get_scheduled_commands/supervisor_get_scheduled_commands_harness.c",
          "function": "command_table_init",
          "line": 48
        }
      },
      "command_table_init.array_bounds.10": {
        "class": "array bounds",
        "description": "array 'command_table'.commands upper bound in command_table.commands[(signed long int)i]",
        "expression": "preissue_ts_lookup_table[(signed long int)i] > (unsigned long int)0 ==> !((signed long int)i >= 10l)",
        "location": {
          "file": "cbmc/proofs/supervisor_get_scheduled_commands/supervisor_get_scheduled_commands_harness.c",
          "function": "command_table_init",
          "line": 56
        }
      },
      "command_table_init.array_bounds.2": {
        "class": "array bounds",
        "description": "array 'command_table'.commands upper bound in command_table.commands[(signed long int)i]",
        "expression": "!((signed long int)i >= 10l)",
        "location": {
          "file": "cbmc/proofs/supervisor_get_scheduled_commands/supervisor_get_scheduled_commands_harness.c",
          "function": "command_table_init",
          "line": 48
        }
      },
      "command_table_init.array_bounds.3": {
        "class": "array bounds",
        "description": "array 'preissue_ts_lookup_table' lower bound in preissue_ts_lookup_table[(signed long int)i]",
        "expression": "(signed long int)i * 8l >= 0l",
        "location": {
          "file": "cbmc/proofs/supervisor_get_scheduled_commands/supervisor_get_scheduled_commands_harness.c",
          "function": "command_table_init",
          "line": 55
        }
      },
      "command_table_init.array_bounds.4": {
        "class": "array bounds",
        "description": "array 'preissue_ts_lookup_table' upper bound in preissue_ts_lookup_table[(signed long int)i]",
        "expression": "!((signed long int)i >= 10l)",
        "location": {
          "file": "cbmc/proofs/supervisor_get_scheduled_commands/supervisor_get_scheduled_commands_harness.c",
          "function": "command_table_init",
          "line": 55
        }
      },
      "command_table_init.array_bounds.5": {
        "class": "array bounds",
        "description": "array 'preissue_ts_lookup_table' lower bound in preissue_ts_lookup_table[(signed long int)i]",
        "expression": "TRUE ==> (signed long int)i * 8l >= 0l",
        "location": {
          "file": "cbmc/proofs/supervisor_get_scheduled_commands/supervisor_get_scheduled_commands_harness.c",
          "function": "command_table_init",
          "line": 56
        }
      },
      "command_table_init.array_bounds.6": {
        "class": "array bounds",
        "description": "array 'preissue_ts_lookup_table' upper bound in preissue_ts_lookup_table[(signed long int)i]",
        "expression": "TRUE ==> !((signed long int)i >= 10l)",
        "location": {
          "file": "cbmc/proofs/supervisor_get_scheduled_commands/supervisor_get_scheduled_commands_harness.c",
          "function": "command_table_init",
          "line": 56
        }
      },
      "command_table_init.array_bounds.7": {
        "class": "array bounds",
        "description": "array 'preissue_ts_lookup_table' lower bound in preissue_ts_lookup_table[(signed long int)i]",
        "expression": "preissue_ts_lookup_table[(signed long int)i] > (unsigned long int)0 ==> (signed long int)i * 8l >= 0l",
        "location": {
          "file": "cbmc/proofs/supervisor_get_scheduled_commands/supervisor_get_scheduled_commands_harness.c",
          "function": "command_table_init",
          "line": 56
        }
      },
      "command_table_init.array_bounds.8": {
        "class": "array bounds",
        "description": "array 'preissue_ts_lookup_table' upper bound in preissue_ts_lookup_table[(signed long int)i]",
        "expression": "preissue_ts_lookup_table[(signed long int)i] > (unsigned long int)0 ==> !((signed long int)i >= 10l)",
        "location": {
          "file": "cbmc/proofs/supervisor_get_scheduled_commands/supervisor_get_scheduled_commands_harness.c",
          "function": "command_table_init",
          "line": 56
        }
      },
      "command_table_init.array_bounds.9": {
        "class": "array bounds",
        "description": "array 'command_table'.commands lower bound in command_table.commands[(signed long int)i]",
        "expression": "preissue_ts_lookup_table[(signed long int)i] > (unsigned long int)0 ==> 8l + (signed long int)i * 664l >= 0l",
        "location": {
          "file": "cbmc/proofs/supervisor_get_scheduled_commands/supervisor_get_scheduled_commands_harness.c",
          "function": "command_table_init",
          "line": 56
        }
      },
      "command_table_init.overflow.1": {
        "class": "overflow",
        "description": "arithmetic overflow on unsigned + in _pending + 1u",
        "expression": "!overflow(\"+\", uint32_t, _pending, 1u)",
        "location": {
          "file": "cbmc/proofs/supervisor_get_scheduled_commands/supervisor_get_scheduled_commands_harness.c",
          "function": "command_table_init",
          "line": 49
        }
      },
      "command_table_init.overflow.2": {
        "class": "overflow",
        "description": "arithmetic overflow on unsigned + in _ts_zero + 1u",
        "expression": "!overflow(\"+\", uint32_t, _ts_zero, 1u)",
        "location": {
          "file": "cbmc/proofs/supervisor_get_scheduled_commands/supervisor_get_scheduled_commands_harness.c",
          "function": "command_table_init",
          "line": 52
        }
      },
      "command_table_init.overflow.3": {
        "class": "overflow",
        "description": "arithmetic overflow on unsigned + in _preissue + 1u",
        "expression": "!overflow(\"+\", uint32_t, _preissue, 1u)",
        "location": {
          "file": "cbmc/proofs/supervisor_get_scheduled_commands/supervisor_get_scheduled_commands_harness.c",
          "function": "command_table_init",
          "line": 59
        }
      },
      "command_table_init.overflow.4": {
        "class": "overflow",
        "description": "arithmetic overflow on signed + in i + 1",
        "expression": "!overflow(\"+\", signed int, i, 1)",
        "location": {
          "file": "cbmc/proofs/supervisor_get_scheduled_commands/supervisor_get_scheduled_commands_harness.c",
          "function": "command_table_init",
          "line": 46
        }
      },
      "command_table_init.pointer_dereference.1": {
        "class": "pointer dereference",
        "description": "dereference failure: pointer NULL in *num_pending",
        "expression": "!(__CPROVER_POINTER_OBJECT(((uint32_t *)NULL)) == __CPROVER_POINTER_OBJECT(num_pending))",
        "location": {
          "file": "cbmc/proofs/supervisor_get_scheduled_commands/supervisor_get_scheduled_commands_harness.c",
          "function": "command_table_init",
          "line": 65
        }
      },
      "command_table_init.pointer_dereference.10": {
        "class": "pointer dereference",
        "description": "dereference failure: dead object in *num_ts_zero",
        "expression": "!(__CPROVER_POINTER_OBJECT(num_ts_zero) == __CPROVER_POINTER_OBJECT(__CPROVER_dead_object))",
        "location": {
          "file": "cbmc/proofs/supervisor_get_scheduled_commands/supervisor_get_scheduled_commands_harness.c",
          "function": "command_table_init",
          "line": 66
        }
      },
      "command_table_init.pointer_dereference.11": {
        "class": "pointer dereference",
        "description": "dereference failure: pointer outside object bounds in *num_ts_zero",
        "expression": "(unsigned __CPROVER_bitvector[65])__CPROVER_OBJECT_SIZE(num_ts_zero) >= (unsigned __CPROVER_bitvector[65])__CPROVER_POINTER_OFFSET(num_ts_zero) + 4",
        "location": {
          "file": "cbmc/proofs/supervisor_get_scheduled_commands/supervisor_get_scheduled_commands_harness.c",
          "function": "command_table_init",
          "line": 66
        }
      },
      "command_table_init.pointer_dereference.12": {
        "class": "pointer dereference",
        "description": "dereference failure: invalid integer address in *num_ts_zero",
        "expression": "!(__CPROVER_POINTER_OBJECT(((uint32_t *)NULL)) == __CPROVER_POINTER_OBJECT(num_ts_zero)) || num_ts_zero == ((uint32_t *)NULL)",
        "location": {
          "file": "cbmc/proofs/supervisor_get_scheduled_commands/supervisor_get_scheduled_commands_harness.c",
          "function": "command_table_init",
          "line": 66
        }
      },
      "command_table_init.pointer_dereference.13": {
        "class": "pointer dereference",
        "description": "dereference failure: pointer NULL in *num_preissue",
        "expression": "!(__CPROVER_POINTER_OBJECT(((uint32_t *)NULL)) == __CPROVER_POINTER_OBJECT(num_preissue))",
        "location": {
          "file": "cbmc/proofs/supervisor_get_scheduled_commands/supervisor_get_scheduled_commands_harness.c",
          "function": "command_table_init",
          "line": 67
        }
      },
      "command_table_init.pointer_dereference.14": {
        "class": "pointer dereference",
        "description": "dereference failure: pointer invalid in *num_preissue",
        "expression": "!IS_INVALID_POINTER(num_preissue)",
        "location": {
          "file": "cbmc/proofs/supervisor_get_scheduled_commands/supervisor_get_scheduled_commands_harness.c",
          "function": "command_table_init",
          "line": 67
        }
      },
      "command_table_init.pointer_dereference.15": {
        "class": "pointer dereference",
        "description": "dereference failure: deallocated dynamic object in *num_preissue",
        "expression": "!(__CPROVER_POINTER_OBJECT(num_preissue) == __CPROVER_POINTER_OBJECT(__CPROVER_deallocated))",
        "location": {
          "file": "cbmc/proofs/supervisor_get_scheduled_commands/supervisor_get_scheduled_commands_harness.c",
          "function": "command_table_init",
          "line": 67
        }
      },
      "command_table_init.pointer_dereference.16": {
        "class": "pointer dereference",
        "description": "dereference failure: dead object in *num_preissue",
        "expression": "!(__CPROVER_POINTER_OBJECT(num_preissue) == __CPROVER_POINTER_OBJECT(__CPROVER_dead_object))",
        "location": {
          "file": "cbmc/proofs/supervisor_get_scheduled_commands/supervisor_get_scheduled_commands_harness.c",
          "function": "command_table_init",
          "line": 67
        }
      },
      "command_table_init.pointer_dereference.17": {
        "class": "pointer dereference",
        "description": "dereference failure: pointer outside object bounds in *num_preissue",
        "expression": "(unsigned __CPROVER_bitvector[65])__CPROVER_OBJECT_SIZE(num_preissue) >= (unsigned __CPROVER_bitvector[65])__CPROVER_POINTER_OFFSET(num_preissue) + 4",
        "location": {
          "file": "cbmc/proofs/supervisor_get_scheduled_commands/supervisor_get_scheduled_commands_harness.c",
          "function": "command_table_init",
          "line": 67
        }
      },
      "command_table_init.pointer_dereference.18": {
        "class": "pointer dereference",
        "description": "dereference failure: invalid integer address in *num_preissue",
        "expression": "!(__CPROVER_POINTER_OBJECT(((uint32_t *)NULL)) == __CPROVER_POINTER_OBJECT(num_preissue)) || num_preissue == ((uint32_t *)NULL)",
        "location": {
          "file": "cbmc/proofs/supervisor_get_scheduled_commands/supervisor_get_scheduled_commands_harness.c",
          "function": "command_table_init",
          "line": 67
        }
      },
      "command_table_init.pointer_dereference.2": {
        "class": "pointer dereference",
        "description": "dereference failure: pointer invalid in *num_pending",
        "expression": "!IS_INVALID_POINTER(num_pending)",
        "location": {
          "file": "cbmc/proofs/supervisor_get_scheduled_commands/supervisor_get_scheduled_commands_harness.c",
          "function": "command_table_init",
          "line": 65
        }
      },
      "command_table_init.pointer_dereference.3": {
        "class": "pointer dereference",
        "description": "dereference failure: deallocated dynamic object in *num_pending",
        "expression": "!(__CPROVER_POINTER_OBJECT(num_pending) == __CPROVER_POINTER_OBJECT(__CPROVER_deallocated))",
        "location": {
          "file": "cbmc/proofs/supervisor_get_scheduled_commands/supervisor_get_scheduled_commands_harness.c",
          "function": "command_table_init",
          "line": 65
        }
      },
      "command_table_init.pointer_dereference.4": {
        "class": "pointer dereference",
        "description": "dereference failure: dead object in *num_pending",
        "expression": "!(__CPROVER_POINTER_OBJECT(num_pending) == __CPROVER_POINTER_OBJECT(__CPROVER_dead_object))",
        "location": {
          "file": "cbmc/proofs/supervisor_get_scheduled_commands/supervisor_get_scheduled_commands_harness.c",
          "function": "command_table_init",
          "line": 65
        }
      },
      "command_table_init.pointer_dereference.5": {
        "class": "pointer dereference",
        "description": "dereference failure: pointer outside object bounds in *num_pending",
        "expression": "(unsigned __CPROVER_bitvector[65])__CPROVER_OBJECT_SIZE(num_pending) >= (unsigned __CPROVER_bitvector[65])__CPROVER_POINTER_OFFSET(num_pending) + 4",
        "location": {
          "file": "cbmc/proofs/supervisor_get_scheduled_commands/supervisor_get_scheduled_commands_harness.c",
          "function": "command_table_init",
          "line": 65
        }
      },
      "command_table_init.pointer_dereference.6": {
        "class": "pointer dereference",
        "description": "dereference failure: invalid integer address in *num_pending",
        "expression": "!(__CPROVER_POINTER_OBJECT(((uint32_t *)NULL)) == __CPROVER_POINTER_OBJECT(num_pending)) || num_pending == ((uint32_t *)NULL)",
        "location": {
          "file": "cbmc/proofs/supervisor_get_scheduled_commands/supervisor_get_scheduled_commands_harness.c",
          "function": "command_table_init",
          "line": 65
        }
      },
      "command_table_init.pointer_dereference.7": {
        "class": "pointer dereference",
        "description": "dereference failure: pointer NULL in *num_ts_zero",
        "expression": "!(__CPROVER_POINTER_OBJECT(((uint32_t *)NULL)) == __CPROVER_POINTER_OBJECT(num_ts_zero))",
        "location": {
          "file": "cbmc/proofs/supervisor_get_scheduled_commands/supervisor_get_scheduled_commands_harness.c",
          "function": "command_table_init",
          "line": 66
        }
      },
      "command_table_init.pointer_dereference.8": {
        "class": "pointer dereference",
        "description": "dereference failure: pointer invalid in *num_ts_zero",
        "expression": "!IS_INVALID_POINTER(num_ts_zero)",
        "location": {
          "file": "cbmc/proofs/supervisor_get_scheduled_commands/supervisor_get_scheduled_commands_harness.c",
          "function": "command_table_init",
          "line": 66
        }
      },
      "command_table_init.pointer_dereference.9": {
        "class": "pointer dereference",
        "description": "dereference failure: deallocated dynamic object in *num_ts_zero",
        "expression": "!(__CPROVER_POINTER_OBJECT(num_ts_zero) == __CPROVER_POINTER_OBJECT(__CPROVER_deallocated))",
        "location": {
          "file": "cbmc/proofs/supervisor_get_scheduled_commands/supervisor_get_scheduled_commands_harness.c",
          "function": "command_table_init",
          "line": 66
        }
      },
      "get_preissue_timestamp.array_bounds.1": {
        "class": "array bounds",
        "description": "array 'preissue_ts_lookup_table' upper bound in preissue_ts_lookup_table[(signed long int)index]",
        "expression": "!((signed long int)index >= 10l)",
        "location": {
          "file": "cbmc/proofs/supervisor_get_scheduled_commands/supervisor_get_scheduled_commands_harness.c",
          "function": "get_preissue_timestamp",
          "line": 77
        }
      },
      "get_preissue_timestamp.assertion.1": {
        "class": "assertion",
        "description": "assertion index >= 0 && index < CMDTAB_MAX_ATOMIC_COMMANDS",
        "expression": "index >= (unsigned long int)0 && index < (unsigned long int)10",
        "location": {
          "file": "cbmc/proofs/supervisor_get_scheduled_commands/supervisor_get_scheduled_commands_harness.c",
          "function": "get_preissue_timestamp",
          "line": 76
        }
      },
      "get_preissue_timestamp.overflow.1": {
        "class": "overflow",
        "description": "arithmetic overflow on signed - in command - base_ptr",
        "expression": "!overflow(\"-\", struct gds_atomic_command_t *, command, base_ptr)",
        "location": {
          "file": "cbmc/proofs/supervisor_get_scheduled_commands/supervisor_get_scheduled_commands_harness.c",
          "function": "get_preissue_timestamp",
          "line": 74
        }
      },
      "get_preissue_timestamp.overflow.2": {
        "class": "overflow",
        "description": "arithmetic overflow on signed to unsigned type conversion in (uint64_t)(command - base_ptr)",
        "expression": "command - base_ptr >= 0l",
        "location": {
          "file": "cbmc/proofs/supervisor_get_scheduled_commands/supervisor_get_scheduled_commands_harness.c",
          "function": "get_preissue_timestamp",
          "line": 74
        }
      },
      "get_preissue_timestamp.overflow.3": {
        "class": "overflow",
        "description": "arithmetic overflow on unsigned to signed type conversion in (signed long int)index",
        "expression": "!(index >= 9223372036854775808ul)",
        "location": {
          "file": "cbmc/proofs/supervisor_get_scheduled_commands/supervisor_get_scheduled_commands_harness.c",
          "function": "get_preissue_timestamp",
          "line": 77
        }
      },
      "get_preissue_timestamp.pointer.1": {
        "class": "pointer",
        "description": "same object violation in command - base_ptr",
        "expression": "__CPROVER_POINTER_OBJECT(command) == __CPROVER_POINTER_OBJECT(base_ptr)",
        "location": {
          "file": "cbmc/proofs/supervisor_get_scheduled_commands/supervisor_get_scheduled_commands_harness.c",
          "function": "get_preissue_timestamp",
          "line": 74
        }
      },
      "get_preissue_timestamp.pointer_arithmetic.1": {
        "class": "pointer arithmetic",
        "description": "pointer relation: pointer NULL in command",
        "expression": "!(__CPROVER_POINTER_OBJECT(((struct gds_atomic_command_t *)NULL)) == __CPROVER_POINTER_OBJECT(command))",
        "location": {
          "file": "cbmc/proofs/supervisor_get_scheduled_commands/supervisor_get_scheduled_commands_harness.c",
          "function": "get_preissue_timestamp",
          "line": 74
        }
      },
      "get_preissue_timestamp.pointer_arithmetic.10": {
        "class": "pointer arithmetic",
        "description": "pointer relation: dead object in base_ptr",
        "expression": "!(__CPROVER_POINTER_OBJECT(base_ptr) == __CPROVER_POINTER_OBJECT(__CPROVER_dead_object))",
        "location": {
          "file": "cbmc/proofs/supervisor_get_scheduled_commands/supervisor_get_scheduled_commands_harness.c",
          "function": "get_preissue_timestamp",
          "line": 74
        }
      },
      "get_preissue_timestamp.pointer_arithmetic.11": {
        "class": "pointer arithmetic",
        "description": "pointer relation: pointer outside object bounds in base_ptr",
        "expression": "(unsigned __CPROVER_bitvector[65])__CPROVER_OBJECT_SIZE(base_ptr) >= (unsigned __CPROVER_bitvector[65])__CPROVER_POINTER_OFFSET(base_ptr)",
        "location": {
          "file": "cbmc/proofs/supervisor_get_scheduled_commands/supervisor_get_scheduled_commands_harness.c",
          "function": "get_preissue_timestamp",
          "line": 74
        }
      },
      "get_preissue_timestamp.pointer_arithmetic.12": {
        "class": "pointer arithmetic",
        "description": "pointer relation: invalid integer address in base_ptr",
        "expression": "!(__CPROVER_POINTER_OBJECT(((struct gds_atomic_command_t *)NULL)) == __CPROVER_POINTER_OBJECT(base_ptr)) || base_ptr == ((struct gds_atomic_command_t *)NULL)",
        "location": {
          "file": "cbmc/proofs/supervisor_get_scheduled_commands/supervisor_get_scheduled_commands_harness.c",
          "function": "get_preissue_timestamp",
          "line": 74
        }
      },
      "get_preissue_timestamp.pointer_arithmetic.2": {
        "class": "pointer arithmetic",
        "description": "pointer relation: pointer invalid in command",
        "expression": "!IS_INVALID_POINTER(command)",
        "location": {
          "file": "cbmc/proofs/supervisor_get_scheduled_commands/supervisor_get_scheduled_commands_harness.c",
          "function": "get_preissue_timestamp",
          "line": 74
        }
      },
      "get_preissue_timestamp.pointer_arithmetic.3": {
        "class": "pointer arithmetic",
        "description": "pointer relation: deallocated dynamic object in command",
        "expression": "!(__CPROVER_POINTER_OBJECT(command) == __CPROVER_POINTER_OBJECT(__CPROVER_deallocated))",
        "location": {
          "file": "cbmc/proofs/supervisor_get_scheduled_commands/supervisor_get_scheduled_commands_harness.c",
          "function": "get_preissue_timestamp",
          "line": 74
        }
      },
      "get_preissue_timestamp.pointer_arithmetic.4": {
        "class": "pointer arithmetic",
        "description": "pointer relation: dead object in command",
        "expression": "!(__CPROVER_POINTER_OBJECT(command) == __CPROVER_POINTER_OBJECT(__CPROVER_dead_object))",
        "location": {
          "file": "cbmc/proofs/supervisor_get_scheduled_commands/supervisor_get_scheduled_commands_harness.c",
          "function": "get_preissue_timestamp",
          "line": 74
        }
      },
      "get_preissue_timestamp.pointer_arithmetic.5": {
        "class": "pointer arithmetic",
        "description": "pointer relation: pointer outside object bounds in command",
        "expression": "(unsigned __CPROVER_bitvector[65])__CPROVER_OBJECT_SIZE(command) >= (unsigned __CPROVER_bitvector[65])__CPROVER_POINTER_OFFSET(command)",
        "location": {
          "file": "cbmc/proofs/supervisor_get_scheduled_commands/supervisor_get_scheduled_commands_harness.c",
          "function": "get_preissue_timestamp",
          "line": 74
        }
      },
      "get_preissue_timestamp.pointer_arithmetic.6": {
        "class": "pointer arithmetic",
        "description": "pointer relation: invalid integer address in command",
        "expression": "!(__CPROVER_POINTER_OBJECT(((struct gds_atomic_command_t *)NULL)) == __CPROVER_POINTER_OBJECT(command)) || command == ((struct gds_atomic_command_t *)NULL)",
        "location": {
          "file": "cbmc/proofs/supervisor_get_scheduled_commands/supervisor_get_scheduled_commands_harness.c",
          "function": "get_preissue_timestamp",
          "line": 74
        }
      },
      "get_preissue_timestamp.pointer_arithmetic.7": {
        "class": "pointer arithmetic",
        "description": "pointer relation: pointer NULL in base_ptr",
        "expression": "!(__CPROVER_POINTER_OBJECT(((struct gds_atomic_command_t *)NULL)) == __CPROVER_POINTER_OBJECT(base_ptr))",
        "location": {
          "file": "cbmc/proofs/supervisor_get_scheduled_commands/supervisor_get_scheduled_commands_harness.c",
          "function": "get_preissue_timestamp",
          "line": 74
        }
      },
      "get_preissue_timestamp.pointer_arithmetic.8": {
        "class": "pointer arithmetic",
        "description": "pointer relation: pointer invalid in base_ptr",
        "expression": "!IS_INVALID_POINTER(base_ptr)",
        "location": {
          "file": "cbmc/proofs/supervisor_get_scheduled_commands/supervisor_get_scheduled_commands_harness.c",
          "function": "get_preissue_timestamp",
          "line": 74
        }
      },
      "get_preissue_timestamp.pointer_arithmetic.9": {
        "class": "pointer arithmetic",
        "description": "pointer relation: deallocated dynamic object in base_ptr",
        "expression": "!(__CPROVER_POINTER_OBJECT(base_ptr) == __CPROVER_POINTER_OBJECT(__CPROVER_deallocated))",
        "location": {
          "file": "cbmc/proofs/supervisor_get_scheduled_commands/supervisor_get_scheduled_commands_harness.c",
          "function": "get_preissue_timestamp",
          "line": 74
        }
      },
      "harness.array_bounds.1": {
        "class": "array bounds",
        "description": "array 'command_table'.commands lower bound in command_table.commands[(signed long int)i]",
        "expression": "8l + (signed long int)i * 664l >= 0l",
        "location": {
          "file": "cbmc/proofs/supervisor_get_scheduled_commands/supervisor_get_scheduled_commands_harness.c",
          "function": "harness",
          "line": 120
        }
      },
      "harness.array_bounds.2": {
        "class": "array bounds",
        "description": "array 'command_table'.commands upper bound in command_table.commands[(signed long int)i]",
        "expression": "!((signed long int)i >= 10l)",
        "location": {
          "file": "cbmc/proofs/supervisor_get_scheduled_commands/supervisor_get_scheduled_commands_harness.c",
          "function": "harness",
          "line": 120
        }
      },
      "harness.assertion.1": {
        "class": "assertion",
        "description": "assertion cnt == num_ts_zero",
        "expression": "(unsigned int)cnt == num_ts_zero",
        "location": {
          "file": "cbmc/proofs/supervisor_get_scheduled_commands/supervisor_get_scheduled_commands_harness.c",
          "function": "harness",
          "line": 110
        }
      },
      "harness.assertion.2": {
        "class": "assertion",
        "description": "assertion ts_cnt >= 0 && ts_cnt <= num_pending - num_ts_zero",
        "expression": "ts_cnt >= 0 && (unsigned int)ts_cnt <= num_pending - num_ts_zero",
        "location": {
          "file": "cbmc/proofs/supervisor_get_scheduled_commands/supervisor_get_scheduled_commands_harness.c",
          "function": "harness",
          "line": 111
        }
      },
      "harness.assertion.3": {
        "class": "assertion",
        "description": "assertion ts_cnt == num_preissue",
        "expression": "(unsigned int)ts_cnt == num_preissue",
        "location": {
          "file": "cbmc/proofs/supervisor_get_scheduled_commands/supervisor_get_scheduled_commands_harness.c",
          "function": "harness",
          "line": 112
        }
      },
      "harness.assertion.4": {
        "class": "assertion",
        "description": "assertion ts_cnt + cnt <= num_pending",
        "expression": "(unsigned int)(ts_cnt + cnt) <= num_pending",
        "location": {
          "file": "cbmc/proofs/supervisor_get_scheduled_commands/supervisor_get_scheduled_commands_harness.c",
          "function": "harness",
          "line": 113
        }
      },
      "harness.assertion.5": {
        "class": "assertion",
        "description": "assertion __CPROVER_same_object(&command_table.commands[i], &scheduled_commands[ts_zero_index])",
        "expression": "__CPROVER_POINTER_OBJECT((const void *)&command_table.commands[(signed long int)i]) == __CPROVER_POINTER_OBJECT((const void *)&scheduled_commands[(signed long int)ts_zero_index])",
        "location": {
          "file": "cbmc/proofs/supervisor_get_scheduled_commands/supervisor_get_scheduled_commands_harness.c",
          "function": "harness",
          "line": 122
        }
      },
      "harness.assertion.6": {
        "class": "assertion",
        "description": "assertion __CPROVER_same_object(&command_table.commands[i], &scheduled_ts_commands[preissue_index])",
        "expression": "__CPROVER_POINTER_OBJECT((const void *)&command_table.commands[(signed long int)i]) == __CPROVER_POINTER_OBJECT((const void *)&scheduled_ts_commands[(signed long int)preissue_index])",
        "location": {
          "file": "cbmc/proofs/supervisor_get_scheduled_commands/supervisor_get_scheduled_commands_harness.c",
          "function": "harness",
          "line": 125
        }
      },
      "harness.assertion.7": {
        "class": "assertion",
        "description": "assertion ts_zero_index == cnt",
        "expression": "ts_zero_index == cnt",
        "location": {
          "file": "cbmc/proofs/supervisor_get_scheduled_commands/supervisor_get_scheduled_commands_harness.c",
          "function": "harness",
          "line": 132
        }
      },
      "harness.assertion.8": {
        "class": "assertion",
        "description": "assertion preissue_index == ts_cnt",
        "expression": "preissue_index == ts_cnt",
        "location": {
          "file": "cbmc/proofs/supervisor_get_scheduled_commands/supervisor_get_scheduled_commands_harness.c",
          "function": "harness",
          "line": 133
        }
      },
      "harness.overflow.1": {
        "class": "overflow",
        "description": "arithmetic overflow on signed to unsigned type conversion in (unsigned int)cnt",
        "expression": "cnt >= 0",
        "location": {
          "file": "cbmc/proofs/supervisor_get_scheduled_commands/supervisor_get_scheduled_commands_harness.c",
          "function": "harness",
          "line": 110
        }
      },
      "harness.overflow.2": {
        "class": "overflow",
        "description": "arithmetic overflow on signed to unsigned type conversion in (unsigned int)ts_cnt",
        "expression": "ts_cnt >= 0 ==> ts_cnt >= 0",
        "location": {
          "file": "cbmc/proofs/supervisor_get_scheduled_commands/supervisor_get_scheduled_commands_harness.c",
          "function": "harness",
          "line": 111
        }
      },
      "harness.overflow.3": {
        "class": "overflow",
        "description": "arithmetic overflow on unsigned - in num_pending - num_ts_zero",
        "expression": "ts_cnt >= 0 ==> !overflow(\"-\", uint32_t, num_pending, num_ts_zero)",
        "location": {
          "file": "cbmc/proofs/supervisor_get_scheduled_commands/supervisor_get_scheduled_commands_harness.c",
          "function": "harness",
          "line": 111
        }
      },
      "harness.overflow.4": {
        "class": "overflow",
        "description": "arithmetic overflow on signed to unsigned type conversion in (unsigned int)ts_cnt",
        "expression": "ts_cnt >= 0",
        "location": {
          "file": "cbmc/proofs/supervisor_get_scheduled_commands/supervisor_get_scheduled_commands_harness.c",
          "function": "harness",
          "line": 112
        }
      },
      "harness.overflow.5": {
        "class": "overflow",
        "description": "arithmetic overflow on signed + in ts_cnt + cnt",
        "expression": "!overflow(\"+\", signed int, ts_cnt, cnt)",
        "location": {
          "file": "cbmc/proofs/supervisor_get_scheduled_commands/supervisor_get_scheduled_commands_harness.c",
          "function": "harness",
          "line": 113
        }
      },
      "harness.overflow.6": {
        "class": "overflow",
        "description": "arithmetic overflow on signed to unsigned type conversion in (unsigned int)(ts_cnt + cnt)",
        "expression": "ts_cnt + cnt >= 0",
        "location": {
          "file": "cbmc/proofs/supervisor_get_scheduled_commands/supervisor_get_scheduled_commands_harness.c",
          "function": "harness",
          "line": 113
        }
      },
      "harness.overflow.7": {
        "class": "overflow",
        "description": "arithmetic overflow on signed + in ts_zero_index + 1",
        "expression": "!overflow(\"+\", signed int, ts_zero_index, 1)",
        "location": {
          "file": "cbmc/proofs/supervisor_get_scheduled_commands/supervisor_get_scheduled_commands_harness.c",
          "function": "harness",
          "line": 123
        }
      },
      "harness.overflow.8": {
        "class": "overflow",
        "description": "arithmetic overflow on signed + in preissue_index + 1",
        "expression": "!overflow(\"+\", signed int, preissue_index, 1)",
        "location": {
          "file": "cbmc/proofs/supervisor_get_scheduled_commands/supervisor_get_scheduled_commands_harness.c",
          "function": "harness",
          "line": 126
        }
      },
      "harness.overflow.9": {
        "class": "overflow",
        "description": "arithmetic overflow on signed + in i + 1",
        "expression": "!overflow(\"+\", signed int, i, 1)",
        "location": {
          "file": "cbmc/proofs/supervisor_get_scheduled_commands/supervisor_get_scheduled_commands_harness.c",
          "function": "harness",
          "line": 119
        }
      },
      "supervisor_get_scheduled_commands.array_bounds.1": {
        "class": "array bounds",
        "description": "array 'command_table'.commands lower bound in command_table.commands[(signed long int)i]",
        "expression": "8l + (signed long int)i * 664l >= 0l",
        "location": {
          "file": "src/cassis_launcher.c",
          "function": "supervisor_get_scheduled_commands",
          "line": 1521
        }
      },
      "supervisor_get_scheduled_commands.array_bounds.2": {
        "class": "array bounds",
        "description": "array 'command_table'.commands upper bound in command_table.commands[(signed long int)i]",
        "expression": "!((signed long int)i >= 10l)",
        "location": {
          "file": "src/cassis_launcher.c",
          "function": "supervisor_get_scheduled_commands",
          "line": 1521
        }
      },
      "supervisor_get_scheduled_commands.array_bounds.3": {
        "class": "array bounds",
        "description": "array 'command_table'.commands lower bound in command_table.commands[(signed long int)i]",
        "expression": "8l + (signed long int)i * 664l >= 0l",
        "location": {
          "file": "src/cassis_launcher.c",
          "function": "supervisor_get_scheduled_commands",
          "line": 1524
        }
      },
      "supervisor_get_scheduled_commands.array_bounds.4": {
        "class": "array bounds",
        "description": "array 'command_table'.commands upper bound in command_table.commands[(signed long int)i]",
        "expression": "!((signed long int)i >= 10l)",
        "location": {
          "file": "src/cassis_launcher.c",
          "function": "supervisor_get_scheduled_commands",
          "line": 1524
        }
      },
      "supervisor_get_scheduled_commands.overflow.1": {
        "class": "overflow",
        "description": "arithmetic overflow on signed + in _cnt + 1",
        "expression": "!overflow(\"+\", signed int, _cnt, 1)",
        "location": {
          "file": "src/cassis_launcher.c",
          "function": "supervisor_get_scheduled_commands",
          "line": 1526
        }
      },
      "supervisor_get_scheduled_commands.overflow.2": {
        "class": "overflow",
        "description": "arithmetic overflow on signed * in (signed long int)tmp_post__cnt * (signed long int)8ul",
        "expression": "!overflow(\"*\", signed long int, (signed long int)tmp_post__cnt, 8l)",
        "location": {
          "file": "src/cassis_launcher.c",
          "function": "supervisor_get_scheduled_commands",
          "line": 1526
        }
      },
      "supervisor_get_scheduled_commands.overflow.3": {
        "class": "overflow",
        "description": "arithmetic overflow on signed + in _tscnt + 1",
        "expression": "!overflow(\"+\", signed int, _tscnt, 1)",
        "location": {
          "file": "src/cassis_launcher.c",
          "function": "supervisor_get_scheduled_commands",
          "line": 1530
        }
      },
      "supervisor_get_scheduled_commands.overflow.4": {
        "class": "overflow",
        "description": "arithmetic overflow on signed * in (signed long int)tmp_post__tscnt * (signed long int)8ul",
        "expression": "!overflow(\"*\", signed long int, (signed long int)tmp_post__tscnt, 8l)",
        "location": {
          "file": "src/cassis_launcher.c",
          "function": "supervisor_get_scheduled_commands",
          "line": 1530
        }
      },
      "supervisor_get_scheduled_commands.overflow.5": {
        "class": "overflow",
        "description": "arithmetic overflow on signed + in i + 1",
        "expression": "!overflow(\"+\", signed int, i, 1)",
        "location": {
          "file": "src/cassis_launcher.c",
          "function": "supervisor_get_scheduled_commands",
          "line": 1519
        }
      },
      "supervisor_get_scheduled_commands.pointer_arithmetic.1": {
        "class": "pointer arithmetic",
        "description": "pointer arithmetic: pointer NULL in command + (signed long int)tmp_post__cnt",
        "expression": "!(__CPROVER_POINTER_OBJECT(((struct gds_atomic_command_t **)NULL)) == __CPROVER_POINTER_OBJECT(command))",
        "location": {
          "file": "src/cassis_launcher.c",
          "function": "supervisor_get_scheduled_commands",
          "line": 1526
        }
      },
      "supervisor_get_scheduled_commands.pointer_arithmetic.10": {
        "class": "pointer arithmetic",
        "description": "pointer arithmetic: dead object in ts_command + (signed long int)tmp_post__tscnt",
        "expression": "!(__CPROVER_POINTER_OBJECT(ts_command) == __CPROVER_POINTER_OBJECT(__CPROVER_dead_object))",
        "location": {
          "file": "src/cassis_launcher.c",
          "function": "supervisor_get_scheduled_commands",
          "line": 1530
        }
      },
      "supervisor_get_scheduled_commands.pointer_arithmetic.11": {
        "class": "pointer arithmetic",
        "description": "pointer arithmetic: pointer outside object bounds in ts_command + (signed long int)tmp_post__tscnt",
        "expression": "(unsigned __CPROVER_bitvector[65])__CPROVER_OBJECT_SIZE(ts_command) >= (unsigned __CPROVER_bitvector[65])(__CPROVER_POINTER_OFFSET(ts_command) + (unsigned long int)(signed long int)tmp_post__tscnt * 8ul)",
        "location": {
          "file": "src/cassis_launcher.c",
          "function": "supervisor_get_scheduled_commands",
          "line": 1530
        }
      },
      "supervisor_get_scheduled_commands.pointer_arithmetic.12": {
        "class": "pointer arithmetic",
        "description": "pointer arithmetic: invalid integer address in ts_command + (signed long int)tmp_post__tscnt",
        "expression": "!(__CPROVER_POINTER_OBJECT(((struct gds_atomic_command_t **)NULL)) == __CPROVER_POINTER_OBJECT(ts_command)) || ts_command + (signed long int)tmp_post__tscnt == ((struct gds_atomic_command_t **)NULL)",
        "location": {
          "file": "src/cassis_launcher.c",
          "function": "supervisor_get_scheduled_commands",
          "line": 1530
        }
      },
      "supervisor_get_scheduled_commands.pointer_arithmetic.2": {
        "class": "pointer arithmetic",
        "description": "pointer arithmetic: pointer invalid in command + (signed long int)tmp_post__cnt",
        "expression": "!IS_INVALID_POINTER(command)",
        "location": {
          "file": "src/cassis_launcher.c",
          "function": "supervisor_get_scheduled_commands",
          "line": 1526
        }
      },
      "supervisor_get_scheduled_commands.pointer_arithmetic.3": {
        "class": "pointer arithmetic",
        "description": "pointer arithmetic: deallocated dynamic object in command + (signed long int)tmp_post__cnt",
        "expression": "!(__CPROVER_POINTER_OBJECT(command) == __CPROVER_POINTER_OBJECT(__CPROVER_deallocated))",
        "location": {
          "file": "src/cassis_launcher.c",
          "function": "supervisor_get_scheduled_commands",
          "line": 1526
        }
      },
      "supervisor_get_scheduled_commands.pointer_arithmetic.4": {
        "class": "pointer arithmetic",
        "description": "pointer arithmetic: dead object in command + (signed long int)tmp_post__cnt",
        "expression": "!(__CPROVER_POINTER_OBJECT(command) == __CPROVER_POINTER_OBJECT(__CPROVER_dead_object))",
        "location": {
          "file": "src/cassis_launcher.c",
          "function": "supervisor_get_scheduled_commands",
          "line": 1526
        }
      },
      "supervisor_get_scheduled_commands.pointer_arithmetic.5": {
        "class": "pointer arithmetic",
        "description": "pointer arithmetic: pointer outside object bounds in command + (signed long int)tmp_post__cnt",
        "expression": "(unsigned __CPROVER_bitvector[65])__CPROVER_OBJECT_SIZE(command) >= (unsigned __CPROVER_bitvector[65])(__CPROVER_POINTER_OFFSET(command) + (unsigned long int)(signed long int)tmp_post__cnt * 8ul)",
        "location": {
          "file": "src/cassis_launcher.c",
          "function": "supervisor_get_scheduled_commands",
          "line": 1526
        }
      },
      "supervisor_get_scheduled_commands.pointer_arithmetic.6": {
        "class": "pointer arithmetic",
        "description": "pointer arithmetic: invalid integer address in command + (signed long int)tmp_post__cnt",
        "expression": "!(__CPROVER_POINTER_OBJECT(((struct gds_atomic_command_t **)NULL)) == __CPROVER_POINTER_OBJECT(command)) || command + (signed long int)tmp_post__cnt == ((struct gds_atomic_command_t **)NULL)",
        "location": {
          "file": "src/cassis_launcher.c",
          "function": "supervisor_get_scheduled_commands",
          "line": 1526
        }
      },
      "supervisor_get_scheduled_commands.pointer_arithmetic.7": {
        "class": "pointer arithmetic",
        "description": "pointer arithmetic: pointer NULL in ts_command + (signed long int)tmp_post__tscnt",
        "expression": "!(__CPROVER_POINTER_OBJECT(((struct gds_atomic_command_t **)NULL)) == __CPROVER_POINTER_OBJECT(ts_command))",
        "location": {
          "file": "src/cassis_launcher.c",
          "function": "supervisor_get_scheduled_commands",
          "line": 1530
        }
      },
      "supervisor_get_scheduled_commands.pointer_arithmetic.8": {
        "class": "pointer arithmetic",
        "description": "pointer arithmetic: pointer invalid in ts_command + (signed long int)tmp_post__tscnt",
        "expression": "!IS_INVALID_POINTER(ts_command)",
        "location": {
          "file": "src/cassis_launcher.c",
          "function": "supervisor_get_scheduled_commands",
          "line": 1530
        }
      },
      "supervisor_get_scheduled_commands.pointer_arithmetic.9": {
        "class": "pointer arithmetic",
        "description": "pointer arithmetic: deallocated dynamic object in ts_command + (signed long int)tmp_post__tscnt",
        "expression": "!(__CPROVER_POINTER_OBJECT(ts_command) == __CPROVER_POINTER_OBJECT(__CPROVER_deallocated))",
        "location": {
          "file": "src/cassis_launcher.c",
          "function": "supervisor_get_scheduled_commands",
          "line": 1530
        }
      },
      "supervisor_get_scheduled_commands.pointer_dereference.1": {
        "class": "pointer dereference",
        "description": "dereference failure: pointer NULL in command[(signed long int)tmp_post__cnt]",
        "expression": "!(__CPROVER_POINTER_OBJECT(((struct gds_atomic_command_t **)NULL)) == __CPROVER_POINTER_OBJECT(command))",
        "location": {
          "file": "src/cassis_launcher.c",
          "function": "supervisor_get_scheduled_commands",
          "line": 1526
        }
      },
      "supervisor_get_scheduled_commands.pointer_dereference.10": {
        "class": "pointer dereference",
        "description": "dereference failure: dead object in ts_command[(signed long int)tmp_post__tscnt]",
        "expression": "!(__CPROVER_POINTER_OBJECT(ts_command) == __CPROVER_POINTER_OBJECT(__CPROVER_dead_object))",
        "location": {
          "file": "src/cassis_launcher.c",
          "function": "supervisor_get_scheduled_commands",
          "line": 1530
        }
      },
      "supervisor_get_scheduled_commands.pointer_dereference.11": {
        "class": "pointer dereference",
        "description": "dereference failure: pointer outside object bounds in ts_command[(signed long int)tmp_post__tscnt]",
        "expression": "(unsigned __CPROVER_bitvector[65])__CPROVER_OBJECT_SIZE(ts_command) >= (unsigned __CPROVER_bitvector[65])(__CPROVER_POINTER_OFFSET(ts_command) + (unsigned long int)(signed long int)tmp_post__tscnt * 8ul) + 8",
        "location": {
          "file": "src/cassis_launcher.c",
          "function": "supervisor_get_scheduled_commands",
          "line": 1530
        }
      },
      "supervisor_get_scheduled_commands.pointer_dereference.12": {
        "class": "pointer dereference",
        "description": "dereference failure: invalid integer address in ts_command[(signed long int)tmp_post__tscnt]",
        "expression": "!(__CPROVER_POINTER_OBJECT(((struct gds_atomic_command_t **)NULL)) == __CPROVER_POINTER_OBJECT(ts_command)) || ts_command + (signed long int)tmp_post__tscnt == ((struct gds_atomic_command_t **)NULL)",
        "location": {
          "file": "src/cassis_launcher.c",
          "function": "supervisor_get_scheduled_commands",
          "line": 1530
        }
      },
      "supervisor_get_scheduled_commands.pointer_dereference.13": {
        "class": "pointer dereference",
        "description": "dereference failure: pointer NULL in *ts_cnt",
        "expression": "!(__CPROVER_POINTER_OBJECT(((signed int *)NULL)) == __CPROVER_POINTER_OBJECT(ts_cnt))",
        "location": {
          "file": "src/cassis_launcher.c",
          "function": "supervisor_get_scheduled_commands",
          "line": 1535
        }
      },
      "supervisor_get_scheduled_commands.pointer_dereference.14": {
        "class": "pointer dereference",
        "description": "dereference failure: pointer invalid in *ts_cnt",
        "expression": "!IS_INVALID_POINTER(ts_cnt)",
        "location": {
          "file": "src/cassis_launcher.c",
          "function": "supervisor_get_scheduled_commands",
          "line": 1535
        }
      },
      "supervisor_get_scheduled_commands.pointer_dereference.15": {
        "class": "pointer dereference",
        "description": "dereference failure: deallocated dynamic object in *ts_cnt",
        "expression": "!(__CPROVER_POINTER_OBJECT(ts_cnt) == __CPROVER_POINTER_OBJECT(__CPROVER_deallocated))",
        "location": {
          "file": "src/cassis_launcher.c",
          "function": "supervisor_get_scheduled_commands",
          "line": 1535
        }
      },
      "supervisor_get_scheduled_commands.pointer_dereference.16": {
        "class": "pointer dereference",
        "description": "dereference failure: dead object in *ts_cnt",
        "expression": "!(__CPROVER_POINTER_OBJECT(ts_cnt) == __CPROVER_POINTER_OBJECT(__CPROVER_dead_object))",
        "location": {
          "file": "src/cassis_launcher.c",
          "function": "supervisor_get_scheduled_commands",
          "line": 1535
        }
      },
      "supervisor_get_scheduled_commands.pointer_dereference.17": {
        "class": "pointer dereference",
        "description": "dereference failure: pointer outside object bounds in *ts_cnt",
        "expression": "(unsigned __CPROVER_bitvector[65])__CPROVER_OBJECT_SIZE(ts_cnt) >= (unsigned __CPROVER_bitvector[65])__CPROVER_POINTER_OFFSET(ts_cnt) + 4",
        "location": {
          "file": "src/cassis_launcher.c",
          "function": "supervisor_get_scheduled_commands",
          "line": 1535
        }
      },
      "supervisor_get_scheduled_commands.pointer_dereference.18": {
        "class": "pointer dereference",
        "description": "dereference failure: invalid integer address in *ts_cnt",
        "expression": "!(__CPROVER_POINTER_OBJECT(((signed int *)NULL)) == __CPROVER_POINTER_OBJECT(ts_cnt)) || ts_cnt == ((signed int *)NULL)",
        "location": {
          "file": "src/cassis_launcher.c",
          "function": "supervisor_get_scheduled_commands",
          "line": 1535
        }
      },
      "supervisor_get_scheduled_commands.pointer_dereference.19": {
        "class": "pointer dereference",
        "description": "dereference failure: pointer NULL in *cnt",
        "expression": "!(__CPROVER_POINTER_OBJECT(((signed int *)NULL)) == __CPROVER_POINTER_OBJECT(cnt))",
        "location": {
          "file": "src/cassis_launcher.c",
          "function": "supervisor_get_scheduled_commands",
          "line": 1536
        }
      },
      "supervisor_get_scheduled_commands.pointer_dereference.2": {
        "class": "pointer dereference",
        "description": "dereference failure: pointer invalid in command[(signed long int)tmp_post__cnt]",
        "expression": "!IS_INVALID_POINTER(command)",
        "location": {
          "file": "src/cassis_launcher.c",
          "function": "supervisor_get_scheduled_commands",
          "line": 1526
        }
      },
      "supervisor_get_scheduled_commands.pointer_dereference.20": {
        "class": "pointer dereference",
        "description": "dereference failure: pointer invalid in *cnt",
        "expression": "!IS_INVALID_POINTER(cnt)",
        "location": {
          "file": "src/cassis_launcher.c",
          "function": "supervisor_get_scheduled_commands",
          "line": 1536
        }
      },
      "supervisor_get_scheduled_commands.pointer_dereference.21": {
        "class": "pointer dereference",
        "description": "dereference failure: deallocated dynamic object in *cnt",
        "expression": "!(__CPROVER_POINTER_OBJECT(cnt) == __CPROVER_POINTER_OBJECT(__CPROVER_deallocated))",
        "location": {
          "file": "src/cassis_launcher.c",
          "function": "supervisor_get_scheduled_commands",
          "line": 1536
        }
      },
      "supervisor_get_scheduled_commands.pointer_dereference.22": {
        "class": "pointer dereference",
        "description": "dereference failure: dead object in *cnt",
        "expression": "!(__CPROVER_POINTER_OBJECT(cnt) == __CPROVER_POINTER_OBJECT(__CPROVER_dead_object))",
        "location": {
          "file": "src/cassis_launcher.c",
          "function": "supervisor_get_scheduled_commands",
          "line": 1536
        }
      },
      "supervisor_get_scheduled_commands.pointer_dereference.23": {
        "class": "pointer dereference",
        "description": "dereference failure: pointer outside object bounds in *cnt",
        "expression": "(unsigned __CPROVER_bitvector[65])__CPROVER_OBJECT_SIZE(cnt) >= (unsigned __CPROVER_bitvector[65])__CPROVER_POINTER_OFFSET(cnt) + 4",
        "location": {
          "file": "src/cassis_launcher.c",
          "function": "supervisor_get_scheduled_commands",
          "line": 1536
        }
      },
      "supervisor_get_scheduled_commands.pointer_dereference.24": {
        "class": "pointer dereference",
        "description": "dereference failure: invalid integer address in *cnt",
        "expression": "!(__CPROVER_POINTER_OBJECT(((signed int *)NULL)) == __CPROVER_POINTER_OBJECT(cnt)) || cnt == ((signed int *)NULL)",
        "location": {
          "file": "src/cassis_launcher.c",
          "function": "supervisor_get_scheduled_commands",
          "line": 1536
        }
      },
      "supervisor_get_scheduled_commands.pointer_dereference.3": {
        "class": "pointer dereference",
        "description": "dereference failure: deallocated dynamic object in command[(signed long int)tmp_post__cnt]",
        "expression": "!(__CPROVER_POINTER_OBJECT(command) == __CPROVER_POINTER_OBJECT(__CPROVER_deallocated))",
        "location": {
          "file": "src/cassis_launcher.c",
          "function": "supervisor_get_scheduled_commands",
          "line": 1526
        }
      },
      "supervisor_get_scheduled_commands.pointer_dereference.4": {
        "class": "pointer dereference",
        "description": "dereference failure: dead object in command[(signed long int)tmp_post__cnt]",
        "expression": "!(__CPROVER_POINTER_OBJECT(command) == __CPROVER_POINTER_OBJECT(__CPROVER_dead_object))",
        "location": {
          "file": "src/cassis_launcher.c",
          "function": "supervisor_get_scheduled_commands",
          "line": 1526
        }
      },
      "supervisor_get_scheduled_commands.pointer_dereference.5": {
        "class": "pointer dereference",
        "description": "dereference failure: pointer outside object bounds in command[(signed long int)tmp_post__cnt]",
        "expression": "(unsigned __CPROVER_bitvector[65])__CPROVER_OBJECT_SIZE(command) >= (unsigned __CPROVER_bitvector[65])(__CPROVER_POINTER_OFFSET(command) + (unsigned long int)(signed long int)tmp_post__cnt * 8ul) + 8",
        "location": {
          "file": "src/cassis_launcher.c",
          "function": "supervisor_get_scheduled_commands",
          "line": 1526
        }
      },
      "supervisor_get_scheduled_commands.pointer_dereference.6": {
        "class": "pointer dereference",
        "description": "dereference failure: invalid integer address in command[(signed long int)tmp_post__cnt]",
        "expression": "!(__CPROVER_POINTER_OBJECT(((struct gds_atomic_command_t **)NULL)) == __CPROVER_POINTER_OBJECT(command)) || command + (signed long int)tmp_post__cnt == ((struct gds_atomic_command_t **)NULL)",
        "location": {
          "file": "src/cassis_launcher.c",
          "function": "supervisor_get_scheduled_commands",
          "line": 1526
        }
      },
      "supervisor_get_scheduled_commands.pointer_dereference.7": {
        "class": "pointer dereference",
        "description": "dereference failure: pointer NULL in ts_command[(signed long int)tmp_post__tscnt]",
        "expression": "!(__CPROVER_POINTER_OBJECT(((struct gds_atomic_command_t **)NULL)) == __CPROVER_POINTER_OBJECT(ts_command))",
        "location": {
          "file": "src/cassis_launcher.c",
          "function": "supervisor_get_scheduled_commands",
          "line": 1530
        }
      },
      "supervisor_get_scheduled_commands.pointer_dereference.8": {
        "class": "pointer dereference",
        "description": "dereference failure: pointer invalid in ts_command[(signed long int)tmp_post__tscnt]",
        "expression": "!IS_INVALID_POINTER(ts_command)",
        "location": {
          "file": "src/cassis_launcher.c",
          "function": "supervisor_get_scheduled_commands",
          "line": 1530
        }
      },
      "supervisor_get_scheduled_commands.pointer_dereference.9": {
        "class": "pointer dereference",
        "description": "dereference failure: deallocated dynamic object in ts_command[(signed long int)tmp_post__tscnt]",
        "expression": "!(__CPROVER_POINTER_OBJECT(ts_command) == __CPROVER_POINTER_OBJECT(__CPROVER_deallocated))",
        "location": {
          "file": "src/cassis_launcher.c",
          "function": "supervisor_get_scheduled_commands",
          "line": 1530
        }
      }
    }
  }
}
