{
  "viewer-trace": {
    "traces": {
      "generate_md5_digest.pointer_arithmetic.5": [
        {
          "detail": {
            "location": {
              "file": "<built-in-additions>",
              "function": null,
              "line": 24
            },
            "name": "__CPROVER_initialize",
            "name-path": "__CPROVER_initialize"
          },
          "hidden": true,
          "kind": "function-call",
          "location": {
            "file": "MISSING",
            "function": "MISSING",
            "line": 0
          }
        },
        {
          "detail": {
            "location": {
              "file": "<built-in-additions>",
              "function": null,
              "line": 24
            },
            "name": "__CPROVER_initialize",
            "name-path": "__CPROVER_initialize"
          },
          "hidden": true,
          "kind": "function-return",
          "location": {
            "file": "MISSING",
            "function": "MISSING",
            "line": 0
          }
        },
        {
          "detail": {
            "location": {
              "file": "cbmc/proofs/generate_md5_digest/generate_md5_digest_harness.c",
              "function": null,
              "line": 40
            },
            "name": "harness",
            "name-path": "harness"
          },
          "hidden": false,
          "kind": "function-call",
          "location": {
            "file": "cbmc/proofs/generate_md5_digest/generate_md5_digest_harness.c",
            "function": null,
            "line": 40
          }
        },
        {
          "detail": {
            "lhs": "in_len",
            "lhs-lexical-scope": "harness::1::in_len",
            "rhs-binary": "00000000 00000000 00000000 00000010",
            "rhs-value": "2"
          },
          "hidden": false,
          "kind": "variable-assignment",
          "location": {
            "file": "cbmc/proofs/generate_md5_digest/generate_md5_digest_harness.c",
            "function": "harness",
            "line": 45
          }
        },
        {
          "detail": {
            "lhs": "in_buff$array_size",
            "lhs-lexical-scope": "harness::1::in_buff$array_size::in_buff$array_size",
            "rhs-binary": "00000000 00000000 00000000 00000000 00000000 00000000 00000000 00000010",
            "rhs-value": "2ul"
          },
          "hidden": false,
          "kind": "variable-assignment",
          "location": {
            "file": "cbmc/proofs/generate_md5_digest/generate_md5_digest_harness.c",
            "function": "harness",
            "line": 50
          }
        },
        {
          "detail": {
            "lhs": "in_buff",
            "lhs-lexical-scope": "harness::1::in_buff",
            "rhs-binary": null,
            "rhs-value": "in_buff!0@1#1"
          },
          "hidden": false,
          "kind": "variable-assignment",
          "location": {
            "file": "cbmc/proofs/generate_md5_digest/generate_md5_digest_harness.c",
            "function": "harness",
            "line": 50
          }
        },
        {
          "detail": {
            "lhs": "digest",
            "lhs-lexical-scope": "harness::1::digest",
            "rhs-binary": null,
            "rhs-value": "{ 0, 0, 0, 0, 0, 0, 0, 0, 0, 0, 0, 0, 0, 0, 0, 0 }"
          },
          "hidden": false,
          "kind": "variable-assignment",
          "location": {
            "file": "cbmc/proofs/generate_md5_digest/generate_md5_digest_harness.c",
            "function": "harness",
            "line": 51
          }
        },
        {
          "detail": {
            "location": {
              "file": "src/helpers/cassis_utilities.c",
              "function": null,
              "line": 131
            },
            "name": "generate_md5_digest",
            "name-path": "generate_md5_digest"
          },
          "hidden": false,
          "kind": "function-call",
          "location": {
            "file": "cbmc/proofs/generate_md5_digest/generate_md5_digest_harness.c",
            "function": "harness",
            "line": 53
          }
        },
        {
          "detail": {
            "lhs": "in_buff",
            "lhs-lexical-scope": "generate_md5_digest::in_buff",
            "rhs-binary": null,
            "rhs-value": "in_buff!0@1"
          },
          "hidden": false,
          "kind": "parameter-assignment",
          "location": {
            "file": "cbmc/proofs/generate_md5_digest/generate_md5_digest_harness.c",
            "function": "harness",
            "line": 53
          }
        },
        {
          "detail": {
            "lhs": "in_len",
            "lhs-lexical-scope": "generate_md5_digest::in_len",
            "rhs-binary": "00000000 00000000 00000000 00000010",
            "rhs-value": "2"
          },
          "hidden": false,
          "kind": "parameter-assignment",
          "location": {
            "file": "cbmc/proofs/generate_md5_digest/generate_md5_digest_harness.c",
            "function": "harness",
            "line": 53
          }
        },
        {
          "detail": {
            "lhs": "digest",
            "lhs-lexical-scope": "generate_md5_digest::digest",
            "rhs-binary": null,
            "rhs-value": "digest!0@1"
          },
          "hidden": false,
          "kind": "parameter-assignment",
          "location": {
            "file": "cbmc/proofs/generate_md5_digest/generate_md5_digest_harness.c",
            "function": "harness",
            "line": 53
          }
        },
        {
          "detail": {
            "lhs": "length",
            "lhs-lexical-scope": "generate_md5_digest::1::length",
            "rhs-binary": "00000000 00000000 00000000 00000010",
            "rhs-value": "2"
          },
          "hidden": false,
          "kind": "variable-assignment",
          "location": {
            "file": "src/helpers/cassis_utilities.c",
            "function": "generate_md5_digest",
            "line": 132
          }
        },
        {
          "detail": {
            "lhs": "buffer",
            "lhs-lexical-scope": "generate_md5_digest::1::buffer",
            "rhs-binary": null,
            "rhs-value": "in_buff!0@1"
          },
          "hidden": false,
          "kind": "variable-assignment",
          "location": {
            "file": "src/helpers/cassis_utilities.c",
            "function": "generate_md5_digest",
            "line": 133
          }
        },
        {
          "detail": {
            "lhs": "c",
            "lhs-lexical-scope": "generate_md5_digest::1::c",
            "rhs-binary": null,
            "rhs-value": "{ .i={ 0u, 0u }, .buf={ 0u, 0u, 0u, 0u }, .in={ 0, 0, 0, 0, 0, 0, 0, 0, 0, 0, 0, 0, 0, 0, 0, 0, 0, 0, 0, 0, 0, 0, 0, 0, 0, 0, 0, 0, 0, 0, 0, 0, 0, 0, 0, 0, 0, 0, 0, 0, 0, 0, 0, 0, 0, 0, 0, 0, 0, 0, 0, 0, 0, 0, 0, 0, 0, 0, 0, 0, 0, 0, 0, 0 },\n    .digest={ 0, 0, 0, 0, 0, 0, 0, 0, 0, 0, 0, 0, 0, 0, 0, 0 } }"
          },
          "hidden": false,
          "kind": "variable-assignment",
          "location": {
            "file": "src/helpers/cassis_utilities.c",
            "function": "generate_md5_digest",
            "line": 135
          }
        },
        {
          "detail": {
            "location": {
              "file": "cbmc/proofs/generate_md5_digest/generate_md5_digest_harness.c",
              "function": null,
              "line": 26
            },
            "name": "MD5Init",
            "name-path": "MD5Init"
          },
          "hidden": false,
          "kind": "function-call",
          "location": {
            "file": "src/helpers/cassis_utilities.c",
            "function": "generate_md5_digest",
            "line": 137
          }
        },
        {
          "detail": {
            "lhs": "ctx",
            "lhs-lexical-scope": "MD5Init::ctx",
            "rhs-binary": null,
            "rhs-value": "&c!0@1"
          },
          "hidden": false,
          "kind": "parameter-assignment",
          "location": {
            "file": "src/helpers/cassis_utilities.c",
            "function": "generate_md5_digest",
            "line": 137
          }
        },
        {
          "detail": {
            "location": {
              "file": "cbmc/proofs/generate_md5_digest/generate_md5_digest_harness.c",
              "function": null,
              "line": 26
            },
            "name": "MD5Init",
            "name-path": "MD5Init"
          },
          "hidden": false,
          "kind": "function-return",
          "location": {
            "file": "cbmc/proofs/generate_md5_digest/generate_md5_digest_harness.c",
            "function": "MD5Init",
            "line": 28
          }
        },
        {
          "detail": {
            "location": {
              "file": "cbmc/proofs/generate_md5_digest/generate_md5_digest_harness.c",
              "function": null,
              "line": 29
            },
            "name": "MD5Update",
            "name-path": "MD5Update"
          },
          "hidden": false,
          "kind": "function-call",
          "location": {
            "file": "src/helpers/cassis_utilities.c",
            "function": "generate_md5_digest",
            "line": 143
          }
        },
        {
          "detail": {
            "lhs": "ctx",
            "lhs-lexical-scope": "MD5Update::ctx",
            "rhs-binary": null,
            "rhs-value": "&c!0@1"
          },
          "hidden": false,
          "kind": "parameter-assignment",
          "location": {
            "file": "src/helpers/cassis_utilities.c",
            "function": "generate_md5_digest",
            "line": 143
          }
        },
        {
          "detail": {
            "lhs": "buff",
            "lhs-lexical-scope": "MD5Update::buff",
            "rhs-binary": null,
            "rhs-value": "(const void *)&in_buff!0@1"
          },
          "hidden": false,
          "kind": "parameter-assignment",
          "location": {
            "file": "src/helpers/cassis_utilities.c",
            "function": "generate_md5_digest",
            "line": 143
          }
        },
        {
          "detail": {
            "lhs": "len",
            "lhs-lexical-scope": "MD5Update::len",
            "rhs-binary": "00000000 00000000 00000000 00000010",
            "rhs-value": "2u"
          },
          "hidden": false,
          "kind": "parameter-assignment",
          "location": {
            "file": "src/helpers/cassis_utilities.c",
            "function": "generate_md5_digest",
            "line": 143
          }
        },
        {
          "detail": {
            "location": {
              "file": "cbmc/proofs/generate_md5_digest/generate_md5_digest_harness.c",
              "function": null,
              "line": 29
            },
            "name": "MD5Update",
            "name-path": "MD5Update"
          },
          "hidden": false,
          "kind": "function-return",
          "location": {
            "file": "cbmc/proofs/generate_md5_digest/generate_md5_digest_harness.c",
            "function": "MD5Update",
            "line": 31
          }
        },
        {
          "detail": {
            "lhs": "length",
            "lhs-lexical-scope": "generate_md5_digest::1::length",
            "rhs-binary": "11111111 11111111 11111111 11000010",
            "rhs-value": "-62"
          },
          "hidden": false,
          "kind": "variable-assignment",
          "location": {
            "file": "src/helpers/cassis_utilities.c",
            "function": "generate_md5_digest",
            "line": 145
          }
        },
        {
          "detail": {
            "property": "generate_md5_digest.pointer_arithmetic.5",
            "reason": "pointer arithmetic: pointer outside object bounds in buffer + (signed long int)64"
          },
          "hidden": false,
          "kind": "failure",
          "location": {
            "file": "src/helpers/cassis_utilities.c",
            "function": "generate_md5_digest",
            "line": 146
          }
        },
        {
          "detail": {
            "location": {
              "file": "src/helpers/cassis_utilities.c",
              "function": null,
              "line": 131
            },
            "name": "generate_md5_digest",
            "name-path": "generate_md5_digest"
          },
          "hidden": true,
          "kind": "function-return",
          "location": {
            "file": "src/helpers/cassis_utilities.c",
            "function": "generate_md5_digest",
            "line": 146
          }
        },
        {
          "detail": {
            "location": {
              "file": "cbmc/proofs/generate_md5_digest/generate_md5_digest_harness.c",
              "function": null,
              "line": 40
            },
            "name": "harness",
            "name-path": "harness"
          },
          "hidden": true,
          "kind": "function-return",
          "location": {
            "file": "src/helpers/cassis_utilities.c",
            "function": "generate_md5_digest",
            "line": 146
          }
        }
      ]
    }
  }
}
