{
  "viewer-symbol": {
    "symbols": {
      "Int2Binstring": {
        "file": "src/helpers/cassis_utilities.c",
        "function": null,
        "line": 53
      },
      "Int2Binstring::$tmp::tmp_post_count": {
        "file": "src/helpers/cassis_utilities.c",
        "function": null,
        "line": 63
      },
      "Int2Binstring::$tmp::tmp_post_count$0": {
        "file": "src/helpers/cassis_utilities.c",
        "function": null,
        "line": 67
      },
      "Int2Binstring::1::count": {
        "file": "src/helpers/cassis_utilities.c",
        "function": null,
        "line": 55
      },
      "Int2Binstring::1::e": {
        "file": "src/helpers/cassis_utilities.c",
        "function": null,
        "line": 56
      },
      "Int2Binstring::1::i": {
        "file": "src/helpers/cassis_utilities.c",
        "function": null,
        "line": 56
      },
      "Int2Binstring::1::temp": {
        "file": "src/helpers/cassis_utilities.c",
        "function": null,
        "line": 57
      },
      "Int2Binstring::num": {
        "file": "src/helpers/cassis_utilities.c",
        "function": null,
        "line": 53
      },
      "Int2Binstring::output": {
        "file": "src/helpers/cassis_utilities.c",
        "function": null,
        "line": 53
      },
      "MD5Final": {
        "file": "cbmc/proofs/generate_md5_digest/generate_md5_digest_harness.c",
        "function": null,
        "line": 32
      },
      "MD5Final::ctx": {
        "file": "cbmc/proofs/generate_md5_digest/generate_md5_digest_harness.c",
        "function": null,
        "line": 32
      },
      "MD5Final::hash": {
        "file": "cbmc/proofs/generate_md5_digest/generate_md5_digest_harness.c",
        "function": null,
        "line": 32
      },
      "MD5Init": {
        "file": "cbmc/proofs/generate_md5_digest/generate_md5_digest_harness.c",
        "function": null,
        "line": 26
      },
      "MD5Init::ctx": {
        "file": "cbmc/proofs/generate_md5_digest/generate_md5_digest_harness.c",
        "function": null,
        "line": 26
      },
      "MD5Update": {
        "file": "cbmc/proofs/generate_md5_digest/generate_md5_digest_harness.c",
        "function": null,
        "line": 29
      },
      "MD5Update::buff": {
        "file": "cbmc/proofs/generate_md5_digest/generate_md5_digest_harness.c",
        "function": null,
        "line": 29
      },
      "MD5Update::ctx": {
        "file": "cbmc/proofs/generate_md5_digest/generate_md5_digest_harness.c",
        "function": null,
        "line": 29
      },
      "MD5Update::len": {
        "file": "cbmc/proofs/generate_md5_digest/generate_md5_digest_harness.c",
        "function": null,
        "line": 29
      },
      "bm_majority_vote16": {
        "file": "src/helpers/cassis_utilities.c",
        "function": null,
        "line": 251
      },
      "bm_majority_vote16::1::candidate": {
        "file": "src/helpers/cassis_utilities.c",
        "function": null,
        "line": 253
      },
      "bm_majority_vote16::1::counter": {
        "file": "src/helpers/cassis_utilities.c",
        "function": null,
        "line": 252
      },
      "bm_majority_vote16::1::i": {
        "file": "src/helpers/cassis_utilities.c",
        "function": null,
        "line": 252
      },
      "bm_majority_vote16::candidates": {
        "file": "src/helpers/cassis_utilities.c",
        "function": null,
        "line": 251
      },
      "bm_majority_vote16::def": {
        "file": "src/helpers/cassis_utilities.c",
        "function": null,
        "line": 251
      },
      "bm_majority_vote16::ensure_integrity": {
        "file": "src/helpers/cassis_utilities.c",
        "function": null,
        "line": 251
      },
      "bm_majority_vote16::voted": {
        "file": "src/helpers/cassis_utilities.c",
        "function": null,
        "line": 251
      },
      "bm_majority_vote32": {
        "file": "src/helpers/cassis_utilities.c",
        "function": null,
        "line": 292
      },
      "bm_majority_vote32::1::candidate": {
        "file": "src/helpers/cassis_utilities.c",
        "function": null,
        "line": 294
      },
      "bm_majority_vote32::1::counter": {
        "file": "src/helpers/cassis_utilities.c",
        "function": null,
        "line": 293
      },
      "bm_majority_vote32::1::i": {
        "file": "src/helpers/cassis_utilities.c",
        "function": null,
        "line": 293
      },
      "bm_majority_vote32::candidates": {
        "file": "src/helpers/cassis_utilities.c",
        "function": null,
        "line": 292
      },
      "bm_majority_vote32::def": {
        "file": "src/helpers/cassis_utilities.c",
        "function": null,
        "line": 292
      },
      "bm_majority_vote32::ensure_integrity": {
        "file": "src/helpers/cassis_utilities.c",
        "function": null,
        "line": 292
      },
      "bm_majority_vote32::voted": {
        "file": "src/helpers/cassis_utilities.c",
        "function": null,
        "line": 292
      },
      "bm_majority_vote8": {
        "file": "src/helpers/cassis_utilities.c",
        "function": null,
        "line": 210
      },
      "bm_majority_vote8::1::candidate": {
        "file": "src/helpers/cassis_utilities.c",
        "function": null,
        "line": 212
      },
      "bm_majority_vote8::1::counter": {
        "file": "src/helpers/cassis_utilities.c",
        "function": null,
        "line": 211
      },
      "bm_majority_vote8::1::i": {
        "file": "src/helpers/cassis_utilities.c",
        "function": null,
        "line": 211
      },
      "bm_majority_vote8::candidates": {
        "file": "src/helpers/cassis_utilities.c",
        "function": null,
        "line": 210
      },
      "bm_majority_vote8::def": {
        "file": "src/helpers/cassis_utilities.c",
        "function": null,
        "line": 210
      },
      "bm_majority_vote8::ensure_integrity": {
        "file": "src/helpers/cassis_utilities.c",
        "function": null,
        "line": 210
      },
      "bm_majority_vote8::voted": {
        "file": "src/helpers/cassis_utilities.c",
        "function": null,
        "line": 210
      },
      "check_md5_digest": {
        "file": "src/helpers/cassis_utilities.c",
        "function": null,
        "line": 180
      },
      "check_md5_digest::1::i": {
        "file": "src/helpers/cassis_utilities.c",
        "function": null,
        "line": 181
      },
      "check_md5_digest::d1": {
        "file": "src/helpers/cassis_utilities.c",
        "function": null,
        "line": 180
      },
      "check_md5_digest::d2": {
        "file": "src/helpers/cassis_utilities.c",
        "function": null,
        "line": 180
      },
      "crc16_ccitt": {
        "file": "src/helpers/cassis_utilities.c",
        "function": null,
        "line": 189
      },
      "crc16_ccitt::$tmp::tmp_post": {
        "file": "src/helpers/cassis_utilities.c",
        "function": null,
        "line": 193
      },
      "crc16_ccitt::1::counter": {
        "file": "src/helpers/cassis_utilities.c",
        "function": null,
        "line": 190
      },
      "crc16_ccitt::1::crc": {
        "file": "src/helpers/cassis_utilities.c",
        "function": null,
        "line": 191
      },
      "crc16_ccitt::buf": {
        "file": "src/helpers/cassis_utilities.c",
        "function": null,
        "line": 189
      },
      "crc16_ccitt::len": {
        "file": "src/helpers/cassis_utilities.c",
        "function": null,
        "line": 189
      },
      "crc16tab": {
        "file": "src/helpers/cassis_utilities.c",
        "function": null,
        "line": 15
      },
      "decode_bigendian": {
        "file": "src/helpers/cassis_utilities.c",
        "function": null,
        "line": 89
      },
      "decode_bigendian::1::i": {
        "file": "src/helpers/cassis_utilities.c",
        "function": null,
        "line": 90
      },
      "decode_bigendian::1::value": {
        "file": "src/helpers/cassis_utilities.c",
        "function": null,
        "line": 91
      },
      "decode_bigendian::buff": {
        "file": "src/helpers/cassis_utilities.c",
        "function": null,
        "line": 89
      },
      "decode_bigendian::l": {
        "file": "src/helpers/cassis_utilities.c",
        "function": null,
        "line": 89
      },
      "decode_bigendian_int32": {
        "file": "src/helpers/cassis_utilities.c",
        "function": null,
        "line": 104
      },
      "decode_bigendian_int32::$tmp::return_value_decode_bigendian": {
        "file": "src/helpers/cassis_utilities.c",
        "function": null,
        "line": 106
      },
      "decode_bigendian_int32::1::result": {
        "file": "src/helpers/cassis_utilities.c",
        "function": null,
        "line": 105
      },
      "decode_bigendian_int32::1::uintv": {
        "file": "src/helpers/cassis_utilities.c",
        "function": null,
        "line": 106
      },
      "decode_bigendian_int32::buff": {
        "file": "src/helpers/cassis_utilities.c",
        "function": null,
        "line": 104
      },
      "decode_bigendian_int32::l": {
        "file": "src/helpers/cassis_utilities.c",
        "function": null,
        "line": 104
      },
      "decode_bigendian_uint16": {
        "file": "src/helpers/cassis_utilities.c",
        "function": null,
        "line": 117
      },
      "decode_bigendian_uint16::$tmp::return_value_decode_bigendian": {
        "file": "src/helpers/cassis_utilities.c",
        "function": null,
        "line": 118
      },
      "decode_bigendian_uint16::buff": {
        "file": "src/helpers/cassis_utilities.c",
        "function": null,
        "line": 117
      },
      "decode_bigendian_uint16::l": {
        "file": "src/helpers/cassis_utilities.c",
        "function": null,
        "line": 117
      },
      "decode_bigendian_uint32": {
        "file": "src/helpers/cassis_utilities.c",
        "function": null,
        "line": 99
      },
      "decode_bigendian_uint32::$tmp::return_value_decode_bigendian": {
        "file": "src/helpers/cassis_utilities.c",
        "function": null,
        "line": 100
      },
      "decode_bigendian_uint32::buff": {
        "file": "src/helpers/cassis_utilities.c",
        "function": null,
        "line": 99
      },
      "decode_bigendian_uint32::l": {
        "file": "src/helpers/cassis_utilities.c",
        "function": null,
        "line": 99
      },
      "encode_bigendian": {
        "file": "src/helpers/cassis_utilities.c",
        "function": null,
        "line": 81
      },
      "encode_bigendian::1::i": {
        "file": "src/helpers/cassis_utilities.c",
        "function": null,
        "line": 82
      },
      "encode_bigendian::buff": {
        "file": "src/helpers/cassis_utilities.c",
        "function": null,
        "line": 81
      },
      "encode_bigendian::l": {
        "file": "src/helpers/cassis_utilities.c",
        "function": null,
        "line": 81
      },
      "encode_bigendian::num": {
        "file": "src/helpers/cassis_utilities.c",
        "function": null,
        "line": 81
      },
      "generate_crc16_ccitt": {
        "file": "src/helpers/cassis_utilities.c",
        "function": null,
        "line": 198
      },
      "generate_crc16_ccitt::$tmp::return_value_crc16_ccitt": {
        "file": "src/helpers/cassis_utilities.c",
        "function": null,
        "line": 199
      },
      "generate_crc16_ccitt::1::crc16": {
        "file": "src/helpers/cassis_utilities.c",
        "function": null,
        "line": 199
      },
      "generate_crc16_ccitt::buf": {
        "file": "src/helpers/cassis_utilities.c",
        "function": null,
        "line": 198
      },
      "generate_crc16_ccitt::dest": {
        "file": "src/helpers/cassis_utilities.c",
        "function": null,
        "line": 198
      },
      "generate_crc16_ccitt::len": {
        "file": "src/helpers/cassis_utilities.c",
        "function": null,
        "line": 198
      },
      "generate_md5_digest": {
        "file": "src/helpers/cassis_utilities.c",
        "function": null,
        "line": 131
      },
      "generate_md5_digest::1::buffer": {
        "file": "src/helpers/cassis_utilities.c",
        "function": null,
        "line": 133
      },
      "generate_md5_digest::1::c": {
        "file": "src/helpers/cassis_utilities.c",
        "function": null,
        "line": 135
      },
      "generate_md5_digest::1::length": {
        "file": "src/helpers/cassis_utilities.c",
        "function": null,
        "line": 132
      },
      "generate_md5_digest::digest": {
        "file": "src/helpers/cassis_utilities.c",
        "function": null,
        "line": 131
      },
      "generate_md5_digest::in_buff": {
        "file": "src/helpers/cassis_utilities.c",
        "function": null,
        "line": 131
      },
      "generate_md5_digest::in_len": {
        "file": "src/helpers/cassis_utilities.c",
        "function": null,
        "line": 131
      },
      "generate_md5_digest_tlv": {
        "file": "src/helpers/cassis_utilities.c",
        "function": null,
        "line": 123
      },
      "generate_md5_digest_tlv::$tmp::return_value_generate_md5_digest": {
        "file": "src/helpers/cassis_utilities.c",
        "function": null,
        "line": 128
      },
      "generate_md5_digest_tlv::digest": {
        "file": "src/helpers/cassis_utilities.c",
        "function": null,
        "line": 123
      },
      "generate_md5_digest_tlv::in_buff": {
        "file": "src/helpers/cassis_utilities.c",
        "function": null,
        "line": 123
      },
      "generate_md5_digest_tlv::in_len": {
        "file": "src/helpers/cassis_utilities.c",
        "function": null,
        "line": 123
      },
      "generate_md5_digest_tlv::tag": {
        "file": "src/helpers/cassis_utilities.c",
        "function": null,
        "line": 123
      },
      "generate_parity_odd": {
        "file": "src/helpers/cassis_utilities.c",
        "function": null,
        "line": 335
      },
      "generate_parity_odd::1::sum": {
        "file": "src/helpers/cassis_utilities.c",
        "function": null,
        "line": 336
      },
      "generate_parity_odd::value": {
        "file": "src/helpers/cassis_utilities.c",
        "function": null,
        "line": 335
      },
      "harness": {
        "file": "cbmc/proofs/generate_md5_digest/generate_md5_digest_harness.c",
        "function": null,
        "line": 40
      },
      "harness::$tmp::return_value_generate_md5_digest": {
        "file": "cbmc/proofs/generate_md5_digest/generate_md5_digest_harness.c",
        "function": null,
        "line": 53
      },
      "harness::1::digest": {
        "file": "cbmc/proofs/generate_md5_digest/generate_md5_digest_harness.c",
        "function": null,
        "line": 51
      },
      "harness::1::in_buff": {
        "file": "cbmc/proofs/generate_md5_digest/generate_md5_digest_harness.c",
        "function": null,
        "line": 50
      },
      "harness::1::in_buff$array_size::in_buff$array_size": {
        "file": "cbmc/proofs/generate_md5_digest/generate_md5_digest_harness.c",
        "function": null,
        "line": 50
      },
      "harness::1::in_len": {
        "file": "cbmc/proofs/generate_md5_digest/generate_md5_digest_harness.c",
        "function": null,
        "line": 45
      },
      "harness::1::md5_size": {
        "file": "cbmc/proofs/generate_md5_digest/generate_md5_digest_harness.c",
        "function": null,
        "line": 53
      },
      "validate_crc16_ccitt": {
        "file": "src/helpers/cassis_utilities.c",
        "function": null,
        "line": 205
      },
      "validate_crc16_ccitt::$tmp::return_value_crc16_ccitt": {
        "file": "src/helpers/cassis_utilities.c",
        "function": null,
        "line": 206
      },
      "validate_crc16_ccitt::1::calc_crc": {
        "file": "src/helpers/cassis_utilities.c",
        "function": null,
        "line": 206
      },
      "validate_crc16_ccitt::crc": {
        "file": "src/helpers/cassis_utilities.c",
        "function": null,
        "line": 205
      },
      "validate_crc16_ccitt::databuf": {
        "file": "src/helpers/cassis_utilities.c",
        "function": null,
        "line": 205
      },
      "validate_crc16_ccitt::datalen": {
        "file": "src/helpers/cassis_utilities.c",
        "function": null,
        "line": 205
      }
    }
  }
}
