{
  "viewer-property": {
    "properties": {
      "MD5Final.assertion.1": {
        "class": "assertion",
        "description": "assertion __CPROVER_rw_ok(hash, MD5_DIGEST_LENGTH * sizeof(unsigned char))",
        "expression": "RW_OK(hash, (unsigned long int)16 * sizeof(unsigned char) /*1ul*/ )",
        "location": {
          "file": "cbmc/proofs/generate_md5_digest/generate_md5_digest_harness.c",
          "function": "MD5Final",
          "line": 33
        }
      },
      "MD5Final.pointer_primitives.1": {
        "class": "pointer primitives",
        "description": "pointer invalid in RW_OK(hash, (unsigned long int)16 * sizeof(unsigned char) /*1ul*/ )",
        "expression": "__CPROVER_POINTER_OBJECT(((unsigned char *)NULL)) == __CPROVER_POINTER_OBJECT(hash) || !IS_INVALID_POINTER(hash)",
        "location": {
          "file": "cbmc/proofs/generate_md5_digest/generate_md5_digest_harness.c",
          "function": "MD5Final",
          "line": 33
        }
      },
      "MD5Final.pointer_primitives.2": {
        "class": "pointer primitives",
        "description": "deallocated dynamic object in RW_OK(hash, (unsigned long int)16 * sizeof(unsigned char) /*1ul*/ )",
        "expression": "__CPROVER_POINTER_OBJECT(((unsigned char *)NULL)) == __CPROVER_POINTER_OBJECT(hash) || !(__CPROVER_POINTER_OBJECT(hash) == __CPROVER_POINTER_OBJECT(__CPROVER_deallocated))",
        "location": {
          "file": "cbmc/proofs/generate_md5_digest/generate_md5_digest_harness.c",
          "function": "MD5Final",
          "line": 33
        }
      },
      "MD5Final.pointer_primitives.3": {
        "class": "pointer primitives",
        "description": "dead object in RW_OK(hash, (unsigned long int)16 * sizeof(unsigned char) /*1ul*/ )",
        "expression": "__CPROVER_POINTER_OBJECT(((unsigned char *)NULL)) == __CPROVER_POINTER_OBJECT(hash) || !(__CPROVER_POINTER_OBJECT(hash) == __CPROVER_POINTER_OBJECT(__CPROVER_dead_object))",
        "location": {
          "file": "cbmc/proofs/generate_md5_digest/generate_md5_digest_harness.c",
          "function": "MD5Final",
          "line": 33
        }
      },
      "MD5Final.pointer_primitives.4": {
        "class": "pointer primitives",
        "description": "pointer outside object bounds in RW_OK(hash, (unsigned long int)16 * sizeof(unsigned char) /*1ul*/ )",
        "expression": "__CPROVER_POINTER_OBJECT(((unsigned char *)NULL)) == __CPROVER_POINTER_OBJECT(hash) || (unsigned __CPROVER_bitvector[65])__CPROVER_OBJECT_SIZE(hash) >= (unsigned __CPROVER_bitvector[65])__CPROVER_POINTER_OFFSET(hash)",
        "location": {
          "file": "cbmc/proofs/generate_md5_digest/generate_md5_digest_harness.c",
          "function": "MD5Final",
          "line": 33
        }
      },
      "MD5Init.assertion.1": {
        "class": "assertion",
        "description": "assertion ctx != NULL",
        "expression": "ctx != ((MD5_CTX *)NULL)",
        "location": {
          "file": "cbmc/proofs/generate_md5_digest/generate_md5_digest_harness.c",
          "function": "MD5Init",
          "line": 27
        }
      },
      "MD5Update.assertion.1": {
        "class": "assertion",
        "description": "assertion __CPROVER_rw_ok(buff, len * sizeof(unsigned char))",
        "expression": "RW_OK(buff, (unsigned long int)len * sizeof(unsigned char) /*1ul*/ )",
        "location": {
          "file": "cbmc/proofs/generate_md5_digest/generate_md5_digest_harness.c",
          "function": "MD5Update",
          "line": 30
        }
      },
      "MD5Update.pointer_primitives.1": {
        "class": "pointer primitives",
        "description": "pointer invalid in RW_OK(buff, (unsigned long int)len * sizeof(unsigned char) /*1ul*/ )",
        "expression": "__CPROVER_POINTER_OBJECT(NULL) == __CPROVER_POINTER_OBJECT(buff) || !IS_INVALID_POINTER(buff)",
        "location": {
          "file": "cbmc/proofs/generate_md5_digest/generate_md5_digest_harness.c",
          "function": "MD5Update",
          "line": 30
        }
      },
      "MD5Update.pointer_primitives.2": {
        "class": "pointer primitives",
        "description": "deallocated dynamic object in RW_OK(buff, (unsigned long int)len * sizeof(unsigned char) /*1ul*/ )",
        "expression": "__CPROVER_POINTER_OBJECT(NULL) == __CPROVER_POINTER_OBJECT(buff) || !(__CPROVER_POINTER_OBJECT(buff) == __CPROVER_POINTER_OBJECT(__CPROVER_deallocated))",
        "location": {
          "file": "cbmc/proofs/generate_md5_digest/generate_md5_digest_harness.c",
          "function": "MD5Update",
          "line": 30
        }
      },
      "MD5Update.pointer_primitives.3": {
        "class": "pointer primitives",
        "description": "dead object in RW_OK(buff, (unsigned long int)len * sizeof(unsigned char) /*1ul*/ )",
        "expression": "__CPROVER_POINTER_OBJECT(NULL) == __CPROVER_POINTER_OBJECT(buff) || !(__CPROVER_POINTER_OBJECT(buff) == __CPROVER_POINTER_OBJECT(__CPROVER_dead_object))",
        "location": {
          "file": "cbmc/proofs/generate_md5_digest/generate_md5_digest_harness.c",
          "function": "MD5Update",
          "line": 30
        }
      },
      "MD5Update.pointer_primitives.4": {
        "class": "pointer primitives",
        "description": "pointer outside object bounds in RW_OK(buff, (unsigned long int)len * sizeof(unsigned char) /*1ul*/ )",
        "expression": "__CPROVER_POINTER_OBJECT(NULL) == __CPROVER_POINTER_OBJECT(buff) || (unsigned __CPROVER_bitvector[65])__CPROVER_OBJECT_SIZE(buff) >= (unsigned __CPROVER_bitvector[65])__CPROVER_POINTER_OFFSET(buff)",
        "location": {
          "file": "cbmc/proofs/generate_md5_digest/generate_md5_digest_harness.c",
          "function": "MD5Update",
          "line": 30
        }
      },
      "generate_md5_digest.overflow.1": {
        "class": "overflow",
        "description": "arithmetic overflow on signed to unsigned type conversion in (unsigned int)length",
        "expression": "length >= 0",
        "location": {
          "file": "src/helpers/cassis_utilities.c",
          "function": "generate_md5_digest",
          "line": 143
        }
      },
      "generate_md5_digest.overflow.2": {
        "class": "overflow",
        "description": "arithmetic overflow on signed - in length - 64",
        "expression": "!overflow(\"-\", signed int, length, 64)",
        "location": {
          "file": "src/helpers/cassis_utilities.c",
          "function": "generate_md5_digest",
          "line": 145
        }
      },
      "generate_md5_digest.pointer_arithmetic.1": {
        "class": "pointer arithmetic",
        "description": "pointer arithmetic: pointer NULL in buffer + (signed long int)64",
        "expression": "!(__CPROVER_POINTER_OBJECT(((unsigned char *)NULL)) == __CPROVER_POINTER_OBJECT(buffer))",
        "location": {
          "file": "src/helpers/cassis_utilities.c",
          "function": "generate_md5_digest",
          "line": 146
        }
      },
      "generate_md5_digest.pointer_arithmetic.2": {
        "class": "pointer arithmetic",
        "description": "pointer arithmetic: pointer invalid in buffer + (signed long int)64",
        "expression": "!IS_INVALID_POINTER(buffer)",
        "location": {
          "file": "src/helpers/cassis_utilities.c",
          "function": "generate_md5_digest",
          "line": 146
        }
      },
      "generate_md5_digest.pointer_arithmetic.3": {
        "class": "pointer arithmetic",
        "description": "pointer arithmetic: deallocated dynamic object in buffer + (signed long int)64",
        "expression": "!(__CPROVER_POINTER_OBJECT(buffer) == __CPROVER_POINTER_OBJECT(__CPROVER_deallocated))",
        "location": {
          "file": "src/helpers/cassis_utilities.c",
          "function": "generate_md5_digest",
          "line": 146
        }
      },
      "generate_md5_digest.pointer_arithmetic.4": {
        "class": "pointer arithmetic",
        "description": "pointer arithmetic: dead object in buffer + (signed long int)64",
        "expression": "!(__CPROVER_POINTER_OBJECT(buffer) == __CPROVER_POINTER_OBJECT(__CPROVER_dead_object))",
        "location": {
          "file": "src/helpers/cassis_utilities.c",
          "function": "generate_md5_digest",
          "line": 146
        }
      },
      "generate_md5_digest.pointer_arithmetic.5": {
        "class": "pointer arithmetic",
        "description": "pointer arithmetic: pointer outside object bounds in buffer + (signed long int)64",
        "expression": "(unsigned __CPROVER_bitvector[65])__CPROVER_OBJECT_SIZE(buffer) >= (unsigned __CPROVER_bitvector[65])(__CPROVER_POINTER_OFFSET(buffer) + 64ul)",
        "location": {
          "file": "src/helpers/cassis_utilities.c",
          "function": "generate_md5_digest",
          "line": 146
        }
      },
      "generate_md5_digest.pointer_arithmetic.6": {
        "class": "pointer arithmetic",
        "description": "pointer arithmetic: invalid integer address in buffer + (signed long int)64",
        "expression": "!(__CPROVER_POINTER_OBJECT(((unsigned char *)NULL)) == __CPROVER_POINTER_OBJECT(buffer)) || buffer + 64l == ((unsigned char *)NULL)",
        "location": {
          "file": "src/helpers/cassis_utilities.c",
          "function": "generate_md5_digest",
          "line": 146
        }
      },
      "harness.assertion.1": {
        "class": "assertion",
        "description": "assertion md5_size == MD5_DIGEST_LENGTH",
        "expression": "md5_size == 16",
        "location": {
          "file": "cbmc/proofs/generate_md5_digest/generate_md5_digest_harness.c",
          "function": "harness",
          "line": 54
        }
      },
      "harness.overflow.1": {
        "class": "overflow",
        "description": "arithmetic overflow on signed to unsigned type conversion in (unsigned long int)(signed long int)in_len",
        "expression": "(signed long int)in_len >= 0l",
        "location": {
          "file": "cbmc/proofs/generate_md5_digest/generate_md5_digest_harness.c",
          "function": "harness",
          "line": 50
        }
      }
    }
  }
}
