{
  "viewer-coverage": {
    "coverage": {
      "cbmc/proofs/generate_md5_digest/generate_md5_digest_harness.c": {
        "MD5Final": {
          "33": "hit",
          "34": "hit"
        },
        "MD5Init": {
          "27": "hit",
          "28": "hit"
        },
        "MD5Update": {
          "30": "hit",
          "31": "hit"
        },
        "harness": {
          "45": "hit",
          "48": "hit",
          "50": "hit",
          "51": "hit",
          "53": "hit",
          "54": "hit",
          "55": "hit"
        }
      },
      "src/helpers/cassis_utilities.c": {
        "generate_md5_digest": {
          "132": "hit",
          "133": "hit",
          "135": "hit",
          "137": "hit",
          "139": "hit",
          "140": "hit",
          "141": "hit",
          "143": "hit",
          "145": "hit",
          "146": "hit",
          "149": "hit",
          "151": "hit",
          "152": "hit"
        }
      }
    },
    "function_coverage": {
      "cbmc/proofs/generate_md5_digest/generate_md5_digest_harness.c": {
        "MD5Final": {
          "hit": 2,
          "percentage": 1.0,
          "total": 2
        },
        "MD5Init": {
          "hit": 2,
          "percentage": 1.0,
          "total": 2
        },
        "MD5Update": {
          "hit": 2,
          "percentage": 1.0,
          "total": 2
        },
        "harness": {
          "hit": 7,
          "percentage": 1.0,
          "total": 7
        }
      },
      "src/helpers/cassis_utilities.c": {
        "generate_md5_digest": {
          "hit": 13,
          "percentage": 1.0,
          "total": 13
        }
      }
    },
    "line_coverage": {
      "cbmc/proofs/generate_md5_digest/generate_md5_digest_harness.c": {
        "27": "hit",
        "28": "hit",
        "30": "hit",
        "31": "hit",
        "33": "hit",
        "34": "hit",
        "45": "hit",
        "48": "hit",
        "50": "hit",
        "51": "hit",
        "53": "hit",
        "54": "hit",
        "55": "hit"
      },
      "src/helpers/cassis_utilities.c": {
        "132": "hit",
        "133": "hit",
        "135": "hit",
        "137": "hit",
        "139": "hit",
        "140": "hit",
        "141": "hit",
        "143": "hit",
        "145": "hit",
        "146": "hit",
        "149": "hit",
        "151": "hit",
        "152": "hit"
      }
    },
    "overall_coverage": {
      "hit": 26,
      "percentage": 1.0,
      "total": 26
    }
  }
}
