<?xml version="1.0" encoding="UTF-8"?>
<cprover>
<program>CBMC 5.95.1 (cbmc-5.95.1)</program>
<message type="WARNING">
  <text>**** WARNING: Use --unwinding-assertions to obtain sound verification results</text>
</message>

<message type="WARNING">
  <text>**** WARNING: Use --unwinding-assertions to obtain sound verification results</text>
</message>

<message type="STATUS-MESSAGE">
  <text>CBMC version 5.95.1 (cbmc-5.95.1) 64-bit x86_64 linux</text>
</message>

<message type="STATUS-MESSAGE">
  <text>Reading GOTO program from file /cassis-verif/data/cbmc/proofs/supervisor_get_scheduled_commands/gotos/supervisor_get_scheduled_commands_harness.goto</text>
</message>

<message type="STATUS-MESSAGE">
  <text>Generating GOTO Program</text>
</message>

<message type="STATUS-MESSAGE">
  <text>Adding CPROVER library (x86_64)</text>
</message>

<message type="STATUS-MESSAGE">
  <text>Removal of function pointers and virtual functions</text>
</message>

<message type="STATUS-MESSAGE">
  <text>Generic Property Instrumentation</text>
</message>

<message type="STATUS-MESSAGE">
  <text>Rewriting existing assertions as assumptions</text>
</message>

<message type="STATUS-MESSAGE">
  <text>Running with 8 object bits, 56 offset bits (user-specified)</text>
</message>

<message type="STATUS-MESSAGE">
  <text>Starting Bounded Model Checking</text>
</message>

<message type="STATUS-MESSAGE">
  <text>Unwinding loop command_table_init.0 iteration 1 file /cassis-verif/data/cbmc/proofs/supervisor_get_scheduled_commands/supervisor_get_scheduled_commands_harness.c line 46 function command_table_init thread 0</text>
</message>

<message type="STATUS-MESSAGE">
  <text>Unwinding loop command_table_init.0 iteration 2 file /cassis-verif/data/cbmc/proofs/supervisor_get_scheduled_commands/supervisor_get_scheduled_commands_harness.c line 46 function command_table_init thread 0</text>
</message>

<message type="STATUS-MESSAGE">
  <text>Unwinding loop command_table_init.0 iteration 3 file /cassis-verif/data/cbmc/proofs/supervisor_get_scheduled_commands/supervisor_get_scheduled_commands_harness.c line 46 function command_table_init thread 0</text>
</message>

<message type="STATUS-MESSAGE">
  <text>Unwinding loop command_table_init.0 iteration 4 file /cassis-verif/data/cbmc/proofs/supervisor_get_scheduled_commands/supervisor_get_scheduled_commands_harness.c line 46 function command_table_init thread 0</text>
</message>

<message type="STATUS-MESSAGE">
  <text>Unwinding loop command_table_init.0 iteration 5 file /cassis-verif/data/cbmc/proofs/supervisor_get_scheduled_commands/supervisor_get_scheduled_commands_harness.c line 46 function command_table_init thread 0</text>
</message>

<message type="STATUS-MESSAGE">
  <text>Unwinding loop command_table_init.0 iteration 6 file /cassis-verif/data/cbmc/proofs/supervisor_get_scheduled_commands/supervisor_get_scheduled_commands_harness.c line 46 function command_table_init thread 0</text>
</message>

<message type="STATUS-MESSAGE">
  <text>Unwinding loop command_table_init.0 iteration 7 file /cassis-verif/data/cbmc/proofs/supervisor_get_scheduled_commands/supervisor_get_scheduled_commands_harness.c line 46 function command_table_init thread 0</text>
</message>

<message type="STATUS-MESSAGE">
  <text>Unwinding loop command_table_init.0 iteration 8 file /cassis-verif/data/cbmc/proofs/supervisor_get_scheduled_commands/supervisor_get_scheduled_commands_harness.c line 46 function command_table_init thread 0</text>
</message>

<message type="STATUS-MESSAGE">
  <text>Unwinding loop command_table_init.0 iteration 9 file /cassis-verif/data/cbmc/proofs/supervisor_get_scheduled_commands/supervisor_get_scheduled_commands_harness.c line 46 function command_table_init thread 0</text>
</message>

<message type="STATUS-MESSAGE">
  <text>Unwinding loop command_table_init.0 iteration 10 file /cassis-verif/data/cbmc/proofs/supervisor_get_scheduled_commands/supervisor_get_scheduled_commands_harness.c line 46 function command_table_init thread 0</text>
</message>

<message type="WARNING">
  <text>**** WARNING: no body for function dbgm_LogUint64</text>
</message>

<message type="STATUS-MESSAGE">
  <text>Unwinding loop supervisor_get_scheduled_commands.0 iteration 1 file /cassis-verif/data/src/cassis_launcher.c line 1519 function supervisor_get_scheduled_commands thread 0</text>
</message>

<message type="STATUS-MESSAGE">
  <text>Unwinding loop supervisor_get_scheduled_commands.0 iteration 2 file /cassis-verif/data/src/cassis_launcher.c line 1519 function supervisor_get_scheduled_commands thread 0</text>
</message>

<message type="STATUS-MESSAGE">
  <text>Unwinding loop supervisor_get_scheduled_commands.0 iteration 3 file /cassis-verif/data/src/cassis_launcher.c line 1519 function supervisor_get_scheduled_commands thread 0</text>
</message>

<message type="STATUS-MESSAGE">
  <text>Unwinding loop supervisor_get_scheduled_commands.0 iteration 4 file /cassis-verif/data/src/cassis_launcher.c line 1519 function supervisor_get_scheduled_commands thread 0</text>
</message>

<message type="STATUS-MESSAGE">
  <text>Unwinding loop supervisor_get_scheduled_commands.0 iteration 5 file /cassis-verif/data/src/cassis_launcher.c line 1519 function supervisor_get_scheduled_commands thread 0</text>
</message>

<message type="STATUS-MESSAGE">
  <text>Unwinding loop supervisor_get_scheduled_commands.0 iteration 6 file /cassis-verif/data/src/cassis_launcher.c line 1519 function supervisor_get_scheduled_commands thread 0</text>
</message>

<message type="STATUS-MESSAGE">
  <text>Unwinding loop supervisor_get_scheduled_commands.0 iteration 7 file /cassis-verif/data/src/cassis_launcher.c line 1519 function supervisor_get_scheduled_commands thread 0</text>
</message>

<message type="STATUS-MESSAGE">
  <text>Unwinding loop supervisor_get_scheduled_commands.0 iteration 8 file /cassis-verif/data/src/cassis_launcher.c line 1519 function supervisor_get_scheduled_commands thread 0</text>
</message>

<message type="STATUS-MESSAGE">
  <text>Unwinding loop supervisor_get_scheduled_commands.0 iteration 9 file /cassis-verif/data/src/cassis_launcher.c line 1519 function supervisor_get_scheduled_commands thread 0</text>
</message>

<message type="STATUS-MESSAGE">
  <text>Unwinding loop supervisor_get_scheduled_commands.0 iteration 10 file /cassis-verif/data/src/cassis_launcher.c line 1519 function supervisor_get_scheduled_commands thread 0</text>
</message>

<message type="STATUS-MESSAGE">
  <text>aborting path on assume(false) at file /cassis-verif/data/cbmc/proofs/supervisor_get_scheduled_commands/supervisor_get_scheduled_commands_harness.c line 122 function harness thread 0: assertion __CPROVER_same_object(&amp;command_table.commands[i], &amp;scheduled_commands[ts_zero_index])</text>
</message>

<message type="STATUS-MESSAGE">
  <text>aborting path on assume(false) at file /cassis-verif/data/cbmc/proofs/supervisor_get_scheduled_commands/supervisor_get_scheduled_commands_harness.c line 125 function harness thread 0: assertion __CPROVER_same_object(&amp;command_table.commands[i], &amp;scheduled_ts_commands[preissue_index])</text>
</message>

<message type="STATUS-MESSAGE">
  <text>Unwinding loop harness.0 iteration 1 file /cassis-verif/data/cbmc/proofs/supervisor_get_scheduled_commands/supervisor_get_scheduled_commands_harness.c line 119 function harness thread 0</text>
</message>

<message type="STATUS-MESSAGE">
  <text>aborting path on assume(false) at file /cassis-verif/data/cbmc/proofs/supervisor_get_scheduled_commands/supervisor_get_scheduled_commands_harness.c line 122 function harness thread 0: assertion __CPROVER_same_object(&amp;command_table.commands[i], &amp;scheduled_commands[ts_zero_index])</text>
</message>

<message type="STATUS-MESSAGE">
  <text>aborting path on assume(false) at file /cassis-verif/data/cbmc/proofs/supervisor_get_scheduled_commands/supervisor_get_scheduled_commands_harness.c line 125 function harness thread 0: assertion __CPROVER_same_object(&amp;command_table.commands[i], &amp;scheduled_ts_commands[preissue_index])</text>
</message>

<message type="STATUS-MESSAGE">
  <text>Unwinding loop harness.0 iteration 2 file /cassis-verif/data/cbmc/proofs/supervisor_get_scheduled_commands/supervisor_get_scheduled_commands_harness.c line 119 function harness thread 0</text>
</message>

<message type="STATUS-MESSAGE">
  <text>aborting path on assume(false) at file /cassis-verif/data/cbmc/proofs/supervisor_get_scheduled_commands/supervisor_get_scheduled_commands_harness.c line 122 function harness thread 0: assertion __CPROVER_same_object(&amp;command_table.commands[i], &amp;scheduled_commands[ts_zero_index])</text>
</message>

<message type="STATUS-MESSAGE">
  <text>aborting path on assume(false) at file /cassis-verif/data/cbmc/proofs/supervisor_get_scheduled_commands/supervisor_get_scheduled_commands_harness.c line 125 function harness thread 0: assertion __CPROVER_same_object(&amp;command_table.commands[i], &amp;scheduled_ts_commands[preissue_index])</text>
</message>

<message type="STATUS-MESSAGE">
  <text>Unwinding loop harness.0 iteration 3 file /cassis-verif/data/cbmc/proofs/supervisor_get_scheduled_commands/supervisor_get_scheduled_commands_harness.c line 119 function harness thread 0</text>
</message>

<message type="STATUS-MESSAGE">
  <text>aborting path on assume(false) at file /cassis-verif/data/cbmc/proofs/supervisor_get_scheduled_commands/supervisor_get_scheduled_commands_harness.c line 122 function harness thread 0: assertion __CPROVER_same_object(&amp;command_table.commands[i], &amp;scheduled_commands[ts_zero_index])</text>
</message>

<message type="STATUS-MESSAGE">
  <text>aborting path on assume(false) at file /cassis-verif/data/cbmc/proofs/supervisor_get_scheduled_commands/supervisor_get_scheduled_commands_harness.c line 125 function harness thread 0: assertion __CPROVER_same_object(&amp;command_table.commands[i], &amp;scheduled_ts_commands[preissue_index])</text>
</message>

<message type="STATUS-MESSAGE">
  <text>Unwinding loop harness.0 iteration 4 file /cassis-verif/data/cbmc/proofs/supervisor_get_scheduled_commands/supervisor_get_scheduled_commands_harness.c line 119 function harness thread 0</text>
</message>

<message type="STATUS-MESSAGE">
  <text>aborting path on assume(false) at file /cassis-verif/data/cbmc/proofs/supervisor_get_scheduled_commands/supervisor_get_scheduled_commands_harness.c line 122 function harness thread 0: assertion __CPROVER_same_object(&amp;command_table.commands[i], &amp;scheduled_commands[ts_zero_index])</text>
</message>

<message type="STATUS-MESSAGE">
  <text>aborting path on assume(false) at file /cassis-verif/data/cbmc/proofs/supervisor_get_scheduled_commands/supervisor_get_scheduled_commands_harness.c line 125 function harness thread 0: assertion __CPROVER_same_object(&amp;command_table.commands[i], &amp;scheduled_ts_commands[preissue_index])</text>
</message>

<message type="STATUS-MESSAGE">
  <text>Unwinding loop harness.0 iteration 5 file /cassis-verif/data/cbmc/proofs/supervisor_get_scheduled_commands/supervisor_get_scheduled_commands_harness.c line 119 function harness thread 0</text>
</message>

<message type="STATUS-MESSAGE">
  <text>aborting path on assume(false) at file /cassis-verif/data/cbmc/proofs/supervisor_get_scheduled_commands/supervisor_get_scheduled_commands_harness.c line 122 function harness thread 0: assertion __CPROVER_same_object(&amp;command_table.commands[i], &amp;scheduled_commands[ts_zero_index])</text>
</message>

<message type="STATUS-MESSAGE">
  <text>aborting path on assume(false) at file /cassis-verif/data/cbmc/proofs/supervisor_get_scheduled_commands/supervisor_get_scheduled_commands_harness.c line 125 function harness thread 0: assertion __CPROVER_same_object(&amp;command_table.commands[i], &amp;scheduled_ts_commands[preissue_index])</text>
</message>

<message type="STATUS-MESSAGE">
  <text>Unwinding loop harness.0 iteration 6 file /cassis-verif/data/cbmc/proofs/supervisor_get_scheduled_commands/supervisor_get_scheduled_commands_harness.c line 119 function harness thread 0</text>
</message>

<message type="STATUS-MESSAGE">
  <text>aborting path on assume(false) at file /cassis-verif/data/cbmc/proofs/supervisor_get_scheduled_commands/supervisor_get_scheduled_commands_harness.c line 122 function harness thread 0: assertion __CPROVER_same_object(&amp;command_table.commands[i], &amp;scheduled_commands[ts_zero_index])</text>
</message>

<message type="STATUS-MESSAGE">
  <text>aborting path on assume(false) at file /cassis-verif/data/cbmc/proofs/supervisor_get_scheduled_commands/supervisor_get_scheduled_commands_harness.c line 125 function harness thread 0: assertion __CPROVER_same_object(&amp;command_table.commands[i], &amp;scheduled_ts_commands[preissue_index])</text>
</message>

<message type="STATUS-MESSAGE">
  <text>Unwinding loop harness.0 iteration 7 file /cassis-verif/data/cbmc/proofs/supervisor_get_scheduled_commands/supervisor_get_scheduled_commands_harness.c line 119 function harness thread 0</text>
</message>

<message type="STATUS-MESSAGE">
  <text>aborting path on assume(false) at file /cassis-verif/data/cbmc/proofs/supervisor_get_scheduled_commands/supervisor_get_scheduled_commands_harness.c line 122 function harness thread 0: assertion __CPROVER_same_object(&amp;command_table.commands[i], &amp;scheduled_commands[ts_zero_index])</text>
</message>

<message type="STATUS-MESSAGE">
  <text>aborting path on assume(false) at file /cassis-verif/data/cbmc/proofs/supervisor_get_scheduled_commands/supervisor_get_scheduled_commands_harness.c line 125 function harness thread 0: assertion __CPROVER_same_object(&amp;command_table.commands[i], &amp;scheduled_ts_commands[preissue_index])</text>
</message>

<message type="STATUS-MESSAGE">
  <text>Unwinding loop harness.0 iteration 8 file /cassis-verif/data/cbmc/proofs/supervisor_get_scheduled_commands/supervisor_get_scheduled_commands_harness.c line 119 function harness thread 0</text>
</message>

<message type="STATUS-MESSAGE">
  <text>aborting path on assume(false) at file /cassis-verif/data/cbmc/proofs/supervisor_get_scheduled_commands/supervisor_get_scheduled_commands_harness.c line 122 function harness thread 0: assertion __CPROVER_same_object(&amp;command_table.commands[i], &amp;scheduled_commands[ts_zero_index])</text>
</message>

<message type="STATUS-MESSAGE">
  <text>aborting path on assume(false) at file /cassis-verif/data/cbmc/proofs/supervisor_get_scheduled_commands/supervisor_get_scheduled_commands_harness.c line 125 function harness thread 0: assertion __CPROVER_same_object(&amp;command_table.commands[i], &amp;scheduled_ts_commands[preissue_index])</text>
</message>

<message type="STATUS-MESSAGE">
  <text>Unwinding loop harness.0 iteration 9 file /cassis-verif/data/cbmc/proofs/supervisor_get_scheduled_commands/supervisor_get_scheduled_commands_harness.c line 119 function harness thread 0</text>
</message>

<message type="STATUS-MESSAGE">
  <text>aborting path on assume(false) at file /cassis-verif/data/cbmc/proofs/supervisor_get_scheduled_commands/supervisor_get_scheduled_commands_harness.c line 122 function harness thread 0: assertion __CPROVER_same_object(&amp;command_table.commands[i], &amp;scheduled_commands[ts_zero_index])</text>
</message>

<message type="STATUS-MESSAGE">
  <text>aborting path on assume(false) at file /cassis-verif/data/cbmc/proofs/supervisor_get_scheduled_commands/supervisor_get_scheduled_commands_harness.c line 125 function harness thread 0: assertion __CPROVER_same_object(&amp;command_table.commands[i], &amp;scheduled_ts_commands[preissue_index])</text>
</message>

<message type="STATUS-MESSAGE">
  <text>Unwinding loop harness.0 iteration 10 file /cassis-verif/data/cbmc/proofs/supervisor_get_scheduled_commands/supervisor_get_scheduled_commands_harness.c line 119 function harness thread 0</text>
</message>

<message type="STATUS-MESSAGE">
  <text>Runtime Symex: 2.54577s</text>
</message>

<message type="STATUS-MESSAGE">
  <text>size of program expression: 106089 steps</text>
</message>

<message type="STATUS-MESSAGE">
  <text>Generated 341 VCC(s), 341 remaining after simplification</text>
</message>

<message type="STATUS-MESSAGE">
  <text>Runtime Postprocess Equation: 0.0161791s</text>
</message>

<message type="STATUS-MESSAGE">
  <text>Passing problem to propositional reduction</text>
</message>

<message type="STATUS-MESSAGE">
  <text>converting SSA</text>
</message>

<message type="STATUS-MESSAGE">
  <text>Runtime Convert SSA: 1.1499s</text>
</message>

<message type="STATUS-MESSAGE">
  <text>Running propositional reduction</text>
</message>

<message type="STATUS-MESSAGE">
  <text>Post-processing</text>
</message>

<message type="STATUS-MESSAGE">
  <text>Runtime Post-process: 8.93e-06s</text>
</message>

<message type="STATUS-MESSAGE">
  <text>Solving with MiniSAT 2.2.1 with simplifier</text>
</message>

<message type="STATUS-MESSAGE">
  <text>81320 variables, 69433 clauses</text>
</message>

<message type="STATUS-MESSAGE">
  <text>SAT checker: instance is SATISFIABLE</text>
</message>

<message type="STATUS-MESSAGE">
  <text>Runtime Solver: 0.0542653s</text>
</message>

<message type="STATUS-MESSAGE">
  <text>Runtime decision procedure: 1.21343s</text>
</message>

<message type="STATUS-MESSAGE">
  <text>Running propositional reduction</text>
</message>

<message type="STATUS-MESSAGE">
  <text>Solving with MiniSAT 2.2.1 with simplifier</text>
</message>

<message type="STATUS-MESSAGE">
  <text>81320 variables, 25347 clauses</text>
</message>

<message type="STATUS-MESSAGE">
  <text>SAT checker: instance is SATISFIABLE</text>
</message>

<message type="STATUS-MESSAGE">
  <text>Runtime Solver: 0.00192521s</text>
</message>

<message type="STATUS-MESSAGE">
  <text>Runtime decision procedure: 0.00197417s</text>
</message>

<message type="STATUS-MESSAGE">
  <text>Running propositional reduction</text>
</message>

<message type="STATUS-MESSAGE">
  <text>Solving with MiniSAT 2.2.1 with simplifier</text>
</message>

<message type="STATUS-MESSAGE">
  <text>81320 variables, 25348 clauses</text>
</message>

<message type="STATUS-MESSAGE">
  <text>SAT checker: instance is SATISFIABLE</text>
</message>

<message type="STATUS-MESSAGE">
  <text>Runtime Solver: 0.00197625s</text>
</message>

<message type="STATUS-MESSAGE">
  <text>Runtime decision procedure: 0.00200399s</text>
</message>

<message type="STATUS-MESSAGE">
  <text>Running propositional reduction</text>
</message>

<message type="STATUS-MESSAGE">
  <text>Solving with MiniSAT 2.2.1 with simplifier</text>
</message>

<message type="STATUS-MESSAGE">
  <text>81320 variables, 25349 clauses</text>
</message>

<message type="STATUS-MESSAGE">
  <text>SAT checker: instance is SATISFIABLE</text>
</message>

<message type="STATUS-MESSAGE">
  <text>Runtime Solver: 0.00561078s</text>
</message>

<message type="STATUS-MESSAGE">
  <text>Runtime decision procedure: 0.00563817s</text>
</message>

<message type="STATUS-MESSAGE">
  <text>Running propositional reduction</text>
</message>

<message type="STATUS-MESSAGE">
  <text>Solving with MiniSAT 2.2.1 with simplifier</text>
</message>

<message type="STATUS-MESSAGE">
  <text>81320 variables, 25348 clauses</text>
</message>

<message type="STATUS-MESSAGE">
  <text>SAT checker: instance is SATISFIABLE</text>
</message>

<message type="STATUS-MESSAGE">
  <text>Runtime Solver: 0.00504343s</text>
</message>

<message type="STATUS-MESSAGE">
  <text>Runtime decision procedure: 0.00508184s</text>
</message>

<goal description="block 1 (lines /cassis-verif/data/cbmc/proofs/supervisor_get_scheduled_commands/supervisor_get_scheduled_commands_harness.c:command_table_init:40,42-44,46)" id="command_table_init.coverage.1" status="SATISFIED">
  <location file="/cassis-verif/data/cbmc/proofs/supervisor_get_scheduled_commands/supervisor_get_scheduled_commands_harness.c" function="command_table_init" line="40" working-directory="/cassis-verif/data/cbmc/proofs"/>
  <basic_block_lines>
    <line file="/cassis-verif/data/cbmc/proofs/supervisor_get_scheduled_commands/supervisor_get_scheduled_commands_harness.c" function="command_table_init">40,42-44,46</line>
  </basic_block_lines>
</goal>

<goal description="block 2 (lines /cassis-verif/data/cbmc/proofs/supervisor_get_scheduled_commands/supervisor_get_scheduled_commands_harness.c:command_table_init:46)" id="command_table_init.coverage.2" status="SATISFIED">
  <location file="/cassis-verif/data/cbmc/proofs/supervisor_get_scheduled_commands/supervisor_get_scheduled_commands_harness.c" function="command_table_init" line="46" working-directory="/cassis-verif/data/cbmc/proofs"/>
  <basic_block_lines>
    <line file="/cassis-verif/data/cbmc/proofs/supervisor_get_scheduled_commands/supervisor_get_scheduled_commands_harness.c" function="command_table_init">46</line>
  </basic_block_lines>
</goal>

<goal description="block 3 (lines /cassis-verif/data/cbmc/proofs/supervisor_get_scheduled_commands/supervisor_get_scheduled_commands_harness.c:command_table_init:48)" id="command_table_init.coverage.3" status="SATISFIED">
  <location file="/cassis-verif/data/cbmc/proofs/supervisor_get_scheduled_commands/supervisor_get_scheduled_commands_harness.c" function="command_table_init" line="48" working-directory="/cassis-verif/data/cbmc/proofs"/>
  <basic_block_lines>
    <line file="/cassis-verif/data/cbmc/proofs/supervisor_get_scheduled_commands/supervisor_get_scheduled_commands_harness.c" function="command_table_init">48</line>
  </basic_block_lines>
</goal>

<goal description="block 4 (lines /cassis-verif/data/cbmc/proofs/supervisor_get_scheduled_commands/supervisor_get_scheduled_commands_harness.c:command_table_init:49,51)" id="command_table_init.coverage.4" status="SATISFIED">
  <location file="/cassis-verif/data/cbmc/proofs/supervisor_get_scheduled_commands/supervisor_get_scheduled_commands_harness.c" function="command_table_init" line="49" working-directory="/cassis-verif/data/cbmc/proofs"/>
  <basic_block_lines>
    <line file="/cassis-verif/data/cbmc/proofs/supervisor_get_scheduled_commands/supervisor_get_scheduled_commands_harness.c" function="command_table_init">49,51</line>
  </basic_block_lines>
</goal>

<goal description="block 5 (lines /cassis-verif/data/cbmc/proofs/supervisor_get_scheduled_commands/supervisor_get_scheduled_commands_harness.c:command_table_init:52)" id="command_table_init.coverage.5" status="SATISFIED">
  <location file="/cassis-verif/data/cbmc/proofs/supervisor_get_scheduled_commands/supervisor_get_scheduled_commands_harness.c" function="command_table_init" line="52" working-directory="/cassis-verif/data/cbmc/proofs"/>
  <basic_block_lines>
    <line file="/cassis-verif/data/cbmc/proofs/supervisor_get_scheduled_commands/supervisor_get_scheduled_commands_harness.c" function="command_table_init">52</line>
  </basic_block_lines>
</goal>

<goal description="block 6 (lines /cassis-verif/data/cbmc/proofs/supervisor_get_scheduled_commands/supervisor_get_scheduled_commands_harness.c:command_table_init:55,56,58)" id="command_table_init.coverage.6" status="SATISFIED">
  <location file="/cassis-verif/data/cbmc/proofs/supervisor_get_scheduled_commands/supervisor_get_scheduled_commands_harness.c" function="command_table_init" line="55" working-directory="/cassis-verif/data/cbmc/proofs"/>
  <basic_block_lines>
    <line file="/cassis-verif/data/cbmc/proofs/supervisor_get_scheduled_commands/supervisor_get_scheduled_commands_harness.c" function="command_table_init">55,56,58</line>
  </basic_block_lines>
</goal>

<goal description="block 7 (lines /cassis-verif/data/cbmc/proofs/supervisor_get_scheduled_commands/supervisor_get_scheduled_commands_harness.c:command_table_init:59)" id="command_table_init.coverage.7" status="SATISFIED">
  <location file="/cassis-verif/data/cbmc/proofs/supervisor_get_scheduled_commands/supervisor_get_scheduled_commands_harness.c" function="command_table_init" line="59" working-directory="/cassis-verif/data/cbmc/proofs"/>
  <basic_block_lines>
    <line file="/cassis-verif/data/cbmc/proofs/supervisor_get_scheduled_commands/supervisor_get_scheduled_commands_harness.c" function="command_table_init">59</line>
  </basic_block_lines>
</goal>

<goal description="block 8 (lines /cassis-verif/data/cbmc/proofs/supervisor_get_scheduled_commands/supervisor_get_scheduled_commands_harness.c:command_table_init:61)" id="command_table_init.coverage.8" status="SATISFIED">
  <location file="/cassis-verif/data/cbmc/proofs/supervisor_get_scheduled_commands/supervisor_get_scheduled_commands_harness.c" function="command_table_init" line="61" working-directory="/cassis-verif/data/cbmc/proofs"/>
  <basic_block_lines>
    <line file="/cassis-verif/data/cbmc/proofs/supervisor_get_scheduled_commands/supervisor_get_scheduled_commands_harness.c" function="command_table_init">61</line>
  </basic_block_lines>
</goal>

<goal description="block 9 (lines /cassis-verif/data/cbmc/proofs/supervisor_get_scheduled_commands/supervisor_get_scheduled_commands_harness.c:command_table_init:46)" id="command_table_init.coverage.9" status="SATISFIED">
  <location file="/cassis-verif/data/cbmc/proofs/supervisor_get_scheduled_commands/supervisor_get_scheduled_commands_harness.c" function="command_table_init" line="46" working-directory="/cassis-verif/data/cbmc/proofs"/>
  <basic_block_lines>
    <line file="/cassis-verif/data/cbmc/proofs/supervisor_get_scheduled_commands/supervisor_get_scheduled_commands_harness.c" function="command_table_init">46</line>
  </basic_block_lines>
</goal>

<goal description="block 10 (lines /cassis-verif/data/cbmc/proofs/supervisor_get_scheduled_commands/supervisor_get_scheduled_commands_harness.c:command_table_init:63,65-68)" id="command_table_init.coverage.10" status="SATISFIED">
  <location file="/cassis-verif/data/cbmc/proofs/supervisor_get_scheduled_commands/supervisor_get_scheduled_commands_harness.c" function="command_table_init" line="63" working-directory="/cassis-verif/data/cbmc/proofs"/>
  <basic_block_lines>
    <line file="/cassis-verif/data/cbmc/proofs/supervisor_get_scheduled_commands/supervisor_get_scheduled_commands_harness.c" function="command_table_init">63,65-68</line>
  </basic_block_lines>
</goal>

<goal description="block 1 (lines /cassis-verif/data/cbmc/proofs/supervisor_get_scheduled_commands/supervisor_get_scheduled_commands_harness.c:harness:96-98,100-102,105)" id="harness.coverage.1" status="SATISFIED">
  <location file="/cassis-verif/data/cbmc/proofs/supervisor_get_scheduled_commands/supervisor_get_scheduled_commands_harness.c" function="harness" line="96" working-directory="/cassis-verif/data/cbmc/proofs"/>
  <basic_block_lines>
    <line file="/cassis-verif/data/cbmc/proofs/supervisor_get_scheduled_commands/supervisor_get_scheduled_commands_harness.c" function="harness">96-98,100-102,105</line>
  </basic_block_lines>
</goal>

<goal description="block 2 (lines /cassis-verif/data/cbmc/proofs/supervisor_get_scheduled_commands/supervisor_get_scheduled_commands_harness.c:harness:107)" id="harness.coverage.2" status="SATISFIED">
  <location file="/cassis-verif/data/cbmc/proofs/supervisor_get_scheduled_commands/supervisor_get_scheduled_commands_harness.c" function="harness" line="107" working-directory="/cassis-verif/data/cbmc/proofs"/>
  <basic_block_lines>
    <line file="/cassis-verif/data/cbmc/proofs/supervisor_get_scheduled_commands/supervisor_get_scheduled_commands_harness.c" function="harness">107</line>
  </basic_block_lines>
</goal>

<goal description="block 3 (lines /cassis-verif/data/cbmc/proofs/supervisor_get_scheduled_commands/supervisor_get_scheduled_commands_harness.c:harness:110-113,116,117,119)" id="harness.coverage.3" status="SATISFIED">
  <location file="/cassis-verif/data/cbmc/proofs/supervisor_get_scheduled_commands/supervisor_get_scheduled_commands_harness.c" function="harness" line="110" working-directory="/cassis-verif/data/cbmc/proofs"/>
  <basic_block_lines>
    <line file="/cassis-verif/data/cbmc/proofs/supervisor_get_scheduled_commands/supervisor_get_scheduled_commands_harness.c" function="harness">110-113,116,117,119</line>
  </basic_block_lines>
</goal>

<goal description="block 4 (lines /cassis-verif/data/cbmc/proofs/supervisor_get_scheduled_commands/supervisor_get_scheduled_commands_harness.c:harness:119)" id="harness.coverage.4" status="SATISFIED">
  <location file="/cassis-verif/data/cbmc/proofs/supervisor_get_scheduled_commands/supervisor_get_scheduled_commands_harness.c" function="harness" line="119" working-directory="/cassis-verif/data/cbmc/proofs"/>
  <basic_block_lines>
    <line file="/cassis-verif/data/cbmc/proofs/supervisor_get_scheduled_commands/supervisor_get_scheduled_commands_harness.c" function="harness">119</line>
  </basic_block_lines>
</goal>

<goal description="block 5 (lines /cassis-verif/data/cbmc/proofs/supervisor_get_scheduled_commands/supervisor_get_scheduled_commands_harness.c:harness:120)" id="harness.coverage.5" status="SATISFIED">
  <location file="/cassis-verif/data/cbmc/proofs/supervisor_get_scheduled_commands/supervisor_get_scheduled_commands_harness.c" function="harness" line="120" working-directory="/cassis-verif/data/cbmc/proofs"/>
  <basic_block_lines>
    <line file="/cassis-verif/data/cbmc/proofs/supervisor_get_scheduled_commands/supervisor_get_scheduled_commands_harness.c" function="harness">120</line>
  </basic_block_lines>
</goal>

<goal description="block 6 (lines /cassis-verif/data/cbmc/proofs/supervisor_get_scheduled_commands/supervisor_get_scheduled_commands_harness.c:harness:121)" id="harness.coverage.6" status="SATISFIED">
  <location file="/cassis-verif/data/cbmc/proofs/supervisor_get_scheduled_commands/supervisor_get_scheduled_commands_harness.c" function="harness" line="121" working-directory="/cassis-verif/data/cbmc/proofs"/>
  <basic_block_lines>
    <line file="/cassis-verif/data/cbmc/proofs/supervisor_get_scheduled_commands/supervisor_get_scheduled_commands_harness.c" function="harness">121</line>
  </basic_block_lines>
</goal>

<goal description="block 7 (lines /cassis-verif/data/cbmc/proofs/supervisor_get_scheduled_commands/supervisor_get_scheduled_commands_harness.c:harness:122,123)" id="harness.coverage.7" status="SATISFIED">
  <location file="/cassis-verif/data/cbmc/proofs/supervisor_get_scheduled_commands/supervisor_get_scheduled_commands_harness.c" function="harness" line="122" working-directory="/cassis-verif/data/cbmc/proofs"/>
  <basic_block_lines>
    <line file="/cassis-verif/data/cbmc/proofs/supervisor_get_scheduled_commands/supervisor_get_scheduled_commands_harness.c" function="harness">122,123</line>
  </basic_block_lines>
</goal>

<goal description="block 8 (lines /cassis-verif/data/cbmc/proofs/supervisor_get_scheduled_commands/supervisor_get_scheduled_commands_harness.c:harness:124)" id="harness.coverage.8" status="SATISFIED">
  <location file="/cassis-verif/data/cbmc/proofs/supervisor_get_scheduled_commands/supervisor_get_scheduled_commands_harness.c" function="harness" line="124" working-directory="/cassis-verif/data/cbmc/proofs"/>
  <basic_block_lines>
    <line file="/cassis-verif/data/cbmc/proofs/supervisor_get_scheduled_commands/supervisor_get_scheduled_commands_harness.c" function="harness">124</line>
  </basic_block_lines>
</goal>

<goal description="block 9 (lines /cassis-verif/data/cbmc/proofs/supervisor_get_scheduled_commands/supervisor_get_scheduled_commands_harness.c:harness:124)" id="harness.coverage.9" status="SATISFIED">
  <location file="/cassis-verif/data/cbmc/proofs/supervisor_get_scheduled_commands/supervisor_get_scheduled_commands_harness.c" function="harness" line="124" working-directory="/cassis-verif/data/cbmc/proofs"/>
  <basic_block_lines>
    <line file="/cassis-verif/data/cbmc/proofs/supervisor_get_scheduled_commands/supervisor_get_scheduled_commands_harness.c" function="harness">124</line>
  </basic_block_lines>
</goal>

<goal description="block 10 (lines /cassis-verif/data/cbmc/proofs/supervisor_get_scheduled_commands/supervisor_get_scheduled_commands_harness.c:harness:125,126)" id="harness.coverage.10" status="SATISFIED">
  <location file="/cassis-verif/data/cbmc/proofs/supervisor_get_scheduled_commands/supervisor_get_scheduled_commands_harness.c" function="harness" line="125" working-directory="/cassis-verif/data/cbmc/proofs"/>
  <basic_block_lines>
    <line file="/cassis-verif/data/cbmc/proofs/supervisor_get_scheduled_commands/supervisor_get_scheduled_commands_harness.c" function="harness">125,126</line>
  </basic_block_lines>
</goal>

<goal description="block 11 (lines /cassis-verif/data/cbmc/proofs/supervisor_get_scheduled_commands/supervisor_get_scheduled_commands_harness.c:harness:128)" id="harness.coverage.11" status="SATISFIED">
  <location file="/cassis-verif/data/cbmc/proofs/supervisor_get_scheduled_commands/supervisor_get_scheduled_commands_harness.c" function="harness" line="128" working-directory="/cassis-verif/data/cbmc/proofs"/>
  <basic_block_lines>
    <line file="/cassis-verif/data/cbmc/proofs/supervisor_get_scheduled_commands/supervisor_get_scheduled_commands_harness.c" function="harness">128</line>
  </basic_block_lines>
</goal>

<goal description="block 12 (lines /cassis-verif/data/cbmc/proofs/supervisor_get_scheduled_commands/supervisor_get_scheduled_commands_harness.c:harness:119)" id="harness.coverage.12" status="SATISFIED">
  <location file="/cassis-verif/data/cbmc/proofs/supervisor_get_scheduled_commands/supervisor_get_scheduled_commands_harness.c" function="harness" line="119" working-directory="/cassis-verif/data/cbmc/proofs"/>
  <basic_block_lines>
    <line file="/cassis-verif/data/cbmc/proofs/supervisor_get_scheduled_commands/supervisor_get_scheduled_commands_harness.c" function="harness">119</line>
  </basic_block_lines>
</goal>

<goal description="block 13 (lines /cassis-verif/data/cbmc/proofs/supervisor_get_scheduled_commands/supervisor_get_scheduled_commands_harness.c:harness:129,132-134)" id="harness.coverage.13" status="SATISFIED">
  <location file="/cassis-verif/data/cbmc/proofs/supervisor_get_scheduled_commands/supervisor_get_scheduled_commands_harness.c" function="harness" line="129" working-directory="/cassis-verif/data/cbmc/proofs"/>
  <basic_block_lines>
    <line file="/cassis-verif/data/cbmc/proofs/supervisor_get_scheduled_commands/supervisor_get_scheduled_commands_harness.c" function="harness">129,132-134</line>
  </basic_block_lines>
</goal>

<goal description="block 1 (lines /cassis-verif/data/src/cassis_launcher.c:supervisor_get_scheduled_commands:1516-1519)" id="supervisor_get_scheduled_commands.coverage.1" status="SATISFIED">
  <location file="/cassis-verif/data/src/cassis_launcher.c" function="supervisor_get_scheduled_commands" line="1516" working-directory="/cassis-verif/data/cbmc/proofs"/>
  <basic_block_lines>
    <line file="/cassis-verif/data/src/cassis_launcher.c" function="supervisor_get_scheduled_commands">1516-1519</line>
  </basic_block_lines>
</goal>

<goal description="block 2 (lines /cassis-verif/data/src/cassis_launcher.c:supervisor_get_scheduled_commands:1519)" id="supervisor_get_scheduled_commands.coverage.2" status="SATISFIED">
  <location file="/cassis-verif/data/src/cassis_launcher.c" function="supervisor_get_scheduled_commands" line="1519" working-directory="/cassis-verif/data/cbmc/proofs"/>
  <basic_block_lines>
    <line file="/cassis-verif/data/src/cassis_launcher.c" function="supervisor_get_scheduled_commands">1519</line>
  </basic_block_lines>
</goal>

<goal description="block 3 (lines /cassis-verif/data/src/cassis_launcher.c:supervisor_get_scheduled_commands:1521)" id="supervisor_get_scheduled_commands.coverage.3" status="SATISFIED">
  <location file="/cassis-verif/data/src/cassis_launcher.c" function="supervisor_get_scheduled_commands" line="1521" working-directory="/cassis-verif/data/cbmc/proofs"/>
  <basic_block_lines>
    <line file="/cassis-verif/data/src/cassis_launcher.c" function="supervisor_get_scheduled_commands">1521</line>
  </basic_block_lines>
</goal>

<goal description="block 4 (lines /cassis-verif/data/src/cassis_launcher.c:supervisor_get_scheduled_commands:1523)" id="supervisor_get_scheduled_commands.coverage.4" status="SATISFIED">
  <location file="/cassis-verif/data/src/cassis_launcher.c" function="supervisor_get_scheduled_commands" line="1523" working-directory="/cassis-verif/data/cbmc/proofs"/>
  <basic_block_lines>
    <line file="/cassis-verif/data/src/cassis_launcher.c" function="supervisor_get_scheduled_commands">1523</line>
  </basic_block_lines>
</goal>

<goal description="block 5 (lines /cassis-verif/data/src/cassis_launcher.c:supervisor_get_scheduled_commands:1524)" id="supervisor_get_scheduled_commands.coverage.5" status="SATISFIED">
  <location file="/cassis-verif/data/src/cassis_launcher.c" function="supervisor_get_scheduled_commands" line="1524" working-directory="/cassis-verif/data/cbmc/proofs"/>
  <basic_block_lines>
    <line file="/cassis-verif/data/src/cassis_launcher.c" function="supervisor_get_scheduled_commands">1524</line>
  </basic_block_lines>
</goal>

<goal description="block 6 (lines /cassis-verif/data/src/cassis_launcher.c:supervisor_get_scheduled_commands:1526,1527)" id="supervisor_get_scheduled_commands.coverage.6" status="SATISFIED">
  <location file="/cassis-verif/data/src/cassis_launcher.c" function="supervisor_get_scheduled_commands" line="1526" working-directory="/cassis-verif/data/cbmc/proofs"/>
  <basic_block_lines>
    <line file="/cassis-verif/data/src/cassis_launcher.c" function="supervisor_get_scheduled_commands">1526,1527</line>
  </basic_block_lines>
</goal>

<goal description="block 7 (lines /cassis-verif/data/src/cassis_launcher.c:supervisor_get_scheduled_commands:1528)" id="supervisor_get_scheduled_commands.coverage.7" status="SATISFIED">
  <location file="/cassis-verif/data/src/cassis_launcher.c" function="supervisor_get_scheduled_commands" line="1528" working-directory="/cassis-verif/data/cbmc/proofs"/>
  <basic_block_lines>
    <line file="/cassis-verif/data/src/cassis_launcher.c" function="supervisor_get_scheduled_commands">1528</line>
  </basic_block_lines>
</goal>

<goal description="block 8 (lines /cassis-verif/data/src/cassis_launcher.c:supervisor_get_scheduled_commands:1528)" id="supervisor_get_scheduled_commands.coverage.8" status="SATISFIED">
  <location file="/cassis-verif/data/src/cassis_launcher.c" function="supervisor_get_scheduled_commands" line="1528" working-directory="/cassis-verif/data/cbmc/proofs"/>
  <basic_block_lines>
    <line file="/cassis-verif/data/src/cassis_launcher.c" function="supervisor_get_scheduled_commands">1528</line>
  </basic_block_lines>
</goal>

<goal description="block 9 (lines /cassis-verif/data/src/cassis_launcher.c:supervisor_get_scheduled_commands:1530,1531)" id="supervisor_get_scheduled_commands.coverage.9" status="SATISFIED">
  <location file="/cassis-verif/data/src/cassis_launcher.c" function="supervisor_get_scheduled_commands" line="1530" working-directory="/cassis-verif/data/cbmc/proofs"/>
  <basic_block_lines>
    <line file="/cassis-verif/data/src/cassis_launcher.c" function="supervisor_get_scheduled_commands">1530,1531</line>
  </basic_block_lines>
</goal>

<goal description="block 10 (lines /cassis-verif/data/src/cassis_launcher.c:supervisor_get_scheduled_commands:1532)" id="supervisor_get_scheduled_commands.coverage.10" status="SATISFIED">
  <location file="/cassis-verif/data/src/cassis_launcher.c" function="supervisor_get_scheduled_commands" line="1532" working-directory="/cassis-verif/data/cbmc/proofs"/>
  <basic_block_lines>
    <line file="/cassis-verif/data/src/cassis_launcher.c" function="supervisor_get_scheduled_commands">1532</line>
  </basic_block_lines>
</goal>

<goal description="block 11 (lines /cassis-verif/data/src/cassis_launcher.c:supervisor_get_scheduled_commands:1519)" id="supervisor_get_scheduled_commands.coverage.11" status="SATISFIED">
  <location file="/cassis-verif/data/src/cassis_launcher.c" function="supervisor_get_scheduled_commands" line="1519" working-directory="/cassis-verif/data/cbmc/proofs"/>
  <basic_block_lines>
    <line file="/cassis-verif/data/src/cassis_launcher.c" function="supervisor_get_scheduled_commands">1519</line>
  </basic_block_lines>
</goal>

<goal description="block 12 (lines /cassis-verif/data/src/cassis_launcher.c:supervisor_get_scheduled_commands:1535-1537)" id="supervisor_get_scheduled_commands.coverage.12" status="SATISFIED">
  <location file="/cassis-verif/data/src/cassis_launcher.c" function="supervisor_get_scheduled_commands" line="1535" working-directory="/cassis-verif/data/cbmc/proofs"/>
  <basic_block_lines>
    <line file="/cassis-verif/data/src/cassis_launcher.c" function="supervisor_get_scheduled_commands">1535-1537</line>
  </basic_block_lines>
</goal>

<goal description="block 1 (lines /cassis-verif/data/cbmc/proofs/supervisor_get_scheduled_commands/supervisor_get_scheduled_commands_harness.c:get_preissue_timestamp:71)" id="get_preissue_timestamp.coverage.1" status="SATISFIED">
  <location file="/cassis-verif/data/cbmc/proofs/supervisor_get_scheduled_commands/supervisor_get_scheduled_commands_harness.c" function="get_preissue_timestamp" line="71" working-directory="/cassis-verif/data/cbmc/proofs"/>
  <basic_block_lines>
    <line file="/cassis-verif/data/cbmc/proofs/supervisor_get_scheduled_commands/supervisor_get_scheduled_commands_harness.c" function="get_preissue_timestamp">71</line>
  </basic_block_lines>
</goal>

<goal description="block 2 (lines /cassis-verif/data/cbmc/proofs/supervisor_get_scheduled_commands/supervisor_get_scheduled_commands_harness.c:get_preissue_timestamp:71)" id="get_preissue_timestamp.coverage.2" status="FAILED">
  <location file="/cassis-verif/data/cbmc/proofs/supervisor_get_scheduled_commands/supervisor_get_scheduled_commands_harness.c" function="get_preissue_timestamp" line="71" working-directory="/cassis-verif/data/cbmc/proofs"/>
  <basic_block_lines>
    <line file="/cassis-verif/data/cbmc/proofs/supervisor_get_scheduled_commands/supervisor_get_scheduled_commands_harness.c" function="get_preissue_timestamp">71</line>
  </basic_block_lines>
</goal>

<goal description="block 3 (lines /cassis-verif/data/cbmc/proofs/supervisor_get_scheduled_commands/supervisor_get_scheduled_commands_harness.c:get_preissue_timestamp:73,74,76,77)" id="get_preissue_timestamp.coverage.3" status="SATISFIED">
  <location file="/cassis-verif/data/cbmc/proofs/supervisor_get_scheduled_commands/supervisor_get_scheduled_commands_harness.c" function="get_preissue_timestamp" line="73" working-directory="/cassis-verif/data/cbmc/proofs"/>
  <basic_block_lines>
    <line file="/cassis-verif/data/cbmc/proofs/supervisor_get_scheduled_commands/supervisor_get_scheduled_commands_harness.c" function="get_preissue_timestamp">73,74,76,77</line>
  </basic_block_lines>
</goal>

<goal description="block 4 (lines /cassis-verif/data/cbmc/proofs/supervisor_get_scheduled_commands/supervisor_get_scheduled_commands_harness.c:get_preissue_timestamp:78)" id="get_preissue_timestamp.coverage.4" status="SATISFIED">
  <location file="/cassis-verif/data/cbmc/proofs/supervisor_get_scheduled_commands/supervisor_get_scheduled_commands_harness.c" function="get_preissue_timestamp" line="78" working-directory="/cassis-verif/data/cbmc/proofs"/>
  <basic_block_lines>
    <line file="/cassis-verif/data/cbmc/proofs/supervisor_get_scheduled_commands/supervisor_get_scheduled_commands_harness.c" function="get_preissue_timestamp">78</line>
  </basic_block_lines>
</goal>

<message type="STATUS-MESSAGE">
  <text>** 38 of 39 covered (97.4%)</text>
</message>

<message type="STATUS-MESSAGE">
  <text>** Used 6 iterations</text>
</message>

</cprover>

