<?xml version="1.0" encoding="UTF-8"?>
<cprover>
<program>CBMC 5.95.1 (cbmc-5.95.1)</program>
<message type="STATUS-MESSAGE">
  <text>CBMC version 5.95.1 (cbmc-5.95.1) 64-bit x86_64 linux</text>
</message>

<message type="STATUS-MESSAGE">
  <text>Reading GOTO program from file /cassis-verif/data/cbmc/proofs/supervisor_get_scheduled_commands/gotos/supervisor_get_scheduled_commands_harness.goto</text>
</message>

<message type="STATUS-MESSAGE">
  <text>Generating GOTO Program</text>
</message>

<message type="STATUS-MESSAGE">
  <text>Adding CPROVER library (x86_64)</text>
</message>

<message type="STATUS-MESSAGE">
  <text>Removal of function pointers and virtual functions</text>
</message>

<message type="STATUS-MESSAGE">
  <text>Generic Property Instrumentation</text>
</message>

<message type="STATUS-MESSAGE">
  <text>Running with 8 object bits, 56 offset bits (user-specified)</text>
</message>

<property class="array bounds" name="command_table_init.array_bounds.1">
  <location file="/cassis-verif/data/cbmc/proofs/supervisor_get_scheduled_commands/supervisor_get_scheduled_commands_harness.c" function="command_table_init" line="48" working-directory="/cassis-verif/data/cbmc/proofs"/>
  <description>array 'command_table'.commands lower bound in command_table.commands[(signed long int)i]</description>
  <expression>8l + (signed long int)i * 664l &gt;= 0l</expression>
</property>

<property class="array bounds" name="command_table_init.array_bounds.2">
  <location file="/cassis-verif/data/cbmc/proofs/supervisor_get_scheduled_commands/supervisor_get_scheduled_commands_harness.c" function="command_table_init" line="48" working-directory="/cassis-verif/data/cbmc/proofs"/>
  <description>array 'command_table'.commands upper bound in command_table.commands[(signed long int)i]</description>
  <expression>!((signed long int)i &gt;= 10l)</expression>
</property>

<property class="overflow" name="command_table_init.overflow.1">
  <location file="/cassis-verif/data/cbmc/proofs/supervisor_get_scheduled_commands/supervisor_get_scheduled_commands_harness.c" function="command_table_init" line="49" working-directory="/cassis-verif/data/cbmc/proofs"/>
  <description>arithmetic overflow on unsigned + in _pending + 1u</description>
  <expression>!overflow("+", uint32_t, _pending, 1u)</expression>
</property>

<property class="overflow" name="command_table_init.overflow.2">
  <location file="/cassis-verif/data/cbmc/proofs/supervisor_get_scheduled_commands/supervisor_get_scheduled_commands_harness.c" function="command_table_init" line="52" working-directory="/cassis-verif/data/cbmc/proofs"/>
  <description>arithmetic overflow on unsigned + in _ts_zero + 1u</description>
  <expression>!overflow("+", uint32_t, _ts_zero, 1u)</expression>
</property>

<property class="array bounds" name="command_table_init.array_bounds.3">
  <location file="/cassis-verif/data/cbmc/proofs/supervisor_get_scheduled_commands/supervisor_get_scheduled_commands_harness.c" function="command_table_init" line="55" working-directory="/cassis-verif/data/cbmc/proofs"/>
  <description>array 'preissue_ts_lookup_table' lower bound in preissue_ts_lookup_table[(signed long int)i]</description>
  <expression>(signed long int)i * 8l &gt;= 0l</expression>
</property>

<property class="array bounds" name="command_table_init.array_bounds.4">
  <location file="/cassis-verif/data/cbmc/proofs/supervisor_get_scheduled_commands/supervisor_get_scheduled_commands_harness.c" function="command_table_init" line="55" working-directory="/cassis-verif/data/cbmc/proofs"/>
  <description>array 'preissue_ts_lookup_table' upper bound in preissue_ts_lookup_table[(signed long int)i]</description>
  <expression>!((signed long int)i &gt;= 10l)</expression>
</property>

<property class="array bounds" name="command_table_init.array_bounds.5">
  <location file="/cassis-verif/data/cbmc/proofs/supervisor_get_scheduled_commands/supervisor_get_scheduled_commands_harness.c" function="command_table_init" line="56" working-directory="/cassis-verif/data/cbmc/proofs"/>
  <description>array 'preissue_ts_lookup_table' lower bound in preissue_ts_lookup_table[(signed long int)i]</description>
  <expression>TRUE ==&gt; (signed long int)i * 8l &gt;= 0l</expression>
</property>

<property class="array bounds" name="command_table_init.array_bounds.6">
  <location file="/cassis-verif/data/cbmc/proofs/supervisor_get_scheduled_commands/supervisor_get_scheduled_commands_harness.c" function="command_table_init" line="56" working-directory="/cassis-verif/data/cbmc/proofs"/>
  <description>array 'preissue_ts_lookup_table' upper bound in preissue_ts_lookup_table[(signed long int)i]</description>
  <expression>TRUE ==&gt; !((signed long int)i &gt;= 10l)</expression>
</property>

<property class="array bounds" name="command_table_init.array_bounds.7">
  <location file="/cassis-verif/data/cbmc/proofs/supervisor_get_scheduled_commands/supervisor_get_scheduled_commands_harness.c" function="command_table_init" line="56" working-directory="/cassis-verif/data/cbmc/proofs"/>
  <description>array 'preissue_ts_lookup_table' lower bound in preissue_ts_lookup_table[(signed long int)i]</description>
  <expression>preissue_ts_lookup_table[(signed long int)i] &gt; (unsigned long int)0 ==&gt; (signed long int)i * 8l &gt;= 0l</expression>
</property>

<property class="array bounds" name="command_table_init.array_bounds.8">
  <location file="/cassis-verif/data/cbmc/proofs/supervisor_get_scheduled_commands/supervisor_get_scheduled_commands_harness.c" function="command_table_init" line="56" working-directory="/cassis-verif/data/cbmc/proofs"/>
  <description>array 'preissue_ts_lookup_table' upper bound in preissue_ts_lookup_table[(signed long int)i]</description>
  <expression>preissue_ts_lookup_table[(signed long int)i] &gt; (unsigned long int)0 ==&gt; !((signed long int)i &gt;= 10l)</expression>
</property>

<property class="array bounds" name="command_table_init.array_bounds.9">
  <location file="/cassis-verif/data/cbmc/proofs/supervisor_get_scheduled_commands/supervisor_get_scheduled_commands_harness.c" function="command_table_init" line="56" working-directory="/cassis-verif/data/cbmc/proofs"/>
  <description>array 'command_table'.commands lower bound in command_table.commands[(signed long int)i]</description>
  <expression>preissue_ts_lookup_table[(signed long int)i] &gt; (unsigned long int)0 ==&gt; 8l + (signed long int)i * 664l &gt;= 0l</expression>
</property>

<property class="array bounds" name="command_table_init.array_bounds.10">
  <location file="/cassis-verif/data/cbmc/proofs/supervisor_get_scheduled_commands/supervisor_get_scheduled_commands_harness.c" function="command_table_init" line="56" working-directory="/cassis-verif/data/cbmc/proofs"/>
  <description>array 'command_table'.commands upper bound in command_table.commands[(signed long int)i]</description>
  <expression>preissue_ts_lookup_table[(signed long int)i] &gt; (unsigned long int)0 ==&gt; !((signed long int)i &gt;= 10l)</expression>
</property>

<property class="overflow" name="command_table_init.overflow.3">
  <location file="/cassis-verif/data/cbmc/proofs/supervisor_get_scheduled_commands/supervisor_get_scheduled_commands_harness.c" function="command_table_init" line="59" working-directory="/cassis-verif/data/cbmc/proofs"/>
  <description>arithmetic overflow on unsigned + in _preissue + 1u</description>
  <expression>!overflow("+", uint32_t, _preissue, 1u)</expression>
</property>

<property class="overflow" name="command_table_init.overflow.4">
  <location file="/cassis-verif/data/cbmc/proofs/supervisor_get_scheduled_commands/supervisor_get_scheduled_commands_harness.c" function="command_table_init" line="46" working-directory="/cassis-verif/data/cbmc/proofs"/>
  <description>arithmetic overflow on signed + in i + 1</description>
  <expression>!overflow("+", signed int, i, 1)</expression>
</property>

<property class="pointer dereference" name="command_table_init.pointer_dereference.1">
  <location file="/cassis-verif/data/cbmc/proofs/supervisor_get_scheduled_commands/supervisor_get_scheduled_commands_harness.c" function="command_table_init" line="65" working-directory="/cassis-verif/data/cbmc/proofs"/>
  <description>dereference failure: pointer NULL in *num_pending</description>
  <expression>!(__CPROVER_POINTER_OBJECT(((uint32_t *)NULL)) == __CPROVER_POINTER_OBJECT(num_pending))</expression>
</property>

<property class="pointer dereference" name="command_table_init.pointer_dereference.2">
  <location file="/cassis-verif/data/cbmc/proofs/supervisor_get_scheduled_commands/supervisor_get_scheduled_commands_harness.c" function="command_table_init" line="65" working-directory="/cassis-verif/data/cbmc/proofs"/>
  <description>dereference failure: pointer invalid in *num_pending</description>
  <expression>!IS_INVALID_POINTER(num_pending)</expression>
</property>

<property class="pointer dereference" name="command_table_init.pointer_dereference.3">
  <location file="/cassis-verif/data/cbmc/proofs/supervisor_get_scheduled_commands/supervisor_get_scheduled_commands_harness.c" function="command_table_init" line="65" working-directory="/cassis-verif/data/cbmc/proofs"/>
  <description>dereference failure: deallocated dynamic object in *num_pending</description>
  <expression>!(__CPROVER_POINTER_OBJECT(num_pending) == __CPROVER_POINTER_OBJECT(__CPROVER_deallocated))</expression>
</property>

<property class="pointer dereference" name="command_table_init.pointer_dereference.4">
  <location file="/cassis-verif/data/cbmc/proofs/supervisor_get_scheduled_commands/supervisor_get_scheduled_commands_harness.c" function="command_table_init" line="65" working-directory="/cassis-verif/data/cbmc/proofs"/>
  <description>dereference failure: dead object in *num_pending</description>
  <expression>!(__CPROVER_POINTER_OBJECT(num_pending) == __CPROVER_POINTER_OBJECT(__CPROVER_dead_object))</expression>
</property>

<property class="pointer dereference" name="command_table_init.pointer_dereference.5">
  <location file="/cassis-verif/data/cbmc/proofs/supervisor_get_scheduled_commands/supervisor_get_scheduled_commands_harness.c" function="command_table_init" line="65" working-directory="/cassis-verif/data/cbmc/proofs"/>
  <description>dereference failure: pointer outside object bounds in *num_pending</description>
  <expression>(unsigned __CPROVER_bitvector[65])__CPROVER_OBJECT_SIZE(num_pending) &gt;= (unsigned __CPROVER_bitvector[65])__CPROVER_POINTER_OFFSET(num_pending) + 4</expression>
</property>

<property class="pointer dereference" name="command_table_init.pointer_dereference.6">
  <location file="/cassis-verif/data/cbmc/proofs/supervisor_get_scheduled_commands/supervisor_get_scheduled_commands_harness.c" function="command_table_init" line="65" working-directory="/cassis-verif/data/cbmc/proofs"/>
  <description>dereference failure: invalid integer address in *num_pending</description>
  <expression>!(__CPROVER_POINTER_OBJECT(((uint32_t *)NULL)) == __CPROVER_POINTER_OBJECT(num_pending)) || num_pending == ((uint32_t *)NULL)</expression>
</property>

<property class="pointer dereference" name="command_table_init.pointer_dereference.7">
  <location file="/cassis-verif/data/cbmc/proofs/supervisor_get_scheduled_commands/supervisor_get_scheduled_commands_harness.c" function="command_table_init" line="66" working-directory="/cassis-verif/data/cbmc/proofs"/>
  <description>dereference failure: pointer NULL in *num_ts_zero</description>
  <expression>!(__CPROVER_POINTER_OBJECT(((uint32_t *)NULL)) == __CPROVER_POINTER_OBJECT(num_ts_zero))</expression>
</property>

<property class="pointer dereference" name="command_table_init.pointer_dereference.8">
  <location file="/cassis-verif/data/cbmc/proofs/supervisor_get_scheduled_commands/supervisor_get_scheduled_commands_harness.c" function="command_table_init" line="66" working-directory="/cassis-verif/data/cbmc/proofs"/>
  <description>dereference failure: pointer invalid in *num_ts_zero</description>
  <expression>!IS_INVALID_POINTER(num_ts_zero)</expression>
</property>

<property class="pointer dereference" name="command_table_init.pointer_dereference.9">
  <location file="/cassis-verif/data/cbmc/proofs/supervisor_get_scheduled_commands/supervisor_get_scheduled_commands_harness.c" function="command_table_init" line="66" working-directory="/cassis-verif/data/cbmc/proofs"/>
  <description>dereference failure: deallocated dynamic object in *num_ts_zero</description>
  <expression>!(__CPROVER_POINTER_OBJECT(num_ts_zero) == __CPROVER_POINTER_OBJECT(__CPROVER_deallocated))</expression>
</property>

<property class="pointer dereference" name="command_table_init.pointer_dereference.10">
  <location file="/cassis-verif/data/cbmc/proofs/supervisor_get_scheduled_commands/supervisor_get_scheduled_commands_harness.c" function="command_table_init" line="66" working-directory="/cassis-verif/data/cbmc/proofs"/>
  <description>dereference failure: dead object in *num_ts_zero</description>
  <expression>!(__CPROVER_POINTER_OBJECT(num_ts_zero) == __CPROVER_POINTER_OBJECT(__CPROVER_dead_object))</expression>
</property>

<property class="pointer dereference" name="command_table_init.pointer_dereference.11">
  <location file="/cassis-verif/data/cbmc/proofs/supervisor_get_scheduled_commands/supervisor_get_scheduled_commands_harness.c" function="command_table_init" line="66" working-directory="/cassis-verif/data/cbmc/proofs"/>
  <description>dereference failure: pointer outside object bounds in *num_ts_zero</description>
  <expression>(unsigned __CPROVER_bitvector[65])__CPROVER_OBJECT_SIZE(num_ts_zero) &gt;= (unsigned __CPROVER_bitvector[65])__CPROVER_POINTER_OFFSET(num_ts_zero) + 4</expression>
</property>

<property class="pointer dereference" name="command_table_init.pointer_dereference.12">
  <location file="/cassis-verif/data/cbmc/proofs/supervisor_get_scheduled_commands/supervisor_get_scheduled_commands_harness.c" function="command_table_init" line="66" working-directory="/cassis-verif/data/cbmc/proofs"/>
  <description>dereference failure: invalid integer address in *num_ts_zero</description>
  <expression>!(__CPROVER_POINTER_OBJECT(((uint32_t *)NULL)) == __CPROVER_POINTER_OBJECT(num_ts_zero)) || num_ts_zero == ((uint32_t *)NULL)</expression>
</property>

<property class="pointer dereference" name="command_table_init.pointer_dereference.13">
  <location file="/cassis-verif/data/cbmc/proofs/supervisor_get_scheduled_commands/supervisor_get_scheduled_commands_harness.c" function="command_table_init" line="67" working-directory="/cassis-verif/data/cbmc/proofs"/>
  <description>dereference failure: pointer NULL in *num_preissue</description>
  <expression>!(__CPROVER_POINTER_OBJECT(((uint32_t *)NULL)) == __CPROVER_POINTER_OBJECT(num_preissue))</expression>
</property>

<property class="pointer dereference" name="command_table_init.pointer_dereference.14">
  <location file="/cassis-verif/data/cbmc/proofs/supervisor_get_scheduled_commands/supervisor_get_scheduled_commands_harness.c" function="command_table_init" line="67" working-directory="/cassis-verif/data/cbmc/proofs"/>
  <description>dereference failure: pointer invalid in *num_preissue</description>
  <expression>!IS_INVALID_POINTER(num_preissue)</expression>
</property>

<property class="pointer dereference" name="command_table_init.pointer_dereference.15">
  <location file="/cassis-verif/data/cbmc/proofs/supervisor_get_scheduled_commands/supervisor_get_scheduled_commands_harness.c" function="command_table_init" line="67" working-directory="/cassis-verif/data/cbmc/proofs"/>
  <description>dereference failure: deallocated dynamic object in *num_preissue</description>
  <expression>!(__CPROVER_POINTER_OBJECT(num_preissue) == __CPROVER_POINTER_OBJECT(__CPROVER_deallocated))</expression>
</property>

<property class="pointer dereference" name="command_table_init.pointer_dereference.16">
  <location file="/cassis-verif/data/cbmc/proofs/supervisor_get_scheduled_commands/supervisor_get_scheduled_commands_harness.c" function="command_table_init" line="67" working-directory="/cassis-verif/data/cbmc/proofs"/>
  <description>dereference failure: dead object in *num_preissue</description>
  <expression>!(__CPROVER_POINTER_OBJECT(num_preissue) == __CPROVER_POINTER_OBJECT(__CPROVER_dead_object))</expression>
</property>

<property class="pointer dereference" name="command_table_init.pointer_dereference.17">
  <location file="/cassis-verif/data/cbmc/proofs/supervisor_get_scheduled_commands/supervisor_get_scheduled_commands_harness.c" function="command_table_init" line="67" working-directory="/cassis-verif/data/cbmc/proofs"/>
  <description>dereference failure: pointer outside object bounds in *num_preissue</description>
  <expression>(unsigned __CPROVER_bitvector[65])__CPROVER_OBJECT_SIZE(num_preissue) &gt;= (unsigned __CPROVER_bitvector[65])__CPROVER_POINTER_OFFSET(num_preissue) + 4</expression>
</property>

<property class="pointer dereference" name="command_table_init.pointer_dereference.18">
  <location file="/cassis-verif/data/cbmc/proofs/supervisor_get_scheduled_commands/supervisor_get_scheduled_commands_harness.c" function="command_table_init" line="67" working-directory="/cassis-verif/data/cbmc/proofs"/>
  <description>dereference failure: invalid integer address in *num_preissue</description>
  <expression>!(__CPROVER_POINTER_OBJECT(((uint32_t *)NULL)) == __CPROVER_POINTER_OBJECT(num_preissue)) || num_preissue == ((uint32_t *)NULL)</expression>
</property>

<property class="overflow" name="harness.overflow.1">
  <location file="/cassis-verif/data/cbmc/proofs/supervisor_get_scheduled_commands/supervisor_get_scheduled_commands_harness.c" function="harness" line="110" working-directory="/cassis-verif/data/cbmc/proofs"/>
  <description>arithmetic overflow on signed to unsigned type conversion in (unsigned int)cnt</description>
  <expression>cnt &gt;= 0</expression>
</property>

<property class="assertion" name="harness.assertion.1">
  <location file="/cassis-verif/data/cbmc/proofs/supervisor_get_scheduled_commands/supervisor_get_scheduled_commands_harness.c" function="harness" line="110" working-directory="/cassis-verif/data/cbmc/proofs"/>
  <description>assertion cnt == num_ts_zero</description>
  <expression>(unsigned int)cnt == num_ts_zero</expression>
</property>

<property class="overflow" name="harness.overflow.2">
  <location file="/cassis-verif/data/cbmc/proofs/supervisor_get_scheduled_commands/supervisor_get_scheduled_commands_harness.c" function="harness" line="111" working-directory="/cassis-verif/data/cbmc/proofs"/>
  <description>arithmetic overflow on signed to unsigned type conversion in (unsigned int)ts_cnt</description>
  <expression>ts_cnt &gt;= 0 ==&gt; ts_cnt &gt;= 0</expression>
</property>

<property class="overflow" name="harness.overflow.3">
  <location file="/cassis-verif/data/cbmc/proofs/supervisor_get_scheduled_commands/supervisor_get_scheduled_commands_harness.c" function="harness" line="111" working-directory="/cassis-verif/data/cbmc/proofs"/>
  <description>arithmetic overflow on unsigned - in num_pending - num_ts_zero</description>
  <expression>ts_cnt &gt;= 0 ==&gt; !overflow("-", uint32_t, num_pending, num_ts_zero)</expression>
</property>

<property class="assertion" name="harness.assertion.2">
  <location file="/cassis-verif/data/cbmc/proofs/supervisor_get_scheduled_commands/supervisor_get_scheduled_commands_harness.c" function="harness" line="111" working-directory="/cassis-verif/data/cbmc/proofs"/>
  <description>assertion ts_cnt &gt;= 0 &amp;&amp; ts_cnt &lt;= num_pending - num_ts_zero</description>
  <expression>ts_cnt &gt;= 0 &amp;&amp; (unsigned int)ts_cnt &lt;= num_pending - num_ts_zero</expression>
</property>

<property class="overflow" name="harness.overflow.4">
  <location file="/cassis-verif/data/cbmc/proofs/supervisor_get_scheduled_commands/supervisor_get_scheduled_commands_harness.c" function="harness" line="112" working-directory="/cassis-verif/data/cbmc/proofs"/>
  <description>arithmetic overflow on signed to unsigned type conversion in (unsigned int)ts_cnt</description>
  <expression>ts_cnt &gt;= 0</expression>
</property>

<property class="assertion" name="harness.assertion.3">
  <location file="/cassis-verif/data/cbmc/proofs/supervisor_get_scheduled_commands/supervisor_get_scheduled_commands_harness.c" function="harness" line="112" working-directory="/cassis-verif/data/cbmc/proofs"/>
  <description>assertion ts_cnt == num_preissue</description>
  <expression>(unsigned int)ts_cnt == num_preissue</expression>
</property>

<property class="overflow" name="harness.overflow.5">
  <location file="/cassis-verif/data/cbmc/proofs/supervisor_get_scheduled_commands/supervisor_get_scheduled_commands_harness.c" function="harness" line="113" working-directory="/cassis-verif/data/cbmc/proofs"/>
  <description>arithmetic overflow on signed + in ts_cnt + cnt</description>
  <expression>!overflow("+", signed int, ts_cnt, cnt)</expression>
</property>

<property class="overflow" name="harness.overflow.6">
  <location file="/cassis-verif/data/cbmc/proofs/supervisor_get_scheduled_commands/supervisor_get_scheduled_commands_harness.c" function="harness" line="113" working-directory="/cassis-verif/data/cbmc/proofs"/>
  <description>arithmetic overflow on signed to unsigned type conversion in (unsigned int)(ts_cnt + cnt)</description>
  <expression>ts_cnt + cnt &gt;= 0</expression>
</property>

<property class="assertion" name="harness.assertion.4">
  <location file="/cassis-verif/data/cbmc/proofs/supervisor_get_scheduled_commands/supervisor_get_scheduled_commands_harness.c" function="harness" line="113" working-directory="/cassis-verif/data/cbmc/proofs"/>
  <description>assertion ts_cnt + cnt &lt;= num_pending</description>
  <expression>(unsigned int)(ts_cnt + cnt) &lt;= num_pending</expression>
</property>

<property class="array bounds" name="harness.array_bounds.1">
  <location file="/cassis-verif/data/cbmc/proofs/supervisor_get_scheduled_commands/supervisor_get_scheduled_commands_harness.c" function="harness" line="120" working-directory="/cassis-verif/data/cbmc/proofs"/>
  <description>array 'command_table'.commands lower bound in command_table.commands[(signed long int)i]</description>
  <expression>8l + (signed long int)i * 664l &gt;= 0l</expression>
</property>

<property class="array bounds" name="harness.array_bounds.2">
  <location file="/cassis-verif/data/cbmc/proofs/supervisor_get_scheduled_commands/supervisor_get_scheduled_commands_harness.c" function="harness" line="120" working-directory="/cassis-verif/data/cbmc/proofs"/>
  <description>array 'command_table'.commands upper bound in command_table.commands[(signed long int)i]</description>
  <expression>!((signed long int)i &gt;= 10l)</expression>
</property>

<property class="assertion" name="harness.assertion.5">
  <location file="/cassis-verif/data/cbmc/proofs/supervisor_get_scheduled_commands/supervisor_get_scheduled_commands_harness.c" function="harness" line="122" working-directory="/cassis-verif/data/cbmc/proofs"/>
  <description>assertion __CPROVER_same_object(&amp;command_table.commands[i], &amp;scheduled_commands[ts_zero_index])</description>
  <expression>__CPROVER_POINTER_OBJECT((const void *)&amp;command_table.commands[(signed long int)i]) == __CPROVER_POINTER_OBJECT((const void *)&amp;scheduled_commands[(signed long int)ts_zero_index])</expression>
</property>

<property class="overflow" name="harness.overflow.7">
  <location file="/cassis-verif/data/cbmc/proofs/supervisor_get_scheduled_commands/supervisor_get_scheduled_commands_harness.c" function="harness" line="123" working-directory="/cassis-verif/data/cbmc/proofs"/>
  <description>arithmetic overflow on signed + in ts_zero_index + 1</description>
  <expression>!overflow("+", signed int, ts_zero_index, 1)</expression>
</property>

<property class="assertion" name="harness.assertion.6">
  <location file="/cassis-verif/data/cbmc/proofs/supervisor_get_scheduled_commands/supervisor_get_scheduled_commands_harness.c" function="harness" line="125" working-directory="/cassis-verif/data/cbmc/proofs"/>
  <description>assertion __CPROVER_same_object(&amp;command_table.commands[i], &amp;scheduled_ts_commands[preissue_index])</description>
  <expression>__CPROVER_POINTER_OBJECT((const void *)&amp;command_table.commands[(signed long int)i]) == __CPROVER_POINTER_OBJECT((const void *)&amp;scheduled_ts_commands[(signed long int)preissue_index])</expression>
</property>

<property class="overflow" name="harness.overflow.8">
  <location file="/cassis-verif/data/cbmc/proofs/supervisor_get_scheduled_commands/supervisor_get_scheduled_commands_harness.c" function="harness" line="126" working-directory="/cassis-verif/data/cbmc/proofs"/>
  <description>arithmetic overflow on signed + in preissue_index + 1</description>
  <expression>!overflow("+", signed int, preissue_index, 1)</expression>
</property>

<property class="overflow" name="harness.overflow.9">
  <location file="/cassis-verif/data/cbmc/proofs/supervisor_get_scheduled_commands/supervisor_get_scheduled_commands_harness.c" function="harness" line="119" working-directory="/cassis-verif/data/cbmc/proofs"/>
  <description>arithmetic overflow on signed + in i + 1</description>
  <expression>!overflow("+", signed int, i, 1)</expression>
</property>

<property class="assertion" name="harness.assertion.7">
  <location file="/cassis-verif/data/cbmc/proofs/supervisor_get_scheduled_commands/supervisor_get_scheduled_commands_harness.c" function="harness" line="132" working-directory="/cassis-verif/data/cbmc/proofs"/>
  <description>assertion ts_zero_index == cnt</description>
  <expression>ts_zero_index == cnt</expression>
</property>

<property class="assertion" name="harness.assertion.8">
  <location file="/cassis-verif/data/cbmc/proofs/supervisor_get_scheduled_commands/supervisor_get_scheduled_commands_harness.c" function="harness" line="133" working-directory="/cassis-verif/data/cbmc/proofs"/>
  <description>assertion preissue_index == ts_cnt</description>
  <expression>preissue_index == ts_cnt</expression>
</property>

<property class="array bounds" name="supervisor_get_scheduled_commands.array_bounds.1">
  <location file="/cassis-verif/data/src/cassis_launcher.c" function="supervisor_get_scheduled_commands" line="1521" working-directory="/cassis-verif/data/cbmc/proofs"/>
  <description>array 'command_table'.commands lower bound in command_table.commands[(signed long int)i]</description>
  <expression>8l + (signed long int)i * 664l &gt;= 0l</expression>
</property>

<property class="array bounds" name="supervisor_get_scheduled_commands.array_bounds.2">
  <location file="/cassis-verif/data/src/cassis_launcher.c" function="supervisor_get_scheduled_commands" line="1521" working-directory="/cassis-verif/data/cbmc/proofs"/>
  <description>array 'command_table'.commands upper bound in command_table.commands[(signed long int)i]</description>
  <expression>!((signed long int)i &gt;= 10l)</expression>
</property>

<property class="array bounds" name="supervisor_get_scheduled_commands.array_bounds.3">
  <location file="/cassis-verif/data/src/cassis_launcher.c" function="supervisor_get_scheduled_commands" line="1524" working-directory="/cassis-verif/data/cbmc/proofs"/>
  <description>array 'command_table'.commands lower bound in command_table.commands[(signed long int)i]</description>
  <expression>8l + (signed long int)i * 664l &gt;= 0l</expression>
</property>

<property class="array bounds" name="supervisor_get_scheduled_commands.array_bounds.4">
  <location file="/cassis-verif/data/src/cassis_launcher.c" function="supervisor_get_scheduled_commands" line="1524" working-directory="/cassis-verif/data/cbmc/proofs"/>
  <description>array 'command_table'.commands upper bound in command_table.commands[(signed long int)i]</description>
  <expression>!((signed long int)i &gt;= 10l)</expression>
</property>

<property class="overflow" name="supervisor_get_scheduled_commands.overflow.1">
  <location file="/cassis-verif/data/src/cassis_launcher.c" function="supervisor_get_scheduled_commands" line="1526" working-directory="/cassis-verif/data/cbmc/proofs"/>
  <description>arithmetic overflow on signed + in _cnt + 1</description>
  <expression>!overflow("+", signed int, _cnt, 1)</expression>
</property>

<property class="overflow" name="supervisor_get_scheduled_commands.overflow.2">
  <location file="/cassis-verif/data/src/cassis_launcher.c" function="supervisor_get_scheduled_commands" line="1526"/>
  <description>arithmetic overflow on signed * in (signed long int)tmp_post__cnt * (signed long int)8ul</description>
  <expression>!overflow("*", signed long int, (signed long int)tmp_post__cnt, 8l)</expression>
</property>

<property class="pointer arithmetic" name="supervisor_get_scheduled_commands.pointer_arithmetic.1">
  <location file="/cassis-verif/data/src/cassis_launcher.c" function="supervisor_get_scheduled_commands" line="1526" working-directory="/cassis-verif/data/cbmc/proofs"/>
  <description>pointer arithmetic: pointer NULL in command + (signed long int)tmp_post__cnt</description>
  <expression>!(__CPROVER_POINTER_OBJECT(((struct gds_atomic_command_t **)NULL)) == __CPROVER_POINTER_OBJECT(command))</expression>
</property>

<property class="pointer arithmetic" name="supervisor_get_scheduled_commands.pointer_arithmetic.2">
  <location file="/cassis-verif/data/src/cassis_launcher.c" function="supervisor_get_scheduled_commands" line="1526" working-directory="/cassis-verif/data/cbmc/proofs"/>
  <description>pointer arithmetic: pointer invalid in command + (signed long int)tmp_post__cnt</description>
  <expression>!IS_INVALID_POINTER(command)</expression>
</property>

<property class="pointer arithmetic" name="supervisor_get_scheduled_commands.pointer_arithmetic.3">
  <location file="/cassis-verif/data/src/cassis_launcher.c" function="supervisor_get_scheduled_commands" line="1526" working-directory="/cassis-verif/data/cbmc/proofs"/>
  <description>pointer arithmetic: deallocated dynamic object in command + (signed long int)tmp_post__cnt</description>
  <expression>!(__CPROVER_POINTER_OBJECT(command) == __CPROVER_POINTER_OBJECT(__CPROVER_deallocated))</expression>
</property>

<property class="pointer arithmetic" name="supervisor_get_scheduled_commands.pointer_arithmetic.4">
  <location file="/cassis-verif/data/src/cassis_launcher.c" function="supervisor_get_scheduled_commands" line="1526" working-directory="/cassis-verif/data/cbmc/proofs"/>
  <description>pointer arithmetic: dead object in command + (signed long int)tmp_post__cnt</description>
  <expression>!(__CPROVER_POINTER_OBJECT(command) == __CPROVER_POINTER_OBJECT(__CPROVER_dead_object))</expression>
</property>

<property class="pointer arithmetic" name="supervisor_get_scheduled_commands.pointer_arithmetic.5">
  <location file="/cassis-verif/data/src/cassis_launcher.c" function="supervisor_get_scheduled_commands" line="1526" working-directory="/cassis-verif/data/cbmc/proofs"/>
  <description>pointer arithmetic: pointer outside object bounds in command + (signed long int)tmp_post__cnt</description>
  <expression>(unsigned __CPROVER_bitvector[65])__CPROVER_OBJECT_SIZE(command) &gt;= (unsigned __CPROVER_bitvector[65])(__CPROVER_POINTER_OFFSET(command) + (unsigned long int)(signed long int)tmp_post__cnt * 8ul)</expression>
</property>

<property class="pointer arithmetic" name="supervisor_get_scheduled_commands.pointer_arithmetic.6">
  <location file="/cassis-verif/data/src/cassis_launcher.c" function="supervisor_get_scheduled_commands" line="1526" working-directory="/cassis-verif/data/cbmc/proofs"/>
  <description>pointer arithmetic: invalid integer address in command + (signed long int)tmp_post__cnt</description>
  <expression>!(__CPROVER_POINTER_OBJECT(((struct gds_atomic_command_t **)NULL)) == __CPROVER_POINTER_OBJECT(command)) || command + (signed long int)tmp_post__cnt == ((struct gds_atomic_command_t **)NULL)</expression>
</property>

<property class="pointer dereference" name="supervisor_get_scheduled_commands.pointer_dereference.1">
  <location file="/cassis-verif/data/src/cassis_launcher.c" function="supervisor_get_scheduled_commands" line="1526" working-directory="/cassis-verif/data/cbmc/proofs"/>
  <description>dereference failure: pointer NULL in command[(signed long int)tmp_post__cnt]</description>
  <expression>!(__CPROVER_POINTER_OBJECT(((struct gds_atomic_command_t **)NULL)) == __CPROVER_POINTER_OBJECT(command))</expression>
</property>

<property class="pointer dereference" name="supervisor_get_scheduled_commands.pointer_dereference.2">
  <location file="/cassis-verif/data/src/cassis_launcher.c" function="supervisor_get_scheduled_commands" line="1526" working-directory="/cassis-verif/data/cbmc/proofs"/>
  <description>dereference failure: pointer invalid in command[(signed long int)tmp_post__cnt]</description>
  <expression>!IS_INVALID_POINTER(command)</expression>
</property>

<property class="pointer dereference" name="supervisor_get_scheduled_commands.pointer_dereference.3">
  <location file="/cassis-verif/data/src/cassis_launcher.c" function="supervisor_get_scheduled_commands" line="1526" working-directory="/cassis-verif/data/cbmc/proofs"/>
  <description>dereference failure: deallocated dynamic object in command[(signed long int)tmp_post__cnt]</description>
  <expression>!(__CPROVER_POINTER_OBJECT(command) == __CPROVER_POINTER_OBJECT(__CPROVER_deallocated))</expression>
</property>

<property class="pointer dereference" name="supervisor_get_scheduled_commands.pointer_dereference.4">
  <location file="/cassis-verif/data/src/cassis_launcher.c" function="supervisor_get_scheduled_commands" line="1526" working-directory="/cassis-verif/data/cbmc/proofs"/>
  <description>dereference failure: dead object in command[(signed long int)tmp_post__cnt]</description>
  <expression>!(__CPROVER_POINTER_OBJECT(command) == __CPROVER_POINTER_OBJECT(__CPROVER_dead_object))</expression>
</property>

<property class="pointer dereference" name="supervisor_get_scheduled_commands.pointer_dereference.5">
  <location file="/cassis-verif/data/src/cassis_launcher.c" function="supervisor_get_scheduled_commands" line="1526" working-directory="/cassis-verif/data/cbmc/proofs"/>
  <description>dereference failure: pointer outside object bounds in command[(signed long int)tmp_post__cnt]</description>
  <expression>(unsigned __CPROVER_bitvector[65])__CPROVER_OBJECT_SIZE(command) &gt;= (unsigned __CPROVER_bitvector[65])(__CPROVER_POINTER_OFFSET(command) + (unsigned long int)(signed long int)tmp_post__cnt * 8ul) + 8</expression>
</property>

<property class="pointer dereference" name="supervisor_get_scheduled_commands.pointer_dereference.6">
  <location file="/cassis-verif/data/src/cassis_launcher.c" function="supervisor_get_scheduled_commands" line="1526" working-directory="/cassis-verif/data/cbmc/proofs"/>
  <description>dereference failure: invalid integer address in command[(signed long int)tmp_post__cnt]</description>
  <expression>!(__CPROVER_POINTER_OBJECT(((struct gds_atomic_command_t **)NULL)) == __CPROVER_POINTER_OBJECT(command)) || command + (signed long int)tmp_post__cnt == ((struct gds_atomic_command_t **)NULL)</expression>
</property>

<property class="overflow" name="supervisor_get_scheduled_commands.overflow.3">
  <location file="/cassis-verif/data/src/cassis_launcher.c" function="supervisor_get_scheduled_commands" line="1530" working-directory="/cassis-verif/data/cbmc/proofs"/>
  <description>arithmetic overflow on signed + in _tscnt + 1</description>
  <expression>!overflow("+", signed int, _tscnt, 1)</expression>
</property>

<property class="overflow" name="supervisor_get_scheduled_commands.overflow.4">
  <location file="/cassis-verif/data/src/cassis_launcher.c" function="supervisor_get_scheduled_commands" line="1530"/>
  <description>arithmetic overflow on signed * in (signed long int)tmp_post__tscnt * (signed long int)8ul</description>
  <expression>!overflow("*", signed long int, (signed long int)tmp_post__tscnt, 8l)</expression>
</property>

<property class="pointer arithmetic" name="supervisor_get_scheduled_commands.pointer_arithmetic.7">
  <location file="/cassis-verif/data/src/cassis_launcher.c" function="supervisor_get_scheduled_commands" line="1530" working-directory="/cassis-verif/data/cbmc/proofs"/>
  <description>pointer arithmetic: pointer NULL in ts_command + (signed long int)tmp_post__tscnt</description>
  <expression>!(__CPROVER_POINTER_OBJECT(((struct gds_atomic_command_t **)NULL)) == __CPROVER_POINTER_OBJECT(ts_command))</expression>
</property>

<property class="pointer arithmetic" name="supervisor_get_scheduled_commands.pointer_arithmetic.8">
  <location file="/cassis-verif/data/src/cassis_launcher.c" function="supervisor_get_scheduled_commands" line="1530" working-directory="/cassis-verif/data/cbmc/proofs"/>
  <description>pointer arithmetic: pointer invalid in ts_command + (signed long int)tmp_post__tscnt</description>
  <expression>!IS_INVALID_POINTER(ts_command)</expression>
</property>

<property class="pointer arithmetic" name="supervisor_get_scheduled_commands.pointer_arithmetic.9">
  <location file="/cassis-verif/data/src/cassis_launcher.c" function="supervisor_get_scheduled_commands" line="1530" working-directory="/cassis-verif/data/cbmc/proofs"/>
  <description>pointer arithmetic: deallocated dynamic object in ts_command + (signed long int)tmp_post__tscnt</description>
  <expression>!(__CPROVER_POINTER_OBJECT(ts_command) == __CPROVER_POINTER_OBJECT(__CPROVER_deallocated))</expression>
</property>

<property class="pointer arithmetic" name="supervisor_get_scheduled_commands.pointer_arithmetic.10">
  <location file="/cassis-verif/data/src/cassis_launcher.c" function="supervisor_get_scheduled_commands" line="1530" working-directory="/cassis-verif/data/cbmc/proofs"/>
  <description>pointer arithmetic: dead object in ts_command + (signed long int)tmp_post__tscnt</description>
  <expression>!(__CPROVER_POINTER_OBJECT(ts_command) == __CPROVER_POINTER_OBJECT(__CPROVER_dead_object))</expression>
</property>

<property class="pointer arithmetic" name="supervisor_get_scheduled_commands.pointer_arithmetic.11">
  <location file="/cassis-verif/data/src/cassis_launcher.c" function="supervisor_get_scheduled_commands" line="1530" working-directory="/cassis-verif/data/cbmc/proofs"/>
  <description>pointer arithmetic: pointer outside object bounds in ts_command + (signed long int)tmp_post__tscnt</description>
  <expression>(unsigned __CPROVER_bitvector[65])__CPROVER_OBJECT_SIZE(ts_command) &gt;= (unsigned __CPROVER_bitvector[65])(__CPROVER_POINTER_OFFSET(ts_command) + (unsigned long int)(signed long int)tmp_post__tscnt * 8ul)</expression>
</property>

<property class="pointer arithmetic" name="supervisor_get_scheduled_commands.pointer_arithmetic.12">
  <location file="/cassis-verif/data/src/cassis_launcher.c" function="supervisor_get_scheduled_commands" line="1530" working-directory="/cassis-verif/data/cbmc/proofs"/>
  <description>pointer arithmetic: invalid integer address in ts_command + (signed long int)tmp_post__tscnt</description>
  <expression>!(__CPROVER_POINTER_OBJECT(((struct gds_atomic_command_t **)NULL)) == __CPROVER_POINTER_OBJECT(ts_command)) || ts_command + (signed long int)tmp_post__tscnt == ((struct gds_atomic_command_t **)NULL)</expression>
</property>

<property class="pointer dereference" name="supervisor_get_scheduled_commands.pointer_dereference.7">
  <location file="/cassis-verif/data/src/cassis_launcher.c" function="supervisor_get_scheduled_commands" line="1530" working-directory="/cassis-verif/data/cbmc/proofs"/>
  <description>dereference failure: pointer NULL in ts_command[(signed long int)tmp_post__tscnt]</description>
  <expression>!(__CPROVER_POINTER_OBJECT(((struct gds_atomic_command_t **)NULL)) == __CPROVER_POINTER_OBJECT(ts_command))</expression>
</property>

<property class="pointer dereference" name="supervisor_get_scheduled_commands.pointer_dereference.8">
  <location file="/cassis-verif/data/src/cassis_launcher.c" function="supervisor_get_scheduled_commands" line="1530" working-directory="/cassis-verif/data/cbmc/proofs"/>
  <description>dereference failure: pointer invalid in ts_command[(signed long int)tmp_post__tscnt]</description>
  <expression>!IS_INVALID_POINTER(ts_command)</expression>
</property>

<property class="pointer dereference" name="supervisor_get_scheduled_commands.pointer_dereference.9">
  <location file="/cassis-verif/data/src/cassis_launcher.c" function="supervisor_get_scheduled_commands" line="1530" working-directory="/cassis-verif/data/cbmc/proofs"/>
  <description>dereference failure: deallocated dynamic object in ts_command[(signed long int)tmp_post__tscnt]</description>
  <expression>!(__CPROVER_POINTER_OBJECT(ts_command) == __CPROVER_POINTER_OBJECT(__CPROVER_deallocated))</expression>
</property>

<property class="pointer dereference" name="supervisor_get_scheduled_commands.pointer_dereference.10">
  <location file="/cassis-verif/data/src/cassis_launcher.c" function="supervisor_get_scheduled_commands" line="1530" working-directory="/cassis-verif/data/cbmc/proofs"/>
  <description>dereference failure: dead object in ts_command[(signed long int)tmp_post__tscnt]</description>
  <expression>!(__CPROVER_POINTER_OBJECT(ts_command) == __CPROVER_POINTER_OBJECT(__CPROVER_dead_object))</expression>
</property>

<property class="pointer dereference" name="supervisor_get_scheduled_commands.pointer_dereference.11">
  <location file="/cassis-verif/data/src/cassis_launcher.c" function="supervisor_get_scheduled_commands" line="1530" working-directory="/cassis-verif/data/cbmc/proofs"/>
  <description>dereference failure: pointer outside object bounds in ts_command[(signed long int)tmp_post__tscnt]</description>
  <expression>(unsigned __CPROVER_bitvector[65])__CPROVER_OBJECT_SIZE(ts_command) &gt;= (unsigned __CPROVER_bitvector[65])(__CPROVER_POINTER_OFFSET(ts_command) + (unsigned long int)(signed long int)tmp_post__tscnt * 8ul) + 8</expression>
</property>

<property class="pointer dereference" name="supervisor_get_scheduled_commands.pointer_dereference.12">
  <location file="/cassis-verif/data/src/cassis_launcher.c" function="supervisor_get_scheduled_commands" line="1530" working-directory="/cassis-verif/data/cbmc/proofs"/>
  <description>dereference failure: invalid integer address in ts_command[(signed long int)tmp_post__tscnt]</description>
  <expression>!(__CPROVER_POINTER_OBJECT(((struct gds_atomic_command_t **)NULL)) == __CPROVER_POINTER_OBJECT(ts_command)) || ts_command + (signed long int)tmp_post__tscnt == ((struct gds_atomic_command_t **)NULL)</expression>
</property>

<property class="overflow" name="supervisor_get_scheduled_commands.overflow.5">
  <location file="/cassis-verif/data/src/cassis_launcher.c" function="supervisor_get_scheduled_commands" line="1519" working-directory="/cassis-verif/data/cbmc/proofs"/>
  <description>arithmetic overflow on signed + in i + 1</description>
  <expression>!overflow("+", signed int, i, 1)</expression>
</property>

<property class="pointer dereference" name="supervisor_get_scheduled_commands.pointer_dereference.13">
  <location file="/cassis-verif/data/src/cassis_launcher.c" function="supervisor_get_scheduled_commands" line="1535" working-directory="/cassis-verif/data/cbmc/proofs"/>
  <description>dereference failure: pointer NULL in *ts_cnt</description>
  <expression>!(__CPROVER_POINTER_OBJECT(((signed int *)NULL)) == __CPROVER_POINTER_OBJECT(ts_cnt))</expression>
</property>

<property class="pointer dereference" name="supervisor_get_scheduled_commands.pointer_dereference.14">
  <location file="/cassis-verif/data/src/cassis_launcher.c" function="supervisor_get_scheduled_commands" line="1535" working-directory="/cassis-verif/data/cbmc/proofs"/>
  <description>dereference failure: pointer invalid in *ts_cnt</description>
  <expression>!IS_INVALID_POINTER(ts_cnt)</expression>
</property>

<property class="pointer dereference" name="supervisor_get_scheduled_commands.pointer_dereference.15">
  <location file="/cassis-verif/data/src/cassis_launcher.c" function="supervisor_get_scheduled_commands" line="1535" working-directory="/cassis-verif/data/cbmc/proofs"/>
  <description>dereference failure: deallocated dynamic object in *ts_cnt</description>
  <expression>!(__CPROVER_POINTER_OBJECT(ts_cnt) == __CPROVER_POINTER_OBJECT(__CPROVER_deallocated))</expression>
</property>

<property class="pointer dereference" name="supervisor_get_scheduled_commands.pointer_dereference.16">
  <location file="/cassis-verif/data/src/cassis_launcher.c" function="supervisor_get_scheduled_commands" line="1535" working-directory="/cassis-verif/data/cbmc/proofs"/>
  <description>dereference failure: dead object in *ts_cnt</description>
  <expression>!(__CPROVER_POINTER_OBJECT(ts_cnt) == __CPROVER_POINTER_OBJECT(__CPROVER_dead_object))</expression>
</property>

<property class="pointer dereference" name="supervisor_get_scheduled_commands.pointer_dereference.17">
  <location file="/cassis-verif/data/src/cassis_launcher.c" function="supervisor_get_scheduled_commands" line="1535" working-directory="/cassis-verif/data/cbmc/proofs"/>
  <description>dereference failure: pointer outside object bounds in *ts_cnt</description>
  <expression>(unsigned __CPROVER_bitvector[65])__CPROVER_OBJECT_SIZE(ts_cnt) &gt;= (unsigned __CPROVER_bitvector[65])__CPROVER_POINTER_OFFSET(ts_cnt) + 4</expression>
</property>

<property class="pointer dereference" name="supervisor_get_scheduled_commands.pointer_dereference.18">
  <location file="/cassis-verif/data/src/cassis_launcher.c" function="supervisor_get_scheduled_commands" line="1535" working-directory="/cassis-verif/data/cbmc/proofs"/>
  <description>dereference failure: invalid integer address in *ts_cnt</description>
  <expression>!(__CPROVER_POINTER_OBJECT(((signed int *)NULL)) == __CPROVER_POINTER_OBJECT(ts_cnt)) || ts_cnt == ((signed int *)NULL)</expression>
</property>

<property class="pointer dereference" name="supervisor_get_scheduled_commands.pointer_dereference.19">
  <location file="/cassis-verif/data/src/cassis_launcher.c" function="supervisor_get_scheduled_commands" line="1536" working-directory="/cassis-verif/data/cbmc/proofs"/>
  <description>dereference failure: pointer NULL in *cnt</description>
  <expression>!(__CPROVER_POINTER_OBJECT(((signed int *)NULL)) == __CPROVER_POINTER_OBJECT(cnt))</expression>
</property>

<property class="pointer dereference" name="supervisor_get_scheduled_commands.pointer_dereference.20">
  <location file="/cassis-verif/data/src/cassis_launcher.c" function="supervisor_get_scheduled_commands" line="1536" working-directory="/cassis-verif/data/cbmc/proofs"/>
  <description>dereference failure: pointer invalid in *cnt</description>
  <expression>!IS_INVALID_POINTER(cnt)</expression>
</property>

<property class="pointer dereference" name="supervisor_get_scheduled_commands.pointer_dereference.21">
  <location file="/cassis-verif/data/src/cassis_launcher.c" function="supervisor_get_scheduled_commands" line="1536" working-directory="/cassis-verif/data/cbmc/proofs"/>
  <description>dereference failure: deallocated dynamic object in *cnt</description>
  <expression>!(__CPROVER_POINTER_OBJECT(cnt) == __CPROVER_POINTER_OBJECT(__CPROVER_deallocated))</expression>
</property>

<property class="pointer dereference" name="supervisor_get_scheduled_commands.pointer_dereference.22">
  <location file="/cassis-verif/data/src/cassis_launcher.c" function="supervisor_get_scheduled_commands" line="1536" working-directory="/cassis-verif/data/cbmc/proofs"/>
  <description>dereference failure: dead object in *cnt</description>
  <expression>!(__CPROVER_POINTER_OBJECT(cnt) == __CPROVER_POINTER_OBJECT(__CPROVER_dead_object))</expression>
</property>

<property class="pointer dereference" name="supervisor_get_scheduled_commands.pointer_dereference.23">
  <location file="/cassis-verif/data/src/cassis_launcher.c" function="supervisor_get_scheduled_commands" line="1536" working-directory="/cassis-verif/data/cbmc/proofs"/>
  <description>dereference failure: pointer outside object bounds in *cnt</description>
  <expression>(unsigned __CPROVER_bitvector[65])__CPROVER_OBJECT_SIZE(cnt) &gt;= (unsigned __CPROVER_bitvector[65])__CPROVER_POINTER_OFFSET(cnt) + 4</expression>
</property>

<property class="pointer dereference" name="supervisor_get_scheduled_commands.pointer_dereference.24">
  <location file="/cassis-verif/data/src/cassis_launcher.c" function="supervisor_get_scheduled_commands" line="1536" working-directory="/cassis-verif/data/cbmc/proofs"/>
  <description>dereference failure: invalid integer address in *cnt</description>
  <expression>!(__CPROVER_POINTER_OBJECT(((signed int *)NULL)) == __CPROVER_POINTER_OBJECT(cnt)) || cnt == ((signed int *)NULL)</expression>
</property>

<property class="overflow" name="get_preissue_timestamp.overflow.1">
  <location file="/cassis-verif/data/cbmc/proofs/supervisor_get_scheduled_commands/supervisor_get_scheduled_commands_harness.c" function="get_preissue_timestamp" line="74" working-directory="/cassis-verif/data/cbmc/proofs"/>
  <description>arithmetic overflow on signed - in command - base_ptr</description>
  <expression>!overflow("-", struct gds_atomic_command_t *, command, base_ptr)</expression>
</property>

<property class="pointer" name="get_preissue_timestamp.pointer.1">
  <location file="/cassis-verif/data/cbmc/proofs/supervisor_get_scheduled_commands/supervisor_get_scheduled_commands_harness.c" function="get_preissue_timestamp" line="74" working-directory="/cassis-verif/data/cbmc/proofs"/>
  <description>same object violation in command - base_ptr</description>
  <expression>__CPROVER_POINTER_OBJECT(command) == __CPROVER_POINTER_OBJECT(base_ptr)</expression>
</property>

<property class="pointer arithmetic" name="get_preissue_timestamp.pointer_arithmetic.1">
  <location file="/cassis-verif/data/cbmc/proofs/supervisor_get_scheduled_commands/supervisor_get_scheduled_commands_harness.c" function="get_preissue_timestamp" line="74" working-directory="/cassis-verif/data/cbmc/proofs"/>
  <description>pointer relation: pointer NULL in command</description>
  <expression>!(__CPROVER_POINTER_OBJECT(((struct gds_atomic_command_t *)NULL)) == __CPROVER_POINTER_OBJECT(command))</expression>
</property>

<property class="pointer arithmetic" name="get_preissue_timestamp.pointer_arithmetic.2">
  <location file="/cassis-verif/data/cbmc/proofs/supervisor_get_scheduled_commands/supervisor_get_scheduled_commands_harness.c" function="get_preissue_timestamp" line="74" working-directory="/cassis-verif/data/cbmc/proofs"/>
  <description>pointer relation: pointer invalid in command</description>
  <expression>!IS_INVALID_POINTER(command)</expression>
</property>

<property class="pointer arithmetic" name="get_preissue_timestamp.pointer_arithmetic.3">
  <location file="/cassis-verif/data/cbmc/proofs/supervisor_get_scheduled_commands/supervisor_get_scheduled_commands_harness.c" function="get_preissue_timestamp" line="74" working-directory="/cassis-verif/data/cbmc/proofs"/>
  <description>pointer relation: deallocated dynamic object in command</description>
  <expression>!(__CPROVER_POINTER_OBJECT(command) == __CPROVER_POINTER_OBJECT(__CPROVER_deallocated))</expression>
</property>

<property class="pointer arithmetic" name="get_preissue_timestamp.pointer_arithmetic.4">
  <location file="/cassis-verif/data/cbmc/proofs/supervisor_get_scheduled_commands/supervisor_get_scheduled_commands_harness.c" function="get_preissue_timestamp" line="74" working-directory="/cassis-verif/data/cbmc/proofs"/>
  <description>pointer relation: dead object in command</description>
  <expression>!(__CPROVER_POINTER_OBJECT(command) == __CPROVER_POINTER_OBJECT(__CPROVER_dead_object))</expression>
</property>

<property class="pointer arithmetic" name="get_preissue_timestamp.pointer_arithmetic.5">
  <location file="/cassis-verif/data/cbmc/proofs/supervisor_get_scheduled_commands/supervisor_get_scheduled_commands_harness.c" function="get_preissue_timestamp" line="74" working-directory="/cassis-verif/data/cbmc/proofs"/>
  <description>pointer relation: pointer outside object bounds in command</description>
  <expression>(unsigned __CPROVER_bitvector[65])__CPROVER_OBJECT_SIZE(command) &gt;= (unsigned __CPROVER_bitvector[65])__CPROVER_POINTER_OFFSET(command)</expression>
</property>

<property class="pointer arithmetic" name="get_preissue_timestamp.pointer_arithmetic.6">
  <location file="/cassis-verif/data/cbmc/proofs/supervisor_get_scheduled_commands/supervisor_get_scheduled_commands_harness.c" function="get_preissue_timestamp" line="74" working-directory="/cassis-verif/data/cbmc/proofs"/>
  <description>pointer relation: invalid integer address in command</description>
  <expression>!(__CPROVER_POINTER_OBJECT(((struct gds_atomic_command_t *)NULL)) == __CPROVER_POINTER_OBJECT(command)) || command == ((struct gds_atomic_command_t *)NULL)</expression>
</property>

<property class="pointer arithmetic" name="get_preissue_timestamp.pointer_arithmetic.7">
  <location file="/cassis-verif/data/cbmc/proofs/supervisor_get_scheduled_commands/supervisor_get_scheduled_commands_harness.c" function="get_preissue_timestamp" line="74" working-directory="/cassis-verif/data/cbmc/proofs"/>
  <description>pointer relation: pointer NULL in base_ptr</description>
  <expression>!(__CPROVER_POINTER_OBJECT(((struct gds_atomic_command_t *)NULL)) == __CPROVER_POINTER_OBJECT(base_ptr))</expression>
</property>

<property class="pointer arithmetic" name="get_preissue_timestamp.pointer_arithmetic.8">
  <location file="/cassis-verif/data/cbmc/proofs/supervisor_get_scheduled_commands/supervisor_get_scheduled_commands_harness.c" function="get_preissue_timestamp" line="74" working-directory="/cassis-verif/data/cbmc/proofs"/>
  <description>pointer relation: pointer invalid in base_ptr</description>
  <expression>!IS_INVALID_POINTER(base_ptr)</expression>
</property>

<property class="pointer arithmetic" name="get_preissue_timestamp.pointer_arithmetic.9">
  <location file="/cassis-verif/data/cbmc/proofs/supervisor_get_scheduled_commands/supervisor_get_scheduled_commands_harness.c" function="get_preissue_timestamp" line="74" working-directory="/cassis-verif/data/cbmc/proofs"/>
  <description>pointer relation: deallocated dynamic object in base_ptr</description>
  <expression>!(__CPROVER_POINTER_OBJECT(base_ptr) == __CPROVER_POINTER_OBJECT(__CPROVER_deallocated))</expression>
</property>

<property class="pointer arithmetic" name="get_preissue_timestamp.pointer_arithmetic.10">
  <location file="/cassis-verif/data/cbmc/proofs/supervisor_get_scheduled_commands/supervisor_get_scheduled_commands_harness.c" function="get_preissue_timestamp" line="74" working-directory="/cassis-verif/data/cbmc/proofs"/>
  <description>pointer relation: dead object in base_ptr</description>
  <expression>!(__CPROVER_POINTER_OBJECT(base_ptr) == __CPROVER_POINTER_OBJECT(__CPROVER_dead_object))</expression>
</property>

<property class="pointer arithmetic" name="get_preissue_timestamp.pointer_arithmetic.11">
  <location file="/cassis-verif/data/cbmc/proofs/supervisor_get_scheduled_commands/supervisor_get_scheduled_commands_harness.c" function="get_preissue_timestamp" line="74" working-directory="/cassis-verif/data/cbmc/proofs"/>
  <description>pointer relation: pointer outside object bounds in base_ptr</description>
  <expression>(unsigned __CPROVER_bitvector[65])__CPROVER_OBJECT_SIZE(base_ptr) &gt;= (unsigned __CPROVER_bitvector[65])__CPROVER_POINTER_OFFSET(base_ptr)</expression>
</property>

<property class="pointer arithmetic" name="get_preissue_timestamp.pointer_arithmetic.12">
  <location file="/cassis-verif/data/cbmc/proofs/supervisor_get_scheduled_commands/supervisor_get_scheduled_commands_harness.c" function="get_preissue_timestamp" line="74" working-directory="/cassis-verif/data/cbmc/proofs"/>
  <description>pointer relation: invalid integer address in base_ptr</description>
  <expression>!(__CPROVER_POINTER_OBJECT(((struct gds_atomic_command_t *)NULL)) == __CPROVER_POINTER_OBJECT(base_ptr)) || base_ptr == ((struct gds_atomic_command_t *)NULL)</expression>
</property>

<property class="overflow" name="get_preissue_timestamp.overflow.2">
  <location file="/cassis-verif/data/cbmc/proofs/supervisor_get_scheduled_commands/supervisor_get_scheduled_commands_harness.c" function="get_preissue_timestamp" line="74" working-directory="/cassis-verif/data/cbmc/proofs"/>
  <description>arithmetic overflow on signed to unsigned type conversion in (uint64_t)(command - base_ptr)</description>
  <expression>command - base_ptr &gt;= 0l</expression>
</property>

<property class="assertion" name="get_preissue_timestamp.assertion.1">
  <location file="/cassis-verif/data/cbmc/proofs/supervisor_get_scheduled_commands/supervisor_get_scheduled_commands_harness.c" function="get_preissue_timestamp" line="76" working-directory="/cassis-verif/data/cbmc/proofs"/>
  <description>assertion index &gt;= 0 &amp;&amp; index &lt; CMDTAB_MAX_ATOMIC_COMMANDS</description>
  <expression>index &gt;= (unsigned long int)0 &amp;&amp; index &lt; (unsigned long int)10</expression>
</property>

<property class="overflow" name="get_preissue_timestamp.overflow.3">
  <location file="/cassis-verif/data/cbmc/proofs/supervisor_get_scheduled_commands/supervisor_get_scheduled_commands_harness.c" function="get_preissue_timestamp" line="77" working-directory="/cassis-verif/data/cbmc/proofs"/>
  <description>arithmetic overflow on unsigned to signed type conversion in (signed long int)index</description>
  <expression>!(index &gt;= 9223372036854775808ul)</expression>
</property>

<property class="array bounds" name="get_preissue_timestamp.array_bounds.1">
  <location file="/cassis-verif/data/cbmc/proofs/supervisor_get_scheduled_commands/supervisor_get_scheduled_commands_harness.c" function="get_preissue_timestamp" line="77" working-directory="/cassis-verif/data/cbmc/proofs"/>
  <description>array 'preissue_ts_lookup_table' upper bound in preissue_ts_lookup_table[(signed long int)index]</description>
  <expression>!((signed long int)index &gt;= 10l)</expression>
</property>

</cprover>

