{
  "viewer-coverage": {
    "coverage": {
      "cbmc/proofs/gds_persist_ptables/gds_persist_ptables_harness.c": {
        "harness": {
          "73": "hit"
        }
      }
    },
    "function_coverage": {
      "cbmc/proofs/gds_persist_ptables/gds_persist_ptables_harness.c": {
        "harness": {
          "hit": 1,
          "percentage": 1.0,
          "total": 1
        }
      }
    },
    "line_coverage": {
      "cbmc/proofs/gds_persist_ptables/gds_persist_ptables_harness.c": {
        "73": "hit"
      }
    },
    "overall_coverage": {
      "hit": 1,
      "percentage": 1.0,
      "total": 1
    }
  }
}
