<?xml version="1.0" encoding="UTF-8"?>
<cprover>
<program>CBMC 5.95.1 (cbmc-5.95.1)</program>
<message type="WARNING">
  <text>**** WARNING: Use --unwinding-assertions to obtain sound verification results</text>
</message>

<message type="STATUS-MESSAGE">
  <text>CBMC version 5.95.1 (cbmc-5.95.1) 64-bit x86_64 linux</text>
</message>

<message type="STATUS-MESSAGE">
  <text>Reading GOTO program from file /cassis-verif/data/cbmc/proofs/drive_create_linear_model/gotos/drive_create_linear_model_harness.goto</text>
</message>

<message type="STATUS-MESSAGE">
  <text>Generating GOTO Program</text>
</message>

<message type="STATUS-MESSAGE">
  <text>Adding CPROVER library (x86_64)</text>
</message>

<message type="STATUS-MESSAGE">
  <text>Removal of function pointers and virtual functions</text>
</message>

<message type="STATUS-MESSAGE">
  <text>Generic Property Instrumentation</text>
</message>

<message type="STATUS-MESSAGE">
  <text>Rewriting existing assertions as assumptions</text>
</message>

<message type="STATUS-MESSAGE">
  <text>Running with 8 object bits, 56 offset bits (user-specified)</text>
</message>

<message type="STATUS-MESSAGE">
  <text>Starting Bounded Model Checking</text>
</message>

<message type="STATUS-MESSAGE">
  <text>Runtime Symex: 0.00603778s</text>
</message>

<message type="STATUS-MESSAGE">
  <text>size of program expression: 194 steps</text>
</message>

<message type="STATUS-MESSAGE">
  <text>Generated 16 VCC(s), 16 remaining after simplification</text>
</message>

<message type="STATUS-MESSAGE">
  <text>Runtime Postprocess Equation: 1.388e-05s</text>
</message>

<message type="STATUS-MESSAGE">
  <text>Passing problem to propositional reduction</text>
</message>

<message type="STATUS-MESSAGE">
  <text>converting SSA</text>
</message>

<message type="STATUS-MESSAGE">
  <text>Runtime Convert SSA: 0.207062s</text>
</message>

<message type="STATUS-MESSAGE">
  <text>Running propositional reduction</text>
</message>

<message type="STATUS-MESSAGE">
  <text>Post-processing</text>
</message>

<message type="STATUS-MESSAGE">
  <text>Runtime Post-process: 6.97e-06s</text>
</message>

<message type="STATUS-MESSAGE">
  <text>Solving with MiniSAT 2.2.1 with simplifier</text>
</message>

<message type="STATUS-MESSAGE">
  <text>158312 variables, 668369 clauses</text>
</message>

<message type="STATUS-MESSAGE">
  <text>SAT checker: instance is SATISFIABLE</text>
</message>

<message type="STATUS-MESSAGE">
  <text>Runtime Solver: 1.62249s</text>
</message>

<message type="STATUS-MESSAGE">
  <text>Runtime decision procedure: 1.82969s</text>
</message>

<message type="STATUS-MESSAGE">
  <text>Running propositional reduction</text>
</message>

<message type="STATUS-MESSAGE">
  <text>Solving with MiniSAT 2.2.1 with simplifier</text>
</message>

<message type="STATUS-MESSAGE">
  <text>158312 variables, 581304 clauses</text>
</message>

<message type="STATUS-MESSAGE">
  <text>SAT checker: instance is SATISFIABLE</text>
</message>

<message type="STATUS-MESSAGE">
  <text>Runtime Solver: 1.24045s</text>
</message>

<message type="STATUS-MESSAGE">
  <text>Runtime decision procedure: 1.24052s</text>
</message>

<message type="STATUS-MESSAGE">
  <text>Running propositional reduction</text>
</message>

<message type="STATUS-MESSAGE">
  <text>Solving with MiniSAT 2.2.1 with simplifier</text>
</message>

<message type="STATUS-MESSAGE">
  <text>158312 variables, 572164 clauses</text>
</message>

<message type="STATUS-MESSAGE">
  <text>SAT checker: instance is SATISFIABLE</text>
</message>

<message type="STATUS-MESSAGE">
  <text>Runtime Solver: 0.272328s</text>
</message>

<message type="STATUS-MESSAGE">
  <text>Runtime decision procedure: 0.27239s</text>
</message>

<goal description="block 1 (lines /cassis-verif/data/cbmc/proofs/drive_create_linear_model/drive_create_linear_model_harness.c:harness:63,64,66,68,69,71)" id="harness.coverage.1" status="SATISFIED">
  <location file="/cassis-verif/data/cbmc/proofs/drive_create_linear_model/drive_create_linear_model_harness.c" function="harness" line="63" working-directory="/cassis-verif/data/cbmc/proofs"/>
  <basic_block_lines>
    <line file="/cassis-verif/data/cbmc/proofs/drive_create_linear_model/drive_create_linear_model_harness.c" function="harness">63,64,66,68,69,71</line>
  </basic_block_lines>
</goal>

<goal description="block 2 (lines /cassis-verif/data/cbmc/proofs/drive_create_linear_model/drive_create_linear_model_harness.c:harness:71-73,75)" id="harness.coverage.2" status="SATISFIED">
  <location file="/cassis-verif/data/cbmc/proofs/drive_create_linear_model/drive_create_linear_model_harness.c" function="harness" line="71" working-directory="/cassis-verif/data/cbmc/proofs"/>
  <basic_block_lines>
    <line file="/cassis-verif/data/cbmc/proofs/drive_create_linear_model/drive_create_linear_model_harness.c" function="harness">71-73,75</line>
  </basic_block_lines>
</goal>

<goal description="block 3 (lines /cassis-verif/data/cbmc/proofs/drive_create_linear_model/drive_create_linear_model_harness.c:harness:75,76,78)" id="harness.coverage.3" status="SATISFIED">
  <location file="/cassis-verif/data/cbmc/proofs/drive_create_linear_model/drive_create_linear_model_harness.c" function="harness" line="75" working-directory="/cassis-verif/data/cbmc/proofs"/>
  <basic_block_lines>
    <line file="/cassis-verif/data/cbmc/proofs/drive_create_linear_model/drive_create_linear_model_harness.c" function="harness">75,76,78</line>
  </basic_block_lines>
</goal>

<goal description="block 4 (lines /cassis-verif/data/cbmc/proofs/drive_create_linear_model/drive_create_linear_model_harness.c:harness:80,81,83)" id="harness.coverage.4" status="SATISFIED">
  <location file="/cassis-verif/data/cbmc/proofs/drive_create_linear_model/drive_create_linear_model_harness.c" function="harness" line="80" working-directory="/cassis-verif/data/cbmc/proofs"/>
  <basic_block_lines>
    <line file="/cassis-verif/data/cbmc/proofs/drive_create_linear_model/drive_create_linear_model_harness.c" function="harness">80,81,83</line>
  </basic_block_lines>
</goal>

<goal description="block 5 (lines /cassis-verif/data/cbmc/proofs/drive_create_linear_model/drive_create_linear_model_harness.c:harness:84-88)" id="harness.coverage.5" status="SATISFIED">
  <location file="/cassis-verif/data/cbmc/proofs/drive_create_linear_model/drive_create_linear_model_harness.c" function="harness" line="84" working-directory="/cassis-verif/data/cbmc/proofs"/>
  <basic_block_lines>
    <line file="/cassis-verif/data/cbmc/proofs/drive_create_linear_model/drive_create_linear_model_harness.c" function="harness">84-88</line>
  </basic_block_lines>
</goal>

<goal description="block 6 (lines /cassis-verif/data/cbmc/proofs/drive_create_linear_model/drive_create_linear_model_harness.c:harness:90-94,96,97,99,100,102,104,105,107,108,110,112,115)" id="harness.coverage.6" status="SATISFIED">
  <location file="/cassis-verif/data/cbmc/proofs/drive_create_linear_model/drive_create_linear_model_harness.c" function="harness" line="90" working-directory="/cassis-verif/data/cbmc/proofs"/>
  <basic_block_lines>
    <line file="/cassis-verif/data/cbmc/proofs/drive_create_linear_model/drive_create_linear_model_harness.c" function="harness">90-94,96,97,99,100,102,104,105,107,108,110,112,115</line>
  </basic_block_lines>
</goal>

<goal description="block 7 (lines /cassis-verif/data/cbmc/proofs/drive_create_linear_model/drive_create_linear_model_harness.c:harness:117)" id="harness.coverage.7" status="SATISFIED">
  <location file="/cassis-verif/data/cbmc/proofs/drive_create_linear_model/drive_create_linear_model_harness.c" function="harness" line="117" working-directory="/cassis-verif/data/cbmc/proofs"/>
  <basic_block_lines>
    <line file="/cassis-verif/data/cbmc/proofs/drive_create_linear_model/drive_create_linear_model_harness.c" function="harness">117</line>
  </basic_block_lines>
</goal>

<goal description="block 1 (lines /cassis-verif/data/src/helpers/rotation_drive_model.c:drive_create_linear_model:21,22,28)" id="drive_create_linear_model.coverage.1" status="SATISFIED">
  <location file="/cassis-verif/data/src/helpers/rotation_drive_model.c" function="drive_create_linear_model" line="21" working-directory="/cassis-verif/data/cbmc/proofs"/>
  <basic_block_lines>
    <line file="/cassis-verif/data/src/helpers/rotation_drive_model.c" function="drive_create_linear_model">21,22,28</line>
  </basic_block_lines>
</goal>

<goal description="block 2 (lines /cassis-verif/data/src/helpers/rotation_drive_model.c:drive_create_linear_model:28,29,32,34)" id="drive_create_linear_model.coverage.2" status="SATISFIED">
  <location file="/cassis-verif/data/src/helpers/rotation_drive_model.c" function="drive_create_linear_model" line="28" working-directory="/cassis-verif/data/cbmc/proofs"/>
  <basic_block_lines>
    <line file="/cassis-verif/data/src/helpers/rotation_drive_model.c" function="drive_create_linear_model">28,29,32,34</line>
  </basic_block_lines>
</goal>

<goal description="block 3 (lines /cassis-verif/data/src/helpers/rotation_drive_model.c:drive_create_linear_model:37,38)" id="drive_create_linear_model.coverage.3" status="SATISFIED">
  <location file="/cassis-verif/data/src/helpers/rotation_drive_model.c" function="drive_create_linear_model" line="37" working-directory="/cassis-verif/data/cbmc/proofs"/>
  <basic_block_lines>
    <line file="/cassis-verif/data/src/helpers/rotation_drive_model.c" function="drive_create_linear_model">37,38</line>
  </basic_block_lines>
</goal>

<goal description="block 4 (lines /cassis-verif/data/src/helpers/rotation_drive_model.c:drive_create_linear_model:41,43,44,47-49)" id="drive_create_linear_model.coverage.4" status="SATISFIED">
  <location file="/cassis-verif/data/src/helpers/rotation_drive_model.c" function="drive_create_linear_model" line="41" working-directory="/cassis-verif/data/cbmc/proofs"/>
  <basic_block_lines>
    <line file="/cassis-verif/data/src/helpers/rotation_drive_model.c" function="drive_create_linear_model">41,43,44,47-49</line>
  </basic_block_lines>
</goal>

<goal description="block 1 (lines /cassis-verif/data/cbmc/proofs/drive_create_linear_model/drive_create_linear_model_harness.c:__builtin_sqrt:31,32,34)" id="__builtin_sqrt.coverage.1" status="SATISFIED">
  <location file="/cassis-verif/data/cbmc/proofs/drive_create_linear_model/drive_create_linear_model_harness.c" function="__builtin_sqrt" line="31" working-directory="/cassis-verif/data/cbmc/proofs"/>
  <basic_block_lines>
    <line file="/cassis-verif/data/cbmc/proofs/drive_create_linear_model/drive_create_linear_model_harness.c" function="__builtin_sqrt">31,32,34</line>
  </basic_block_lines>
</goal>

<goal description="block 2 (lines /cassis-verif/data/cbmc/proofs/drive_create_linear_model/drive_create_linear_model_harness.c:__builtin_sqrt:35)" id="__builtin_sqrt.coverage.2" status="SATISFIED">
  <location file="/cassis-verif/data/cbmc/proofs/drive_create_linear_model/drive_create_linear_model_harness.c" function="__builtin_sqrt" line="35" working-directory="/cassis-verif/data/cbmc/proofs"/>
  <basic_block_lines>
    <line file="/cassis-verif/data/cbmc/proofs/drive_create_linear_model/drive_create_linear_model_harness.c" function="__builtin_sqrt">35</line>
  </basic_block_lines>
</goal>

<goal description="block 3 (lines /cassis-verif/data/cbmc/proofs/drive_create_linear_model/drive_create_linear_model_harness.c:__builtin_sqrt:38-41)" id="__builtin_sqrt.coverage.3" status="SATISFIED">
  <location file="/cassis-verif/data/cbmc/proofs/drive_create_linear_model/drive_create_linear_model_harness.c" function="__builtin_sqrt" line="38" working-directory="/cassis-verif/data/cbmc/proofs"/>
  <basic_block_lines>
    <line file="/cassis-verif/data/cbmc/proofs/drive_create_linear_model/drive_create_linear_model_harness.c" function="__builtin_sqrt">38-41</line>
  </basic_block_lines>
</goal>

<goal description="block 4 (lines /cassis-verif/data/cbmc/proofs/drive_create_linear_model/drive_create_linear_model_harness.c:__builtin_sqrt:42)" id="__builtin_sqrt.coverage.4" status="SATISFIED">
  <location file="/cassis-verif/data/cbmc/proofs/drive_create_linear_model/drive_create_linear_model_harness.c" function="__builtin_sqrt" line="42" working-directory="/cassis-verif/data/cbmc/proofs"/>
  <basic_block_lines>
    <line file="/cassis-verif/data/cbmc/proofs/drive_create_linear_model/drive_create_linear_model_harness.c" function="__builtin_sqrt">42</line>
  </basic_block_lines>
</goal>

<goal description="block 1 (lines /cassis-verif/data/src/include/helpers/rotation_drive_model.h:drive_speed_to_sps:152,153)" id="drive_speed_to_sps.coverage.1" status="SATISFIED">
  <location file="/cassis-verif/data/src/include/helpers/rotation_drive_model.h" function="drive_speed_to_sps" line="152" working-directory="/cassis-verif/data/cbmc/proofs"/>
  <basic_block_lines>
    <line file="/cassis-verif/data/src/include/helpers/rotation_drive_model.h" function="drive_speed_to_sps">152,153</line>
  </basic_block_lines>
</goal>

<message type="STATUS-MESSAGE">
  <text>** 16 of 16 covered (100.0%)</text>
</message>

<message type="STATUS-MESSAGE">
  <text>** Used 4 iterations</text>
</message>

</cprover>

