<?xml version="1.0" encoding="UTF-8"?>
<cprover>
<program>CBMC 5.95.1 (cbmc-5.95.1)</program>
<message type="WARNING">
  <text>**** WARNING: Use --unwinding-assertions to obtain sound verification results</text>
</message>

<message type="STATUS-MESSAGE">
  <text>CBMC version 5.95.1 (cbmc-5.95.1) 64-bit x86_64 linux</text>
</message>

<message type="STATUS-MESSAGE">
  <text>Reading GOTO program from file /cassis-verif/data/cbmc/proofs/gds_persist_ptables/gotos/gds_persist_ptables_harness.goto</text>
</message>

<message type="STATUS-MESSAGE">
  <text>Generating GOTO Program</text>
</message>

<message type="STATUS-MESSAGE">
  <text>Adding CPROVER library (x86_64)</text>
</message>

<message type="STATUS-MESSAGE">
  <text>Removal of function pointers and virtual functions</text>
</message>

<message type="STATUS-MESSAGE">
  <text>Generic Property Instrumentation</text>
</message>

<message type="STATUS-MESSAGE">
  <text>Rewriting existing assertions as assumptions</text>
</message>

<message type="STATUS-MESSAGE">
  <text>Running with 8 object bits, 56 offset bits (user-specified)</text>
</message>

<message type="STATUS-MESSAGE">
  <text>Starting Bounded Model Checking</text>
</message>

<message type="STATUS-MESSAGE">
  <text>Runtime Symex: 0.00022238s</text>
</message>

<message type="STATUS-MESSAGE">
  <text>size of program expression: 17 steps</text>
</message>

<message type="STATUS-MESSAGE">
  <text>Generated 1 VCC(s), 1 remaining after simplification</text>
</message>

<message type="STATUS-MESSAGE">
  <text>Runtime Postprocess Equation: 1.013e-05s</text>
</message>

<message type="STATUS-MESSAGE">
  <text>Passing problem to propositional reduction</text>
</message>

<message type="STATUS-MESSAGE">
  <text>converting SSA</text>
</message>

<message type="STATUS-MESSAGE">
  <text>Runtime Convert SSA: 5.695e-05s</text>
</message>

<message type="STATUS-MESSAGE">
  <text>Running propositional reduction</text>
</message>

<message type="STATUS-MESSAGE">
  <text>Post-processing</text>
</message>

<message type="STATUS-MESSAGE">
  <text>Runtime Post-process: 9.36e-06s</text>
</message>

<message type="STATUS-MESSAGE">
  <text>Solving with MiniSAT 2.2.1 with simplifier</text>
</message>

<message type="STATUS-MESSAGE">
  <text>0 variables, 0 clauses</text>
</message>

<message type="STATUS-MESSAGE">
  <text>SAT checker: instance is SATISFIABLE</text>
</message>

<message type="STATUS-MESSAGE">
  <text>Runtime Solver: 4.696e-05s</text>
</message>

<message type="STATUS-MESSAGE">
  <text>Runtime decision procedure: 0.00013715s</text>
</message>

<goal description="block 1 (lines /cassis-verif/data/cbmc/proofs/gds_persist_ptables/gds_persist_ptables_harness.c:harness:73)" id="harness.coverage.1" status="SATISFIED">
  <location file="/cassis-verif/data/cbmc/proofs/gds_persist_ptables/gds_persist_ptables_harness.c" function="harness" line="73" working-directory="/cassis-verif/data/cbmc/proofs"/>
  <basic_block_lines>
    <line file="/cassis-verif/data/cbmc/proofs/gds_persist_ptables/gds_persist_ptables_harness.c" function="harness">73</line>
  </basic_block_lines>
</goal>

<message type="STATUS-MESSAGE">
  <text>** 1 of 1 covered (100.0%)</text>
</message>

<message type="STATUS-MESSAGE">
  <text>** Used 2 iterations</text>
</message>

</cprover>

