<?xml version="1.0" encoding="UTF-8"?>
<cprover>
<program>CBMC 5.95.1 (cbmc-5.95.1)</program>
<message type="STATUS-MESSAGE">
  <text>CBMC version 5.95.1 (cbmc-5.95.1) 64-bit x86_64 linux</text>
</message>

<message type="STATUS-MESSAGE">
  <text>Reading GOTO program from file /cassis-verif/data/cbmc/proofs/gds_persist_ptables/gotos/gds_persist_ptables_harness.goto</text>
</message>

<message type="STATUS-MESSAGE">
  <text>Generating GOTO Program</text>
</message>

<message type="STATUS-MESSAGE">
  <text>Adding CPROVER library (x86_64)</text>
</message>

<message type="STATUS-MESSAGE">
  <text>Removal of function pointers and virtual functions</text>
</message>

<message type="STATUS-MESSAGE">
  <text>Generic Property Instrumentation</text>
</message>

<message type="STATUS-MESSAGE">
  <text>Running with 8 object bits, 56 offset bits (user-specified)</text>
</message>

</cprover>

