{
  "viewer-trace": {
    "traces": {
      "check_md5_digest.pointer_dereference.11": [
        {
          "detail": {
            "location": {
              "file": "<built-in-additions>",
              "function": null,
              "line": 24
            },
            "name": "__CPROVER_initialize",
            "name-path": "__CPROVER_initialize"
          },
          "hidden": true,
          "kind": "function-call",
          "location": {
            "file": "MISSING",
            "function": "MISSING",
            "line": 0
          }
        },
        {
          "detail": {
            "location": {
              "file": "<built-in-additions>",
              "function": null,
              "line": 24
            },
            "name": "__CPROVER_initialize",
            "name-path": "__CPROVER_initialize"
          },
          "hidden": true,
          "kind": "function-return",
          "location": {
            "file": "MISSING",
            "function": "MISSING",
            "line": 0
          }
        },
        {
          "detail": {
            "location": {
              "file": "cbmc/proofs/check_md5_digest/check_md5_digest_harness.c",
              "function": null,
              "line": 26
            },
            "name": "harness",
            "name-path": "harness"
          },
          "hidden": false,
          "kind": "function-call",
          "location": {
            "file": "cbmc/proofs/check_md5_digest/check_md5_digest_harness.c",
            "function": null,
            "line": 26
          }
        },
        {
          "detail": {
            "lhs": "d1",
            "lhs-lexical-scope": "harness::1::d1",
            "rhs-binary": null,
            "rhs-value": "{ 0, 0, 0, 0, 0, 0, 0, 0, 0, 0, 0, 0, 0, 0, 0, 0 }"
          },
          "hidden": false,
          "kind": "variable-assignment",
          "location": {
            "file": "cbmc/proofs/check_md5_digest/check_md5_digest_harness.c",
            "function": "harness",
            "line": 31
          }
        },
        {
          "detail": {
            "lhs": "d1",
            "lhs-lexical-scope": "harness::1::d1",
            "rhs-binary": null,
            "rhs-value": "{ 0, 0, 0, 0, 0, 0, 0, 0, 0, 0, 0, 0, 0, 0, 0, 0 }"
          },
          "hidden": false,
          "kind": "variable-assignment",
          "location": {
            "file": "cbmc/proofs/check_md5_digest/check_md5_digest_harness.c",
            "function": "harness",
            "line": 32
          }
        },
        {
          "detail": {
            "lhs": "d1[0l]",
            "lhs-lexical-scope": "harness::1::d1",
            "rhs-binary": "00000000",
            "rhs-value": "0"
          },
          "hidden": false,
          "kind": "variable-assignment",
          "location": {
            "file": "cbmc/proofs/check_md5_digest/check_md5_digest_harness.c",
            "function": "harness",
            "line": 32
          }
        },
        {
          "detail": {
            "lhs": "d1[1l]",
            "lhs-lexical-scope": "harness::1::d1",
            "rhs-binary": "00000000",
            "rhs-value": "0"
          },
          "hidden": false,
          "kind": "variable-assignment",
          "location": {
            "file": "cbmc/proofs/check_md5_digest/check_md5_digest_harness.c",
            "function": "harness",
            "line": 32
          }
        },
        {
          "detail": {
            "lhs": "d1[2l]",
            "lhs-lexical-scope": "harness::1::d1",
            "rhs-binary": "00000000",
            "rhs-value": "0"
          },
          "hidden": false,
          "kind": "variable-assignment",
          "location": {
            "file": "cbmc/proofs/check_md5_digest/check_md5_digest_harness.c",
            "function": "harness",
            "line": 32
          }
        },
        {
          "detail": {
            "lhs": "d1[3l]",
            "lhs-lexical-scope": "harness::1::d1",
            "rhs-binary": "00000000",
            "rhs-value": "0"
          },
          "hidden": false,
          "kind": "variable-assignment",
          "location": {
            "file": "cbmc/proofs/check_md5_digest/check_md5_digest_harness.c",
            "function": "harness",
            "line": 32
          }
        },
        {
          "detail": {
            "lhs": "d1[4l]",
            "lhs-lexical-scope": "harness::1::d1",
            "rhs-binary": "00000000",
            "rhs-value": "0"
          },
          "hidden": false,
          "kind": "variable-assignment",
          "location": {
            "file": "cbmc/proofs/check_md5_digest/check_md5_digest_harness.c",
            "function": "harness",
            "line": 32
          }
        },
        {
          "detail": {
            "lhs": "d1[5l]",
            "lhs-lexical-scope": "harness::1::d1",
            "rhs-binary": "00000000",
            "rhs-value": "0"
          },
          "hidden": false,
          "kind": "variable-assignment",
          "location": {
            "file": "cbmc/proofs/check_md5_digest/check_md5_digest_harness.c",
            "function": "harness",
            "line": 32
          }
        },
        {
          "detail": {
            "lhs": "d1[6l]",
            "lhs-lexical-scope": "harness::1::d1",
            "rhs-binary": "00000000",
            "rhs-value": "0"
          },
          "hidden": false,
          "kind": "variable-assignment",
          "location": {
            "file": "cbmc/proofs/check_md5_digest/check_md5_digest_harness.c",
            "function": "harness",
            "line": 32
          }
        },
        {
          "detail": {
            "lhs": "d1[7l]",
            "lhs-lexical-scope": "harness::1::d1",
            "rhs-binary": "00000000",
            "rhs-value": "0"
          },
          "hidden": false,
          "kind": "variable-assignment",
          "location": {
            "file": "cbmc/proofs/check_md5_digest/check_md5_digest_harness.c",
            "function": "harness",
            "line": 32
          }
        },
        {
          "detail": {
            "lhs": "d1[8l]",
            "lhs-lexical-scope": "harness::1::d1",
            "rhs-binary": "00000000",
            "rhs-value": "0"
          },
          "hidden": false,
          "kind": "variable-assignment",
          "location": {
            "file": "cbmc/proofs/check_md5_digest/check_md5_digest_harness.c",
            "function": "harness",
            "line": 32
          }
        },
        {
          "detail": {
            "lhs": "d1[9l]",
            "lhs-lexical-scope": "harness::1::d1",
            "rhs-binary": "00000000",
            "rhs-value": "0"
          },
          "hidden": false,
          "kind": "variable-assignment",
          "location": {
            "file": "cbmc/proofs/check_md5_digest/check_md5_digest_harness.c",
            "function": "harness",
            "line": 32
          }
        },
        {
          "detail": {
            "lhs": "d1[10l]",
            "lhs-lexical-scope": "harness::1::d1",
            "rhs-binary": "00000000",
            "rhs-value": "0"
          },
          "hidden": false,
          "kind": "variable-assignment",
          "location": {
            "file": "cbmc/proofs/check_md5_digest/check_md5_digest_harness.c",
            "function": "harness",
            "line": 32
          }
        },
        {
          "detail": {
            "lhs": "d1[11l]",
            "lhs-lexical-scope": "harness::1::d1",
            "rhs-binary": "00000000",
            "rhs-value": "0"
          },
          "hidden": false,
          "kind": "variable-assignment",
          "location": {
            "file": "cbmc/proofs/check_md5_digest/check_md5_digest_harness.c",
            "function": "harness",
            "line": 32
          }
        },
        {
          "detail": {
            "lhs": "d1[12l]",
            "lhs-lexical-scope": "harness::1::d1",
            "rhs-binary": "00000000",
            "rhs-value": "0"
          },
          "hidden": false,
          "kind": "variable-assignment",
          "location": {
            "file": "cbmc/proofs/check_md5_digest/check_md5_digest_harness.c",
            "function": "harness",
            "line": 32
          }
        },
        {
          "detail": {
            "lhs": "d1[13l]",
            "lhs-lexical-scope": "harness::1::d1",
            "rhs-binary": "00000000",
            "rhs-value": "0"
          },
          "hidden": false,
          "kind": "variable-assignment",
          "location": {
            "file": "cbmc/proofs/check_md5_digest/check_md5_digest_harness.c",
            "function": "harness",
            "line": 32
          }
        },
        {
          "detail": {
            "lhs": "d1[14l]",
            "lhs-lexical-scope": "harness::1::d1",
            "rhs-binary": "00000000",
            "rhs-value": "0"
          },
          "hidden": false,
          "kind": "variable-assignment",
          "location": {
            "file": "cbmc/proofs/check_md5_digest/check_md5_digest_harness.c",
            "function": "harness",
            "line": 32
          }
        },
        {
          "detail": {
            "lhs": "d1[15l]",
            "lhs-lexical-scope": "harness::1::d1",
            "rhs-binary": "00000000",
            "rhs-value": "0"
          },
          "hidden": false,
          "kind": "variable-assignment",
          "location": {
            "file": "cbmc/proofs/check_md5_digest/check_md5_digest_harness.c",
            "function": "harness",
            "line": 32
          }
        },
        {
          "detail": {
            "lhs": "d2",
            "lhs-lexical-scope": "harness::1::d2",
            "rhs-binary": null,
            "rhs-value": "{ 0, 0, 0, 0, 0, 0, 0, 0, 0, 0, 0, 0, 0, 0, 0, 0 }"
          },
          "hidden": false,
          "kind": "variable-assignment",
          "location": {
            "file": "cbmc/proofs/check_md5_digest/check_md5_digest_harness.c",
            "function": "harness",
            "line": 34
          }
        },
        {
          "detail": {
            "lhs": "d2",
            "lhs-lexical-scope": "harness::1::d2",
            "rhs-binary": null,
            "rhs-value": "{ 0, 0, 0, 0, 0, 0, 0, 0, 0, 0, 0, 0, 0, 0, 0, 0 }"
          },
          "hidden": false,
          "kind": "variable-assignment",
          "location": {
            "file": "cbmc/proofs/check_md5_digest/check_md5_digest_harness.c",
            "function": "harness",
            "line": 35
          }
        },
        {
          "detail": {
            "lhs": "d2[0l]",
            "lhs-lexical-scope": "harness::1::d2",
            "rhs-binary": "00000000",
            "rhs-value": "0"
          },
          "hidden": false,
          "kind": "variable-assignment",
          "location": {
            "file": "cbmc/proofs/check_md5_digest/check_md5_digest_harness.c",
            "function": "harness",
            "line": 35
          }
        },
        {
          "detail": {
            "lhs": "d2[1l]",
            "lhs-lexical-scope": "harness::1::d2",
            "rhs-binary": "00000000",
            "rhs-value": "0"
          },
          "hidden": false,
          "kind": "variable-assignment",
          "location": {
            "file": "cbmc/proofs/check_md5_digest/check_md5_digest_harness.c",
            "function": "harness",
            "line": 35
          }
        },
        {
          "detail": {
            "lhs": "d2[2l]",
            "lhs-lexical-scope": "harness::1::d2",
            "rhs-binary": "00000000",
            "rhs-value": "0"
          },
          "hidden": false,
          "kind": "variable-assignment",
          "location": {
            "file": "cbmc/proofs/check_md5_digest/check_md5_digest_harness.c",
            "function": "harness",
            "line": 35
          }
        },
        {
          "detail": {
            "lhs": "d2[3l]",
            "lhs-lexical-scope": "harness::1::d2",
            "rhs-binary": "00000000",
            "rhs-value": "0"
          },
          "hidden": false,
          "kind": "variable-assignment",
          "location": {
            "file": "cbmc/proofs/check_md5_digest/check_md5_digest_harness.c",
            "function": "harness",
            "line": 35
          }
        },
        {
          "detail": {
            "lhs": "d2[4l]",
            "lhs-lexical-scope": "harness::1::d2",
            "rhs-binary": "00000000",
            "rhs-value": "0"
          },
          "hidden": false,
          "kind": "variable-assignment",
          "location": {
            "file": "cbmc/proofs/check_md5_digest/check_md5_digest_harness.c",
            "function": "harness",
            "line": 35
          }
        },
        {
          "detail": {
            "lhs": "d2[5l]",
            "lhs-lexical-scope": "harness::1::d2",
            "rhs-binary": "00000000",
            "rhs-value": "0"
          },
          "hidden": false,
          "kind": "variable-assignment",
          "location": {
            "file": "cbmc/proofs/check_md5_digest/check_md5_digest_harness.c",
            "function": "harness",
            "line": 35
          }
        },
        {
          "detail": {
            "lhs": "d2[6l]",
            "lhs-lexical-scope": "harness::1::d2",
            "rhs-binary": "00000000",
            "rhs-value": "0"
          },
          "hidden": false,
          "kind": "variable-assignment",
          "location": {
            "file": "cbmc/proofs/check_md5_digest/check_md5_digest_harness.c",
            "function": "harness",
            "line": 35
          }
        },
        {
          "detail": {
            "lhs": "d2[7l]",
            "lhs-lexical-scope": "harness::1::d2",
            "rhs-binary": "00000000",
            "rhs-value": "0"
          },
          "hidden": false,
          "kind": "variable-assignment",
          "location": {
            "file": "cbmc/proofs/check_md5_digest/check_md5_digest_harness.c",
            "function": "harness",
            "line": 35
          }
        },
        {
          "detail": {
            "lhs": "d2[8l]",
            "lhs-lexical-scope": "harness::1::d2",
            "rhs-binary": "00000000",
            "rhs-value": "0"
          },
          "hidden": false,
          "kind": "variable-assignment",
          "location": {
            "file": "cbmc/proofs/check_md5_digest/check_md5_digest_harness.c",
            "function": "harness",
            "line": 35
          }
        },
        {
          "detail": {
            "lhs": "d2[9l]",
            "lhs-lexical-scope": "harness::1::d2",
            "rhs-binary": "00000000",
            "rhs-value": "0"
          },
          "hidden": false,
          "kind": "variable-assignment",
          "location": {
            "file": "cbmc/proofs/check_md5_digest/check_md5_digest_harness.c",
            "function": "harness",
            "line": 35
          }
        },
        {
          "detail": {
            "lhs": "d2[10l]",
            "lhs-lexical-scope": "harness::1::d2",
            "rhs-binary": "00000000",
            "rhs-value": "0"
          },
          "hidden": false,
          "kind": "variable-assignment",
          "location": {
            "file": "cbmc/proofs/check_md5_digest/check_md5_digest_harness.c",
            "function": "harness",
            "line": 35
          }
        },
        {
          "detail": {
            "lhs": "d2[11l]",
            "lhs-lexical-scope": "harness::1::d2",
            "rhs-binary": "00000000",
            "rhs-value": "0"
          },
          "hidden": false,
          "kind": "variable-assignment",
          "location": {
            "file": "cbmc/proofs/check_md5_digest/check_md5_digest_harness.c",
            "function": "harness",
            "line": 35
          }
        },
        {
          "detail": {
            "lhs": "d2[12l]",
            "lhs-lexical-scope": "harness::1::d2",
            "rhs-binary": "00000000",
            "rhs-value": "0"
          },
          "hidden": false,
          "kind": "variable-assignment",
          "location": {
            "file": "cbmc/proofs/check_md5_digest/check_md5_digest_harness.c",
            "function": "harness",
            "line": 35
          }
        },
        {
          "detail": {
            "lhs": "d2[13l]",
            "lhs-lexical-scope": "harness::1::d2",
            "rhs-binary": "00000000",
            "rhs-value": "0"
          },
          "hidden": false,
          "kind": "variable-assignment",
          "location": {
            "file": "cbmc/proofs/check_md5_digest/check_md5_digest_harness.c",
            "function": "harness",
            "line": 35
          }
        },
        {
          "detail": {
            "lhs": "d2[14l]",
            "lhs-lexical-scope": "harness::1::d2",
            "rhs-binary": "00000000",
            "rhs-value": "0"
          },
          "hidden": false,
          "kind": "variable-assignment",
          "location": {
            "file": "cbmc/proofs/check_md5_digest/check_md5_digest_harness.c",
            "function": "harness",
            "line": 35
          }
        },
        {
          "detail": {
            "lhs": "d2[15l]",
            "lhs-lexical-scope": "harness::1::d2",
            "rhs-binary": "00000000",
            "rhs-value": "0"
          },
          "hidden": false,
          "kind": "variable-assignment",
          "location": {
            "file": "cbmc/proofs/check_md5_digest/check_md5_digest_harness.c",
            "function": "harness",
            "line": 35
          }
        },
        {
          "detail": {
            "location": {
              "file": "src/helpers/cassis_utilities.c",
              "function": null,
              "line": 180
            },
            "name": "check_md5_digest",
            "name-path": "check_md5_digest"
          },
          "hidden": false,
          "kind": "function-call",
          "location": {
            "file": "cbmc/proofs/check_md5_digest/check_md5_digest_harness.c",
            "function": "harness",
            "line": 37
          }
        },
        {
          "detail": {
            "lhs": "d1",
            "lhs-lexical-scope": "check_md5_digest::d1",
            "rhs-binary": null,
            "rhs-value": "d1!0@1"
          },
          "hidden": false,
          "kind": "parameter-assignment",
          "location": {
            "file": "cbmc/proofs/check_md5_digest/check_md5_digest_harness.c",
            "function": "harness",
            "line": 37
          }
        },
        {
          "detail": {
            "lhs": "d2",
            "lhs-lexical-scope": "check_md5_digest::d2",
            "rhs-binary": null,
            "rhs-value": "d2!0@1"
          },
          "hidden": false,
          "kind": "parameter-assignment",
          "location": {
            "file": "cbmc/proofs/check_md5_digest/check_md5_digest_harness.c",
            "function": "harness",
            "line": 37
          }
        },
        {
          "detail": {
            "lhs": "i",
            "lhs-lexical-scope": "check_md5_digest::1::i",
            "rhs-binary": "00000000 00000000 00000000 00000000",
            "rhs-value": "0"
          },
          "hidden": false,
          "kind": "variable-assignment",
          "location": {
            "file": "src/helpers/cassis_utilities.c",
            "function": "check_md5_digest",
            "line": 181
          }
        },
        {
          "detail": {
            "lhs": "i",
            "lhs-lexical-scope": "check_md5_digest::1::i",
            "rhs-binary": "00000000 00000000 00000000 00000001",
            "rhs-value": "1"
          },
          "hidden": false,
          "kind": "variable-assignment",
          "location": {
            "file": "src/helpers/cassis_utilities.c",
            "function": "check_md5_digest",
            "line": 183
          }
        },
        {
          "detail": {
            "lhs": "i",
            "lhs-lexical-scope": "check_md5_digest::1::i",
            "rhs-binary": "00000000 00000000 00000000 00000010",
            "rhs-value": "2"
          },
          "hidden": false,
          "kind": "variable-assignment",
          "location": {
            "file": "src/helpers/cassis_utilities.c",
            "function": "check_md5_digest",
            "line": 183
          }
        },
        {
          "detail": {
            "lhs": "i",
            "lhs-lexical-scope": "check_md5_digest::1::i",
            "rhs-binary": "00000000 00000000 00000000 00000011",
            "rhs-value": "3"
          },
          "hidden": false,
          "kind": "variable-assignment",
          "location": {
            "file": "src/helpers/cassis_utilities.c",
            "function": "check_md5_digest",
            "line": 183
          }
        },
        {
          "detail": {
            "lhs": "i",
            "lhs-lexical-scope": "check_md5_digest::1::i",
            "rhs-binary": "00000000 00000000 00000000 00000100",
            "rhs-value": "4"
          },
          "hidden": false,
          "kind": "variable-assignment",
          "location": {
            "file": "src/helpers/cassis_utilities.c",
            "function": "check_md5_digest",
            "line": 183
          }
        },
        {
          "detail": {
            "lhs": "i",
            "lhs-lexical-scope": "check_md5_digest::1::i",
            "rhs-binary": "00000000 00000000 00000000 00000101",
            "rhs-value": "5"
          },
          "hidden": false,
          "kind": "variable-assignment",
          "location": {
            "file": "src/helpers/cassis_utilities.c",
            "function": "check_md5_digest",
            "line": 183
          }
        },
        {
          "detail": {
            "lhs": "i",
            "lhs-lexical-scope": "check_md5_digest::1::i",
            "rhs-binary": "00000000 00000000 00000000 00000110",
            "rhs-value": "6"
          },
          "hidden": false,
          "kind": "variable-assignment",
          "location": {
            "file": "src/helpers/cassis_utilities.c",
            "function": "check_md5_digest",
            "line": 183
          }
        },
        {
          "detail": {
            "lhs": "i",
            "lhs-lexical-scope": "check_md5_digest::1::i",
            "rhs-binary": "00000000 00000000 00000000 00000111",
            "rhs-value": "7"
          },
          "hidden": false,
          "kind": "variable-assignment",
          "location": {
            "file": "src/helpers/cassis_utilities.c",
            "function": "check_md5_digest",
            "line": 183
          }
        },
        {
          "detail": {
            "lhs": "i",
            "lhs-lexical-scope": "check_md5_digest::1::i",
            "rhs-binary": "00000000 00000000 00000000 00001000",
            "rhs-value": "8"
          },
          "hidden": false,
          "kind": "variable-assignment",
          "location": {
            "file": "src/helpers/cassis_utilities.c",
            "function": "check_md5_digest",
            "line": 183
          }
        },
        {
          "detail": {
            "lhs": "i",
            "lhs-lexical-scope": "check_md5_digest::1::i",
            "rhs-binary": "00000000 00000000 00000000 00001001",
            "rhs-value": "9"
          },
          "hidden": false,
          "kind": "variable-assignment",
          "location": {
            "file": "src/helpers/cassis_utilities.c",
            "function": "check_md5_digest",
            "line": 183
          }
        },
        {
          "detail": {
            "lhs": "i",
            "lhs-lexical-scope": "check_md5_digest::1::i",
            "rhs-binary": "00000000 00000000 00000000 00001010",
            "rhs-value": "10"
          },
          "hidden": false,
          "kind": "variable-assignment",
          "location": {
            "file": "src/helpers/cassis_utilities.c",
            "function": "check_md5_digest",
            "line": 183
          }
        },
        {
          "detail": {
            "lhs": "i",
            "lhs-lexical-scope": "check_md5_digest::1::i",
            "rhs-binary": "00000000 00000000 00000000 00001011",
            "rhs-value": "11"
          },
          "hidden": false,
          "kind": "variable-assignment",
          "location": {
            "file": "src/helpers/cassis_utilities.c",
            "function": "check_md5_digest",
            "line": 183
          }
        },
        {
          "detail": {
            "lhs": "i",
            "lhs-lexical-scope": "check_md5_digest::1::i",
            "rhs-binary": "00000000 00000000 00000000 00001100",
            "rhs-value": "12"
          },
          "hidden": false,
          "kind": "variable-assignment",
          "location": {
            "file": "src/helpers/cassis_utilities.c",
            "function": "check_md5_digest",
            "line": 183
          }
        },
        {
          "detail": {
            "lhs": "i",
            "lhs-lexical-scope": "check_md5_digest::1::i",
            "rhs-binary": "00000000 00000000 00000000 00001101",
            "rhs-value": "13"
          },
          "hidden": false,
          "kind": "variable-assignment",
          "location": {
            "file": "src/helpers/cassis_utilities.c",
            "function": "check_md5_digest",
            "line": 183
          }
        },
        {
          "detail": {
            "lhs": "i",
            "lhs-lexical-scope": "check_md5_digest::1::i",
            "rhs-binary": "00000000 00000000 00000000 00001110",
            "rhs-value": "14"
          },
          "hidden": false,
          "kind": "variable-assignment",
          "location": {
            "file": "src/helpers/cassis_utilities.c",
            "function": "check_md5_digest",
            "line": 183
          }
        },
        {
          "detail": {
            "lhs": "i",
            "lhs-lexical-scope": "check_md5_digest::1::i",
            "rhs-binary": "00000000 00000000 00000000 00001111",
            "rhs-value": "15"
          },
          "hidden": false,
          "kind": "variable-assignment",
          "location": {
            "file": "src/helpers/cassis_utilities.c",
            "function": "check_md5_digest",
            "line": 183
          }
        },
        {
          "detail": {
            "lhs": "i",
            "lhs-lexical-scope": "check_md5_digest::1::i",
            "rhs-binary": "00000000 00000000 00000000 00010000",
            "rhs-value": "16"
          },
          "hidden": false,
          "kind": "variable-assignment",
          "location": {
            "file": "src/helpers/cassis_utilities.c",
            "function": "check_md5_digest",
            "line": 183
          }
        },
        {
          "detail": {
            "property": "check_md5_digest.pointer_dereference.5",
            "reason": "dereference failure: pointer outside object bounds in d1[(signed long int)i]"
          },
          "hidden": false,
          "kind": "failure",
          "location": {
            "file": "src/helpers/cassis_utilities.c",
            "function": "check_md5_digest",
            "line": 183
          }
        },
        {
          "detail": {
            "property": "check_md5_digest.pointer_dereference.11",
            "reason": "dereference failure: pointer outside object bounds in d2[(signed long int)i]"
          },
          "hidden": false,
          "kind": "failure",
          "location": {
            "file": "src/helpers/cassis_utilities.c",
            "function": "check_md5_digest",
            "line": 183
          }
        },
        {
          "detail": {
            "location": {
              "file": "src/helpers/cassis_utilities.c",
              "function": null,
              "line": 180
            },
            "name": "check_md5_digest",
            "name-path": "check_md5_digest"
          },
          "hidden": true,
          "kind": "function-return",
          "location": {
            "file": "src/helpers/cassis_utilities.c",
            "function": "check_md5_digest",
            "line": 183
          }
        },
        {
          "detail": {
            "location": {
              "file": "cbmc/proofs/check_md5_digest/check_md5_digest_harness.c",
              "function": null,
              "line": 26
            },
            "name": "harness",
            "name-path": "harness"
          },
          "hidden": true,
          "kind": "function-return",
          "location": {
            "file": "src/helpers/cassis_utilities.c",
            "function": "check_md5_digest",
            "line": 183
          }
        }
      ],
      "check_md5_digest.pointer_dereference.5": [
        {
          "detail": {
            "location": {
              "file": "<built-in-additions>",
              "function": null,
              "line": 24
            },
            "name": "__CPROVER_initialize",
            "name-path": "__CPROVER_initialize"
          },
          "hidden": true,
          "kind": "function-call",
          "location": {
            "file": "MISSING",
            "function": "MISSING",
            "line": 0
          }
        },
        {
          "detail": {
            "location": {
              "file": "<built-in-additions>",
              "function": null,
              "line": 24
            },
            "name": "__CPROVER_initialize",
            "name-path": "__CPROVER_initialize"
          },
          "hidden": true,
          "kind": "function-return",
          "location": {
            "file": "MISSING",
            "function": "MISSING",
            "line": 0
          }
        },
        {
          "detail": {
            "location": {
              "file": "cbmc/proofs/check_md5_digest/check_md5_digest_harness.c",
              "function": null,
              "line": 26
            },
            "name": "harness",
            "name-path": "harness"
          },
          "hidden": false,
          "kind": "function-call",
          "location": {
            "file": "cbmc/proofs/check_md5_digest/check_md5_digest_harness.c",
            "function": null,
            "line": 26
          }
        },
        {
          "detail": {
            "lhs": "d1",
            "lhs-lexical-scope": "harness::1::d1",
            "rhs-binary": null,
            "rhs-value": "{ 0, 0, 0, 0, 0, 0, 0, 0, 0, 0, 0, 0, 0, 0, 0, 0 }"
          },
          "hidden": false,
          "kind": "variable-assignment",
          "location": {
            "file": "cbmc/proofs/check_md5_digest/check_md5_digest_harness.c",
            "function": "harness",
            "line": 31
          }
        },
        {
          "detail": {
            "lhs": "d1",
            "lhs-lexical-scope": "harness::1::d1",
            "rhs-binary": null,
            "rhs-value": "{ 0, 0, 0, 0, 0, 0, 0, 0, 0, 0, 0, 0, 0, 0, 0, 0 }"
          },
          "hidden": false,
          "kind": "variable-assignment",
          "location": {
            "file": "cbmc/proofs/check_md5_digest/check_md5_digest_harness.c",
            "function": "harness",
            "line": 32
          }
        },
        {
          "detail": {
            "lhs": "d1[0l]",
            "lhs-lexical-scope": "harness::1::d1",
            "rhs-binary": "00000000",
            "rhs-value": "0"
          },
          "hidden": false,
          "kind": "variable-assignment",
          "location": {
            "file": "cbmc/proofs/check_md5_digest/check_md5_digest_harness.c",
            "function": "harness",
            "line": 32
          }
        },
        {
          "detail": {
            "lhs": "d1[1l]",
            "lhs-lexical-scope": "harness::1::d1",
            "rhs-binary": "00000000",
            "rhs-value": "0"
          },
          "hidden": false,
          "kind": "variable-assignment",
          "location": {
            "file": "cbmc/proofs/check_md5_digest/check_md5_digest_harness.c",
            "function": "harness",
            "line": 32
          }
        },
        {
          "detail": {
            "lhs": "d1[2l]",
            "lhs-lexical-scope": "harness::1::d1",
            "rhs-binary": "00000000",
            "rhs-value": "0"
          },
          "hidden": false,
          "kind": "variable-assignment",
          "location": {
            "file": "cbmc/proofs/check_md5_digest/check_md5_digest_harness.c",
            "function": "harness",
            "line": 32
          }
        },
        {
          "detail": {
            "lhs": "d1[3l]",
            "lhs-lexical-scope": "harness::1::d1",
            "rhs-binary": "00000000",
            "rhs-value": "0"
          },
          "hidden": false,
          "kind": "variable-assignment",
          "location": {
            "file": "cbmc/proofs/check_md5_digest/check_md5_digest_harness.c",
            "function": "harness",
            "line": 32
          }
        },
        {
          "detail": {
            "lhs": "d1[4l]",
            "lhs-lexical-scope": "harness::1::d1",
            "rhs-binary": "00000000",
            "rhs-value": "0"
          },
          "hidden": false,
          "kind": "variable-assignment",
          "location": {
            "file": "cbmc/proofs/check_md5_digest/check_md5_digest_harness.c",
            "function": "harness",
            "line": 32
          }
        },
        {
          "detail": {
            "lhs": "d1[5l]",
            "lhs-lexical-scope": "harness::1::d1",
            "rhs-binary": "00000000",
            "rhs-value": "0"
          },
          "hidden": false,
          "kind": "variable-assignment",
          "location": {
            "file": "cbmc/proofs/check_md5_digest/check_md5_digest_harness.c",
            "function": "harness",
            "line": 32
          }
        },
        {
          "detail": {
            "lhs": "d1[6l]",
            "lhs-lexical-scope": "harness::1::d1",
            "rhs-binary": "00000000",
            "rhs-value": "0"
          },
          "hidden": false,
          "kind": "variable-assignment",
          "location": {
            "file": "cbmc/proofs/check_md5_digest/check_md5_digest_harness.c",
            "function": "harness",
            "line": 32
          }
        },
        {
          "detail": {
            "lhs": "d1[7l]",
            "lhs-lexical-scope": "harness::1::d1",
            "rhs-binary": "00000000",
            "rhs-value": "0"
          },
          "hidden": false,
          "kind": "variable-assignment",
          "location": {
            "file": "cbmc/proofs/check_md5_digest/check_md5_digest_harness.c",
            "function": "harness",
            "line": 32
          }
        },
        {
          "detail": {
            "lhs": "d1[8l]",
            "lhs-lexical-scope": "harness::1::d1",
            "rhs-binary": "00000000",
            "rhs-value": "0"
          },
          "hidden": false,
          "kind": "variable-assignment",
          "location": {
            "file": "cbmc/proofs/check_md5_digest/check_md5_digest_harness.c",
            "function": "harness",
            "line": 32
          }
        },
        {
          "detail": {
            "lhs": "d1[9l]",
            "lhs-lexical-scope": "harness::1::d1",
            "rhs-binary": "00000000",
            "rhs-value": "0"
          },
          "hidden": false,
          "kind": "variable-assignment",
          "location": {
            "file": "cbmc/proofs/check_md5_digest/check_md5_digest_harness.c",
            "function": "harness",
            "line": 32
          }
        },
        {
          "detail": {
            "lhs": "d1[10l]",
            "lhs-lexical-scope": "harness::1::d1",
            "rhs-binary": "00000000",
            "rhs-value": "0"
          },
          "hidden": false,
          "kind": "variable-assignment",
          "location": {
            "file": "cbmc/proofs/check_md5_digest/check_md5_digest_harness.c",
            "function": "harness",
            "line": 32
          }
        },
        {
          "detail": {
            "lhs": "d1[11l]",
            "lhs-lexical-scope": "harness::1::d1",
            "rhs-binary": "00000000",
            "rhs-value": "0"
          },
          "hidden": false,
          "kind": "variable-assignment",
          "location": {
            "file": "cbmc/proofs/check_md5_digest/check_md5_digest_harness.c",
            "function": "harness",
            "line": 32
          }
        },
        {
          "detail": {
            "lhs": "d1[12l]",
            "lhs-lexical-scope": "harness::1::d1",
            "rhs-binary": "00000000",
            "rhs-value": "0"
          },
          "hidden": false,
          "kind": "variable-assignment",
          "location": {
            "file": "cbmc/proofs/check_md5_digest/check_md5_digest_harness.c",
            "function": "harness",
            "line": 32
          }
        },
        {
          "detail": {
            "lhs": "d1[13l]",
            "lhs-lexical-scope": "harness::1::d1",
            "rhs-binary": "00000000",
            "rhs-value": "0"
          },
          "hidden": false,
          "kind": "variable-assignment",
          "location": {
            "file": "cbmc/proofs/check_md5_digest/check_md5_digest_harness.c",
            "function": "harness",
            "line": 32
          }
        },
        {
          "detail": {
            "lhs": "d1[14l]",
            "lhs-lexical-scope": "harness::1::d1",
            "rhs-binary": "00000000",
            "rhs-value": "0"
          },
          "hidden": false,
          "kind": "variable-assignment",
          "location": {
            "file": "cbmc/proofs/check_md5_digest/check_md5_digest_harness.c",
            "function": "harness",
            "line": 32
          }
        },
        {
          "detail": {
            "lhs": "d1[15l]",
            "lhs-lexical-scope": "harness::1::d1",
            "rhs-binary": "00000000",
            "rhs-value": "0"
          },
          "hidden": false,
          "kind": "variable-assignment",
          "location": {
            "file": "cbmc/proofs/check_md5_digest/check_md5_digest_harness.c",
            "function": "harness",
            "line": 32
          }
        },
        {
          "detail": {
            "lhs": "d2",
            "lhs-lexical-scope": "harness::1::d2",
            "rhs-binary": null,
            "rhs-value": "{ 0, 0, 0, 0, 0, 0, 0, 0, 0, 0, 0, 0, 0, 0, 0, 0 }"
          },
          "hidden": false,
          "kind": "variable-assignment",
          "location": {
            "file": "cbmc/proofs/check_md5_digest/check_md5_digest_harness.c",
            "function": "harness",
            "line": 34
          }
        },
        {
          "detail": {
            "lhs": "d2",
            "lhs-lexical-scope": "harness::1::d2",
            "rhs-binary": null,
            "rhs-value": "{ 0, 0, 0, 0, 0, 0, 0, 0, 0, 0, 0, 0, 0, 0, 0, 0 }"
          },
          "hidden": false,
          "kind": "variable-assignment",
          "location": {
            "file": "cbmc/proofs/check_md5_digest/check_md5_digest_harness.c",
            "function": "harness",
            "line": 35
          }
        },
        {
          "detail": {
            "lhs": "d2[0l]",
            "lhs-lexical-scope": "harness::1::d2",
            "rhs-binary": "00000000",
            "rhs-value": "0"
          },
          "hidden": false,
          "kind": "variable-assignment",
          "location": {
            "file": "cbmc/proofs/check_md5_digest/check_md5_digest_harness.c",
            "function": "harness",
            "line": 35
          }
        },
        {
          "detail": {
            "lhs": "d2[1l]",
            "lhs-lexical-scope": "harness::1::d2",
            "rhs-binary": "00000000",
            "rhs-value": "0"
          },
          "hidden": false,
          "kind": "variable-assignment",
          "location": {
            "file": "cbmc/proofs/check_md5_digest/check_md5_digest_harness.c",
            "function": "harness",
            "line": 35
          }
        },
        {
          "detail": {
            "lhs": "d2[2l]",
            "lhs-lexical-scope": "harness::1::d2",
            "rhs-binary": "00000000",
            "rhs-value": "0"
          },
          "hidden": false,
          "kind": "variable-assignment",
          "location": {
            "file": "cbmc/proofs/check_md5_digest/check_md5_digest_harness.c",
            "function": "harness",
            "line": 35
          }
        },
        {
          "detail": {
            "lhs": "d2[3l]",
            "lhs-lexical-scope": "harness::1::d2",
            "rhs-binary": "00000000",
            "rhs-value": "0"
          },
          "hidden": false,
          "kind": "variable-assignment",
          "location": {
            "file": "cbmc/proofs/check_md5_digest/check_md5_digest_harness.c",
            "function": "harness",
            "line": 35
          }
        },
        {
          "detail": {
            "lhs": "d2[4l]",
            "lhs-lexical-scope": "harness::1::d2",
            "rhs-binary": "00000000",
            "rhs-value": "0"
          },
          "hidden": false,
          "kind": "variable-assignment",
          "location": {
            "file": "cbmc/proofs/check_md5_digest/check_md5_digest_harness.c",
            "function": "harness",
            "line": 35
          }
        },
        {
          "detail": {
            "lhs": "d2[5l]",
            "lhs-lexical-scope": "harness::1::d2",
            "rhs-binary": "00000000",
            "rhs-value": "0"
          },
          "hidden": false,
          "kind": "variable-assignment",
          "location": {
            "file": "cbmc/proofs/check_md5_digest/check_md5_digest_harness.c",
            "function": "harness",
            "line": 35
          }
        },
        {
          "detail": {
            "lhs": "d2[6l]",
            "lhs-lexical-scope": "harness::1::d2",
            "rhs-binary": "00000000",
            "rhs-value": "0"
          },
          "hidden": false,
          "kind": "variable-assignment",
          "location": {
            "file": "cbmc/proofs/check_md5_digest/check_md5_digest_harness.c",
            "function": "harness",
            "line": 35
          }
        },
        {
          "detail": {
            "lhs": "d2[7l]",
            "lhs-lexical-scope": "harness::1::d2",
            "rhs-binary": "00000000",
            "rhs-value": "0"
          },
          "hidden": false,
          "kind": "variable-assignment",
          "location": {
            "file": "cbmc/proofs/check_md5_digest/check_md5_digest_harness.c",
            "function": "harness",
            "line": 35
          }
        },
        {
          "detail": {
            "lhs": "d2[8l]",
            "lhs-lexical-scope": "harness::1::d2",
            "rhs-binary": "00000000",
            "rhs-value": "0"
          },
          "hidden": false,
          "kind": "variable-assignment",
          "location": {
            "file": "cbmc/proofs/check_md5_digest/check_md5_digest_harness.c",
            "function": "harness",
            "line": 35
          }
        },
        {
          "detail": {
            "lhs": "d2[9l]",
            "lhs-lexical-scope": "harness::1::d2",
            "rhs-binary": "00000000",
            "rhs-value": "0"
          },
          "hidden": false,
          "kind": "variable-assignment",
          "location": {
            "file": "cbmc/proofs/check_md5_digest/check_md5_digest_harness.c",
            "function": "harness",
            "line": 35
          }
        },
        {
          "detail": {
            "lhs": "d2[10l]",
            "lhs-lexical-scope": "harness::1::d2",
            "rhs-binary": "00000000",
            "rhs-value": "0"
          },
          "hidden": false,
          "kind": "variable-assignment",
          "location": {
            "file": "cbmc/proofs/check_md5_digest/check_md5_digest_harness.c",
            "function": "harness",
            "line": 35
          }
        },
        {
          "detail": {
            "lhs": "d2[11l]",
            "lhs-lexical-scope": "harness::1::d2",
            "rhs-binary": "00000000",
            "rhs-value": "0"
          },
          "hidden": false,
          "kind": "variable-assignment",
          "location": {
            "file": "cbmc/proofs/check_md5_digest/check_md5_digest_harness.c",
            "function": "harness",
            "line": 35
          }
        },
        {
          "detail": {
            "lhs": "d2[12l]",
            "lhs-lexical-scope": "harness::1::d2",
            "rhs-binary": "00000000",
            "rhs-value": "0"
          },
          "hidden": false,
          "kind": "variable-assignment",
          "location": {
            "file": "cbmc/proofs/check_md5_digest/check_md5_digest_harness.c",
            "function": "harness",
            "line": 35
          }
        },
        {
          "detail": {
            "lhs": "d2[13l]",
            "lhs-lexical-scope": "harness::1::d2",
            "rhs-binary": "00000000",
            "rhs-value": "0"
          },
          "hidden": false,
          "kind": "variable-assignment",
          "location": {
            "file": "cbmc/proofs/check_md5_digest/check_md5_digest_harness.c",
            "function": "harness",
            "line": 35
          }
        },
        {
          "detail": {
            "lhs": "d2[14l]",
            "lhs-lexical-scope": "harness::1::d2",
            "rhs-binary": "00000000",
            "rhs-value": "0"
          },
          "hidden": false,
          "kind": "variable-assignment",
          "location": {
            "file": "cbmc/proofs/check_md5_digest/check_md5_digest_harness.c",
            "function": "harness",
            "line": 35
          }
        },
        {
          "detail": {
            "lhs": "d2[15l]",
            "lhs-lexical-scope": "harness::1::d2",
            "rhs-binary": "00000000",
            "rhs-value": "0"
          },
          "hidden": false,
          "kind": "variable-assignment",
          "location": {
            "file": "cbmc/proofs/check_md5_digest/check_md5_digest_harness.c",
            "function": "harness",
            "line": 35
          }
        },
        {
          "detail": {
            "location": {
              "file": "src/helpers/cassis_utilities.c",
              "function": null,
              "line": 180
            },
            "name": "check_md5_digest",
            "name-path": "check_md5_digest"
          },
          "hidden": false,
          "kind": "function-call",
          "location": {
            "file": "cbmc/proofs/check_md5_digest/check_md5_digest_harness.c",
            "function": "harness",
            "line": 37
          }
        },
        {
          "detail": {
            "lhs": "d1",
            "lhs-lexical-scope": "check_md5_digest::d1",
            "rhs-binary": null,
            "rhs-value": "d1!0@1"
          },
          "hidden": false,
          "kind": "parameter-assignment",
          "location": {
            "file": "cbmc/proofs/check_md5_digest/check_md5_digest_harness.c",
            "function": "harness",
            "line": 37
          }
        },
        {
          "detail": {
            "lhs": "d2",
            "lhs-lexical-scope": "check_md5_digest::d2",
            "rhs-binary": null,
            "rhs-value": "d2!0@1"
          },
          "hidden": false,
          "kind": "parameter-assignment",
          "location": {
            "file": "cbmc/proofs/check_md5_digest/check_md5_digest_harness.c",
            "function": "harness",
            "line": 37
          }
        },
        {
          "detail": {
            "lhs": "i",
            "lhs-lexical-scope": "check_md5_digest::1::i",
            "rhs-binary": "00000000 00000000 00000000 00000000",
            "rhs-value": "0"
          },
          "hidden": false,
          "kind": "variable-assignment",
          "location": {
            "file": "src/helpers/cassis_utilities.c",
            "function": "check_md5_digest",
            "line": 181
          }
        },
        {
          "detail": {
            "lhs": "i",
            "lhs-lexical-scope": "check_md5_digest::1::i",
            "rhs-binary": "00000000 00000000 00000000 00000001",
            "rhs-value": "1"
          },
          "hidden": false,
          "kind": "variable-assignment",
          "location": {
            "file": "src/helpers/cassis_utilities.c",
            "function": "check_md5_digest",
            "line": 183
          }
        },
        {
          "detail": {
            "lhs": "i",
            "lhs-lexical-scope": "check_md5_digest::1::i",
            "rhs-binary": "00000000 00000000 00000000 00000010",
            "rhs-value": "2"
          },
          "hidden": false,
          "kind": "variable-assignment",
          "location": {
            "file": "src/helpers/cassis_utilities.c",
            "function": "check_md5_digest",
            "line": 183
          }
        },
        {
          "detail": {
            "lhs": "i",
            "lhs-lexical-scope": "check_md5_digest::1::i",
            "rhs-binary": "00000000 00000000 00000000 00000011",
            "rhs-value": "3"
          },
          "hidden": false,
          "kind": "variable-assignment",
          "location": {
            "file": "src/helpers/cassis_utilities.c",
            "function": "check_md5_digest",
            "line": 183
          }
        },
        {
          "detail": {
            "lhs": "i",
            "lhs-lexical-scope": "check_md5_digest::1::i",
            "rhs-binary": "00000000 00000000 00000000 00000100",
            "rhs-value": "4"
          },
          "hidden": false,
          "kind": "variable-assignment",
          "location": {
            "file": "src/helpers/cassis_utilities.c",
            "function": "check_md5_digest",
            "line": 183
          }
        },
        {
          "detail": {
            "lhs": "i",
            "lhs-lexical-scope": "check_md5_digest::1::i",
            "rhs-binary": "00000000 00000000 00000000 00000101",
            "rhs-value": "5"
          },
          "hidden": false,
          "kind": "variable-assignment",
          "location": {
            "file": "src/helpers/cassis_utilities.c",
            "function": "check_md5_digest",
            "line": 183
          }
        },
        {
          "detail": {
            "lhs": "i",
            "lhs-lexical-scope": "check_md5_digest::1::i",
            "rhs-binary": "00000000 00000000 00000000 00000110",
            "rhs-value": "6"
          },
          "hidden": false,
          "kind": "variable-assignment",
          "location": {
            "file": "src/helpers/cassis_utilities.c",
            "function": "check_md5_digest",
            "line": 183
          }
        },
        {
          "detail": {
            "lhs": "i",
            "lhs-lexical-scope": "check_md5_digest::1::i",
            "rhs-binary": "00000000 00000000 00000000 00000111",
            "rhs-value": "7"
          },
          "hidden": false,
          "kind": "variable-assignment",
          "location": {
            "file": "src/helpers/cassis_utilities.c",
            "function": "check_md5_digest",
            "line": 183
          }
        },
        {
          "detail": {
            "lhs": "i",
            "lhs-lexical-scope": "check_md5_digest::1::i",
            "rhs-binary": "00000000 00000000 00000000 00001000",
            "rhs-value": "8"
          },
          "hidden": false,
          "kind": "variable-assignment",
          "location": {
            "file": "src/helpers/cassis_utilities.c",
            "function": "check_md5_digest",
            "line": 183
          }
        },
        {
          "detail": {
            "lhs": "i",
            "lhs-lexical-scope": "check_md5_digest::1::i",
            "rhs-binary": "00000000 00000000 00000000 00001001",
            "rhs-value": "9"
          },
          "hidden": false,
          "kind": "variable-assignment",
          "location": {
            "file": "src/helpers/cassis_utilities.c",
            "function": "check_md5_digest",
            "line": 183
          }
        },
        {
          "detail": {
            "lhs": "i",
            "lhs-lexical-scope": "check_md5_digest::1::i",
            "rhs-binary": "00000000 00000000 00000000 00001010",
            "rhs-value": "10"
          },
          "hidden": false,
          "kind": "variable-assignment",
          "location": {
            "file": "src/helpers/cassis_utilities.c",
            "function": "check_md5_digest",
            "line": 183
          }
        },
        {
          "detail": {
            "lhs": "i",
            "lhs-lexical-scope": "check_md5_digest::1::i",
            "rhs-binary": "00000000 00000000 00000000 00001011",
            "rhs-value": "11"
          },
          "hidden": false,
          "kind": "variable-assignment",
          "location": {
            "file": "src/helpers/cassis_utilities.c",
            "function": "check_md5_digest",
            "line": 183
          }
        },
        {
          "detail": {
            "lhs": "i",
            "lhs-lexical-scope": "check_md5_digest::1::i",
            "rhs-binary": "00000000 00000000 00000000 00001100",
            "rhs-value": "12"
          },
          "hidden": false,
          "kind": "variable-assignment",
          "location": {
            "file": "src/helpers/cassis_utilities.c",
            "function": "check_md5_digest",
            "line": 183
          }
        },
        {
          "detail": {
            "lhs": "i",
            "lhs-lexical-scope": "check_md5_digest::1::i",
            "rhs-binary": "00000000 00000000 00000000 00001101",
            "rhs-value": "13"
          },
          "hidden": false,
          "kind": "variable-assignment",
          "location": {
            "file": "src/helpers/cassis_utilities.c",
            "function": "check_md5_digest",
            "line": 183
          }
        },
        {
          "detail": {
            "lhs": "i",
            "lhs-lexical-scope": "check_md5_digest::1::i",
            "rhs-binary": "00000000 00000000 00000000 00001110",
            "rhs-value": "14"
          },
          "hidden": false,
          "kind": "variable-assignment",
          "location": {
            "file": "src/helpers/cassis_utilities.c",
            "function": "check_md5_digest",
            "line": 183
          }
        },
        {
          "detail": {
            "lhs": "i",
            "lhs-lexical-scope": "check_md5_digest::1::i",
            "rhs-binary": "00000000 00000000 00000000 00001111",
            "rhs-value": "15"
          },
          "hidden": false,
          "kind": "variable-assignment",
          "location": {
            "file": "src/helpers/cassis_utilities.c",
            "function": "check_md5_digest",
            "line": 183
          }
        },
        {
          "detail": {
            "lhs": "i",
            "lhs-lexical-scope": "check_md5_digest::1::i",
            "rhs-binary": "00000000 00000000 00000000 00010000",
            "rhs-value": "16"
          },
          "hidden": false,
          "kind": "variable-assignment",
          "location": {
            "file": "src/helpers/cassis_utilities.c",
            "function": "check_md5_digest",
            "line": 183
          }
        },
        {
          "detail": {
            "property": "check_md5_digest.pointer_dereference.5",
            "reason": "dereference failure: pointer outside object bounds in d1[(signed long int)i]"
          },
          "hidden": false,
          "kind": "failure",
          "location": {
            "file": "src/helpers/cassis_utilities.c",
            "function": "check_md5_digest",
            "line": 183
          }
        },
        {
          "detail": {
            "location": {
              "file": "src/helpers/cassis_utilities.c",
              "function": null,
              "line": 180
            },
            "name": "check_md5_digest",
            "name-path": "check_md5_digest"
          },
          "hidden": true,
          "kind": "function-return",
          "location": {
            "file": "src/helpers/cassis_utilities.c",
            "function": "check_md5_digest",
            "line": 183
          }
        },
        {
          "detail": {
            "location": {
              "file": "cbmc/proofs/check_md5_digest/check_md5_digest_harness.c",
              "function": null,
              "line": 26
            },
            "name": "harness",
            "name-path": "harness"
          },
          "hidden": true,
          "kind": "function-return",
          "location": {
            "file": "src/helpers/cassis_utilities.c",
            "function": "check_md5_digest",
            "line": 183
          }
        }
      ]
    }
  }
}
