{
  "viewer-property": {
    "properties": {
      "check_md5_digest.overflow.1": {
        "class": "overflow",
        "description": "arithmetic overflow on signed + in i + 1",
        "expression": "!overflow(\"+\", signed int, i, 1)",
        "location": {
          "file": "src/helpers/cassis_utilities.c",
          "function": "check_md5_digest",
          "line": 183
        }
      },
      "check_md5_digest.overflow.2": {
        "class": "overflow",
        "description": "arithmetic overflow on signed - in i - 16",
        "expression": "!overflow(\"-\", signed int, i, 16)",
        "location": {
          "file": "src/helpers/cassis_utilities.c",
          "function": "check_md5_digest",
          "line": 185
        }
      },
      "check_md5_digest.pointer_arithmetic.1": {
        "class": "pointer arithmetic",
        "description": "pointer arithmetic: pointer NULL in d1 + (signed long int)i",
        "expression": "TRUE ==> !(__CPROVER_POINTER_OBJECT(((unsigned char *)NULL)) == __CPROVER_POINTER_OBJECT(d1))",
        "location": {
          "file": "src/helpers/cassis_utilities.c",
          "function": "check_md5_digest",
          "line": 183
        }
      },
      "check_md5_digest.pointer_arithmetic.10": {
        "class": "pointer arithmetic",
        "description": "pointer arithmetic: dead object in d2 + (signed long int)i",
        "expression": "TRUE ==> !(__CPROVER_POINTER_OBJECT(d2) == __CPROVER_POINTER_OBJECT(__CPROVER_dead_object))",
        "location": {
          "file": "src/helpers/cassis_utilities.c",
          "function": "check_md5_digest",
          "line": 183
        }
      },
      "check_md5_digest.pointer_arithmetic.11": {
        "class": "pointer arithmetic",
        "description": "pointer arithmetic: pointer outside object bounds in d2 + (signed long int)i",
        "expression": "TRUE ==> (unsigned __CPROVER_bitvector[65])__CPROVER_OBJECT_SIZE(d2) >= (unsigned __CPROVER_bitvector[65])(__CPROVER_POINTER_OFFSET(d2) + (unsigned long int)(signed long int)i)",
        "location": {
          "file": "src/helpers/cassis_utilities.c",
          "function": "check_md5_digest",
          "line": 183
        }
      },
      "check_md5_digest.pointer_arithmetic.12": {
        "class": "pointer arithmetic",
        "description": "pointer arithmetic: invalid integer address in d2 + (signed long int)i",
        "expression": "TRUE ==> !(__CPROVER_POINTER_OBJECT(((unsigned char *)NULL)) == __CPROVER_POINTER_OBJECT(d2)) || d2 + (signed long int)i == ((unsigned char *)NULL)",
        "location": {
          "file": "src/helpers/cassis_utilities.c",
          "function": "check_md5_digest",
          "line": 183
        }
      },
      "check_md5_digest.pointer_arithmetic.2": {
        "class": "pointer arithmetic",
        "description": "pointer arithmetic: pointer invalid in d1 + (signed long int)i",
        "expression": "TRUE ==> !IS_INVALID_POINTER(d1)",
        "location": {
          "file": "src/helpers/cassis_utilities.c",
          "function": "check_md5_digest",
          "line": 183
        }
      },
      "check_md5_digest.pointer_arithmetic.3": {
        "class": "pointer arithmetic",
        "description": "pointer arithmetic: deallocated dynamic object in d1 + (signed long int)i",
        "expression": "TRUE ==> !(__CPROVER_POINTER_OBJECT(d1) == __CPROVER_POINTER_OBJECT(__CPROVER_deallocated))",
        "location": {
          "file": "src/helpers/cassis_utilities.c",
          "function": "check_md5_digest",
          "line": 183
        }
      },
      "check_md5_digest.pointer_arithmetic.4": {
        "class": "pointer arithmetic",
        "description": "pointer arithmetic: dead object in d1 + (signed long int)i",
        "expression": "TRUE ==> !(__CPROVER_POINTER_OBJECT(d1) == __CPROVER_POINTER_OBJECT(__CPROVER_dead_object))",
        "location": {
          "file": "src/helpers/cassis_utilities.c",
          "function": "check_md5_digest",
          "line": 183
        }
      },
      "check_md5_digest.pointer_arithmetic.5": {
        "class": "pointer arithmetic",
        "description": "pointer arithmetic: pointer outside object bounds in d1 + (signed long int)i",
        "expression": "TRUE ==> (unsigned __CPROVER_bitvector[65])__CPROVER_OBJECT_SIZE(d1) >= (unsigned __CPROVER_bitvector[65])(__CPROVER_POINTER_OFFSET(d1) + (unsigned long int)(signed long int)i)",
        "location": {
          "file": "src/helpers/cassis_utilities.c",
          "function": "check_md5_digest",
          "line": 183
        }
      },
      "check_md5_digest.pointer_arithmetic.6": {
        "class": "pointer arithmetic",
        "description": "pointer arithmetic: invalid integer address in d1 + (signed long int)i",
        "expression": "TRUE ==> !(__CPROVER_POINTER_OBJECT(((unsigned char *)NULL)) == __CPROVER_POINTER_OBJECT(d1)) || d1 + (signed long int)i == ((unsigned char *)NULL)",
        "location": {
          "file": "src/helpers/cassis_utilities.c",
          "function": "check_md5_digest",
          "line": 183
        }
      },
      "check_md5_digest.pointer_arithmetic.7": {
        "class": "pointer arithmetic",
        "description": "pointer arithmetic: pointer NULL in d2 + (signed long int)i",
        "expression": "TRUE ==> !(__CPROVER_POINTER_OBJECT(((unsigned char *)NULL)) == __CPROVER_POINTER_OBJECT(d2))",
        "location": {
          "file": "src/helpers/cassis_utilities.c",
          "function": "check_md5_digest",
          "line": 183
        }
      },
      "check_md5_digest.pointer_arithmetic.8": {
        "class": "pointer arithmetic",
        "description": "pointer arithmetic: pointer invalid in d2 + (signed long int)i",
        "expression": "TRUE ==> !IS_INVALID_POINTER(d2)",
        "location": {
          "file": "src/helpers/cassis_utilities.c",
          "function": "check_md5_digest",
          "line": 183
        }
      },
      "check_md5_digest.pointer_arithmetic.9": {
        "class": "pointer arithmetic",
        "description": "pointer arithmetic: deallocated dynamic object in d2 + (signed long int)i",
        "expression": "TRUE ==> !(__CPROVER_POINTER_OBJECT(d2) == __CPROVER_POINTER_OBJECT(__CPROVER_deallocated))",
        "location": {
          "file": "src/helpers/cassis_utilities.c",
          "function": "check_md5_digest",
          "line": 183
        }
      },
      "check_md5_digest.pointer_dereference.1": {
        "class": "pointer dereference",
        "description": "dereference failure: pointer NULL in d1[(signed long int)i]",
        "expression": "TRUE ==> !(__CPROVER_POINTER_OBJECT(((unsigned char *)NULL)) == __CPROVER_POINTER_OBJECT(d1))",
        "location": {
          "file": "src/helpers/cassis_utilities.c",
          "function": "check_md5_digest",
          "line": 183
        }
      },
      "check_md5_digest.pointer_dereference.10": {
        "class": "pointer dereference",
        "description": "dereference failure: dead object in d2[(signed long int)i]",
        "expression": "TRUE ==> !(__CPROVER_POINTER_OBJECT(d2) == __CPROVER_POINTER_OBJECT(__CPROVER_dead_object))",
        "location": {
          "file": "src/helpers/cassis_utilities.c",
          "function": "check_md5_digest",
          "line": 183
        }
      },
      "check_md5_digest.pointer_dereference.11": {
        "class": "pointer dereference",
        "description": "dereference failure: pointer outside object bounds in d2[(signed long int)i]",
        "expression": "TRUE ==> (unsigned __CPROVER_bitvector[65])__CPROVER_OBJECT_SIZE(d2) >= (unsigned __CPROVER_bitvector[65])(__CPROVER_POINTER_OFFSET(d2) + (unsigned long int)(signed long int)i) + 1",
        "location": {
          "file": "src/helpers/cassis_utilities.c",
          "function": "check_md5_digest",
          "line": 183
        }
      },
      "check_md5_digest.pointer_dereference.12": {
        "class": "pointer dereference",
        "description": "dereference failure: invalid integer address in d2[(signed long int)i]",
        "expression": "TRUE ==> !(__CPROVER_POINTER_OBJECT(((unsigned char *)NULL)) == __CPROVER_POINTER_OBJECT(d2)) || d2 + (signed long int)i == ((unsigned char *)NULL)",
        "location": {
          "file": "src/helpers/cassis_utilities.c",
          "function": "check_md5_digest",
          "line": 183
        }
      },
      "check_md5_digest.pointer_dereference.2": {
        "class": "pointer dereference",
        "description": "dereference failure: pointer invalid in d1[(signed long int)i]",
        "expression": "TRUE ==> !IS_INVALID_POINTER(d1)",
        "location": {
          "file": "src/helpers/cassis_utilities.c",
          "function": "check_md5_digest",
          "line": 183
        }
      },
      "check_md5_digest.pointer_dereference.3": {
        "class": "pointer dereference",
        "description": "dereference failure: deallocated dynamic object in d1[(signed long int)i]",
        "expression": "TRUE ==> !(__CPROVER_POINTER_OBJECT(d1) == __CPROVER_POINTER_OBJECT(__CPROVER_deallocated))",
        "location": {
          "file": "src/helpers/cassis_utilities.c",
          "function": "check_md5_digest",
          "line": 183
        }
      },
      "check_md5_digest.pointer_dereference.4": {
        "class": "pointer dereference",
        "description": "dereference failure: dead object in d1[(signed long int)i]",
        "expression": "TRUE ==> !(__CPROVER_POINTER_OBJECT(d1) == __CPROVER_POINTER_OBJECT(__CPROVER_dead_object))",
        "location": {
          "file": "src/helpers/cassis_utilities.c",
          "function": "check_md5_digest",
          "line": 183
        }
      },
      "check_md5_digest.pointer_dereference.5": {
        "class": "pointer dereference",
        "description": "dereference failure: pointer outside object bounds in d1[(signed long int)i]",
        "expression": "TRUE ==> (unsigned __CPROVER_bitvector[65])__CPROVER_OBJECT_SIZE(d1) >= (unsigned __CPROVER_bitvector[65])(__CPROVER_POINTER_OFFSET(d1) + (unsigned long int)(signed long int)i) + 1",
        "location": {
          "file": "src/helpers/cassis_utilities.c",
          "function": "check_md5_digest",
          "line": 183
        }
      },
      "check_md5_digest.pointer_dereference.6": {
        "class": "pointer dereference",
        "description": "dereference failure: invalid integer address in d1[(signed long int)i]",
        "expression": "TRUE ==> !(__CPROVER_POINTER_OBJECT(((unsigned char *)NULL)) == __CPROVER_POINTER_OBJECT(d1)) || d1 + (signed long int)i == ((unsigned char *)NULL)",
        "location": {
          "file": "src/helpers/cassis_utilities.c",
          "function": "check_md5_digest",
          "line": 183
        }
      },
      "check_md5_digest.pointer_dereference.7": {
        "class": "pointer dereference",
        "description": "dereference failure: pointer NULL in d2[(signed long int)i]",
        "expression": "TRUE ==> !(__CPROVER_POINTER_OBJECT(((unsigned char *)NULL)) == __CPROVER_POINTER_OBJECT(d2))",
        "location": {
          "file": "src/helpers/cassis_utilities.c",
          "function": "check_md5_digest",
          "line": 183
        }
      },
      "check_md5_digest.pointer_dereference.8": {
        "class": "pointer dereference",
        "description": "dereference failure: pointer invalid in d2[(signed long int)i]",
        "expression": "TRUE ==> !IS_INVALID_POINTER(d2)",
        "location": {
          "file": "src/helpers/cassis_utilities.c",
          "function": "check_md5_digest",
          "line": 183
        }
      },
      "check_md5_digest.pointer_dereference.9": {
        "class": "pointer dereference",
        "description": "dereference failure: deallocated dynamic object in d2[(signed long int)i]",
        "expression": "TRUE ==> !(__CPROVER_POINTER_OBJECT(d2) == __CPROVER_POINTER_OBJECT(__CPROVER_deallocated))",
        "location": {
          "file": "src/helpers/cassis_utilities.c",
          "function": "check_md5_digest",
          "line": 183
        }
      },
      "harness.assertion.1": {
        "class": "assertion",
        "description": "assertion result == 0",
        "expression": "result == 0",
        "location": {
          "file": "cbmc/proofs/check_md5_digest/check_md5_digest_harness.c",
          "function": "harness",
          "line": 40
        }
      },
      "harness.assertion.2": {
        "class": "assertion",
        "description": "assertion result < 0",
        "expression": "result < 0",
        "location": {
          "file": "cbmc/proofs/check_md5_digest/check_md5_digest_harness.c",
          "function": "harness",
          "line": 42
        }
      }
    }
  }
}
