{
  "viewer-coverage": {
    "coverage": {
      "cbmc/proofs/check_md5_digest/check_md5_digest_harness.c": {
        "harness": {
          "31": "hit",
          "32": "hit",
          "34": "hit",
          "35": "hit",
          "37": "hit",
          "39": "hit",
          "40": "hit",
          "42": "hit",
          "44": "hit"
        }
      },
      "src/helpers/cassis_utilities.c": {
        "check_md5_digest": {
          "181": "hit",
          "183": "hit",
          "185": "hit",
          "186": "hit"
        }
      }
    },
    "function_coverage": {
      "cbmc/proofs/check_md5_digest/check_md5_digest_harness.c": {
        "harness": {
          "hit": 9,
          "percentage": 1.0,
          "total": 9
        }
      },
      "src/helpers/cassis_utilities.c": {
        "check_md5_digest": {
          "hit": 4,
          "percentage": 1.0,
          "total": 4
        }
      }
    },
    "line_coverage": {
      "cbmc/proofs/check_md5_digest/check_md5_digest_harness.c": {
        "31": "hit",
        "32": "hit",
        "34": "hit",
        "35": "hit",
        "37": "hit",
        "39": "hit",
        "40": "hit",
        "42": "hit",
        "44": "hit"
      },
      "src/helpers/cassis_utilities.c": {
        "181": "hit",
        "183": "hit",
        "185": "hit",
        "186": "hit"
      }
    },
    "overall_coverage": {
      "hit": 13,
      "percentage": 1.0,
      "total": 13
    }
  }
}
